<?xml version="1.0"?>
<gpx xmlns="http://www.topografix.com/GPX/1/1" xmlns:xsi="http://www.w3.org/2001/XMLSchema-instance" version="1.1" creator="AllTrails.com" xsi:schemaLocation="http://www.topografix.com/GPX/1/1 http://www.topografix.com/GPX/1/1/gpx.xsd">
  <metadata>
    <name><![CDATA[Knife Edge Lollypop]]></name>
    <desc><![CDATA[]]></desc>
    <link href="http://www.alltrails.com">
      <text>AllTrails, LLC</text>
    </link>
    <bounds minlat="46.42272" minlon="-121.52782" maxlat="46.6437" maxlon="-121.37242"/>
  </metadata>
  <trk>
    <name><![CDATA[Knife Edge Lollypop]]></name>
    <src>AllTrails</src>
    <trkseg>
      <trkpt lat="46.6437" lon="-121.37922">
        <ele>1344.0</ele>
      </trkpt>
      <trkpt lat="46.6437" lon="-121.37922">
        <ele>1344.0</ele>
      </trkpt>
      <trkpt lat="46.64366" lon="-121.37931">
        <ele>1344.0</ele>
      </trkpt>
      <trkpt lat="46.64364" lon="-121.37904">
        <ele>1343.2</ele>
      </trkpt>
      <trkpt lat="46.64353" lon="-121.37888">
        <ele>1343.0</ele>
      </trkpt>
      <trkpt lat="46.64335" lon="-121.37876">
        <ele>1342.0</ele>
      </trkpt>
      <trkpt lat="46.64328" lon="-121.37874">
        <ele>1341.42</ele>
      </trkpt>
      <trkpt lat="46.64297" lon="-121.37874">
        <ele>1340.0</ele>
      </trkpt>
      <trkpt lat="46.64283" lon="-121.37877">
        <ele>1339.4</ele>
      </trkpt>
      <trkpt lat="46.64264" lon="-121.37877">
        <ele>1340.33</ele>
      </trkpt>
      <trkpt lat="46.64236" lon="-121.37884">
        <ele>1350.05</ele>
      </trkpt>
      <trkpt lat="46.64215" lon="-121.37892">
        <ele>1356.08</ele>
      </trkpt>
      <trkpt lat="46.64205" lon="-121.379">
        <ele>1358.38</ele>
      </trkpt>
      <trkpt lat="46.64193" lon="-121.37912">
        <ele>1361.05</ele>
      </trkpt>
      <trkpt lat="46.64175" lon="-121.3794">
        <ele>1363.78</ele>
      </trkpt>
      <trkpt lat="46.64157" lon="-121.37956">
        <ele>1367.92</ele>
      </trkpt>
      <trkpt lat="46.64141" lon="-121.37968">
        <ele>1371.77</ele>
      </trkpt>
      <trkpt lat="46.64112" lon="-121.37996">
        <ele>1376.63</ele>
      </trkpt>
      <trkpt lat="46.64091" lon="-121.38012">
        <ele>1379.17</ele>
      </trkpt>
      <trkpt lat="46.64057" lon="-121.38043">
        <ele>1381.94</ele>
      </trkpt>
      <trkpt lat="46.6404" lon="-121.38057">
        <ele>1383.78</ele>
      </trkpt>
      <trkpt lat="46.64031" lon="-121.38067">
        <ele>1383.83</ele>
      </trkpt>
      <trkpt lat="46.6401" lon="-121.3807">
        <ele>1388.72</ele>
      </trkpt>
      <trkpt lat="46.64001" lon="-121.38073">
        <ele>1390.91</ele>
      </trkpt>
      <trkpt lat="46.63999" lon="-121.38086">
        <ele>1388.64</ele>
      </trkpt>
      <trkpt lat="46.64" lon="-121.38094">
        <ele>1386.7</ele>
      </trkpt>
      <trkpt lat="46.63993" lon="-121.38102">
        <ele>1386.48</ele>
      </trkpt>
      <trkpt lat="46.63972" lon="-121.38114">
        <ele>1390.12</ele>
      </trkpt>
      <trkpt lat="46.63953" lon="-121.38128">
        <ele>1391.49</ele>
      </trkpt>
      <trkpt lat="46.6393" lon="-121.38139">
        <ele>1393.54</ele>
      </trkpt>
      <trkpt lat="46.63919" lon="-121.3814">
        <ele>1394.63</ele>
      </trkpt>
      <trkpt lat="46.63902" lon="-121.38136">
        <ele>1397.9</ele>
      </trkpt>
      <trkpt lat="46.63876" lon="-121.38135">
        <ele>1400.81</ele>
      </trkpt>
      <trkpt lat="46.63852" lon="-121.38139">
        <ele>1402.96</ele>
      </trkpt>
      <trkpt lat="46.63835" lon="-121.38141">
        <ele>1404.36</ele>
      </trkpt>
      <trkpt lat="46.63814" lon="-121.38139">
        <ele>1408.06</ele>
      </trkpt>
      <trkpt lat="46.63804" lon="-121.38138">
        <ele>1409.28</ele>
      </trkpt>
      <trkpt lat="46.6376" lon="-121.38124">
        <ele>1416.14</ele>
      </trkpt>
      <trkpt lat="46.63734" lon="-121.38119">
        <ele>1418.26</ele>
      </trkpt>
      <trkpt lat="46.63713" lon="-121.38122">
        <ele>1418.65</ele>
      </trkpt>
      <trkpt lat="46.63707" lon="-121.38116">
        <ele>1419.94</ele>
      </trkpt>
      <trkpt lat="46.63713" lon="-121.38104">
        <ele>1421.77</ele>
      </trkpt>
      <trkpt lat="46.63724" lon="-121.38092">
        <ele>1423.12</ele>
      </trkpt>
      <trkpt lat="46.63732" lon="-121.3808">
        <ele>1424.7</ele>
      </trkpt>
      <trkpt lat="46.63758" lon="-121.38049">
        <ele>1428.55</ele>
      </trkpt>
      <trkpt lat="46.63794" lon="-121.38019">
        <ele>1431.91</ele>
      </trkpt>
      <trkpt lat="46.63806" lon="-121.38006">
        <ele>1433.66</ele>
      </trkpt>
      <trkpt lat="46.63826" lon="-121.37983">
        <ele>1436.46</ele>
      </trkpt>
      <trkpt lat="46.63835" lon="-121.37976">
        <ele>1437.0</ele>
      </trkpt>
      <trkpt lat="46.63833" lon="-121.37971">
        <ele>1438.3</ele>
      </trkpt>
      <trkpt lat="46.63827" lon="-121.37969">
        <ele>1439.38</ele>
      </trkpt>
      <trkpt lat="46.63818" lon="-121.37969">
        <ele>1440.12</ele>
      </trkpt>
      <trkpt lat="46.63813" lon="-121.37972">
        <ele>1440.03</ele>
      </trkpt>
      <trkpt lat="46.63786" lon="-121.37971">
        <ele>1441.36</ele>
      </trkpt>
      <trkpt lat="46.63746" lon="-121.37965">
        <ele>1445.21</ele>
      </trkpt>
      <trkpt lat="46.63714" lon="-121.37964">
        <ele>1448.66</ele>
      </trkpt>
      <trkpt lat="46.63698" lon="-121.37972">
        <ele>1448.66</ele>
      </trkpt>
      <trkpt lat="46.63684" lon="-121.37976">
        <ele>1449.18</ele>
      </trkpt>
      <trkpt lat="46.63669" lon="-121.37972">
        <ele>1450.8</ele>
      </trkpt>
      <trkpt lat="46.63637" lon="-121.37978">
        <ele>1450.38</ele>
      </trkpt>
      <trkpt lat="46.63629" lon="-121.37975">
        <ele>1450.75</ele>
      </trkpt>
      <trkpt lat="46.63622" lon="-121.37966">
        <ele>1452.61</ele>
      </trkpt>
      <trkpt lat="46.63606" lon="-121.37936">
        <ele>1457.32</ele>
      </trkpt>
      <trkpt lat="46.63583" lon="-121.37906">
        <ele>1461.3</ele>
      </trkpt>
      <trkpt lat="46.6356" lon="-121.37864">
        <ele>1466.69</ele>
      </trkpt>
      <trkpt lat="46.63531" lon="-121.37775">
        <ele>1476.85</ele>
      </trkpt>
      <trkpt lat="46.63515" lon="-121.37712">
        <ele>1487.9</ele>
      </trkpt>
      <trkpt lat="46.63514" lon="-121.3769">
        <ele>1491.69</ele>
      </trkpt>
      <trkpt lat="46.63513" lon="-121.37688">
        <ele>1492.3</ele>
      </trkpt>
      <trkpt lat="46.6351" lon="-121.37688">
        <ele>1493.18</ele>
      </trkpt>
      <trkpt lat="46.63504" lon="-121.37699">
        <ele>1492.93</ele>
      </trkpt>
      <trkpt lat="46.63492" lon="-121.37709">
        <ele>1494.53</ele>
      </trkpt>
      <trkpt lat="46.63471" lon="-121.37732">
        <ele>1495.33</ele>
      </trkpt>
      <trkpt lat="46.63442" lon="-121.3776">
        <ele>1497.37</ele>
      </trkpt>
      <trkpt lat="46.63418" lon="-121.37778">
        <ele>1498.66</ele>
      </trkpt>
      <trkpt lat="46.6334" lon="-121.37816">
        <ele>1503.9</ele>
      </trkpt>
      <trkpt lat="46.63321" lon="-121.37824">
        <ele>1504.36</ele>
      </trkpt>
      <trkpt lat="46.63305" lon="-121.37825">
        <ele>1506.81</ele>
      </trkpt>
      <trkpt lat="46.63294" lon="-121.37824">
        <ele>1509.27</ele>
      </trkpt>
      <trkpt lat="46.63286" lon="-121.37819">
        <ele>1512.24</ele>
      </trkpt>
      <trkpt lat="46.63288" lon="-121.37813">
        <ele>1514.4</ele>
      </trkpt>
      <trkpt lat="46.63302" lon="-121.37804">
        <ele>1515.38</ele>
      </trkpt>
      <trkpt lat="46.63314" lon="-121.37793">
        <ele>1517.24</ele>
      </trkpt>
      <trkpt lat="46.63331" lon="-121.37775">
        <ele>1520.7</ele>
      </trkpt>
      <trkpt lat="46.63356" lon="-121.37736">
        <ele>1528.64</ele>
      </trkpt>
      <trkpt lat="46.63425" lon="-121.37651">
        <ele>1540.0</ele>
      </trkpt>
      <trkpt lat="46.63437" lon="-121.37634">
        <ele>1541.27</ele>
      </trkpt>
      <trkpt lat="46.63443" lon="-121.37619">
        <ele>1541.9</ele>
      </trkpt>
      <trkpt lat="46.63452" lon="-121.37573">
        <ele>1545.97</ele>
      </trkpt>
      <trkpt lat="46.63456" lon="-121.3753">
        <ele>1551.77</ele>
      </trkpt>
      <trkpt lat="46.63453" lon="-121.37529">
        <ele>1553.24</ele>
      </trkpt>
      <trkpt lat="46.63448" lon="-121.37534">
        <ele>1554.99</ele>
      </trkpt>
      <trkpt lat="46.63434" lon="-121.37568">
        <ele>1554.82</ele>
      </trkpt>
      <trkpt lat="46.63421" lon="-121.37585">
        <ele>1556.24</ele>
      </trkpt>
      <trkpt lat="46.63405" lon="-121.37595">
        <ele>1558.19</ele>
      </trkpt>
      <trkpt lat="46.63394" lon="-121.37605">
        <ele>1558.66</ele>
      </trkpt>
      <trkpt lat="46.63388" lon="-121.37613">
        <ele>1558.78</ele>
      </trkpt>
      <trkpt lat="46.63384" lon="-121.37624">
        <ele>1557.66</ele>
      </trkpt>
      <trkpt lat="46.63377" lon="-121.3763">
        <ele>1558.5</ele>
      </trkpt>
      <trkpt lat="46.63367" lon="-121.37637">
        <ele>1559.93</ele>
      </trkpt>
      <trkpt lat="46.63359" lon="-121.3764">
        <ele>1561.1</ele>
      </trkpt>
      <trkpt lat="46.63354" lon="-121.37637">
        <ele>1562.74</ele>
      </trkpt>
      <trkpt lat="46.63364" lon="-121.37614">
        <ele>1564.06</ele>
      </trkpt>
      <trkpt lat="46.63367" lon="-121.37603">
        <ele>1565.48</ele>
      </trkpt>
      <trkpt lat="46.63383" lon="-121.37558">
        <ele>1572.74</ele>
      </trkpt>
      <trkpt lat="46.6339" lon="-121.37525">
        <ele>1577.32</ele>
      </trkpt>
      <trkpt lat="46.634" lon="-121.37462">
        <ele>1584.5</ele>
      </trkpt>
      <trkpt lat="46.63404" lon="-121.37446">
        <ele>1584.94</ele>
      </trkpt>
      <trkpt lat="46.63407" lon="-121.37415">
        <ele>1585.13</ele>
      </trkpt>
      <trkpt lat="46.63404" lon="-121.37412">
        <ele>1586.1</ele>
      </trkpt>
      <trkpt lat="46.63396" lon="-121.37416">
        <ele>1588.48</ele>
      </trkpt>
      <trkpt lat="46.63372" lon="-121.3745">
        <ele>1592.05</ele>
      </trkpt>
      <trkpt lat="46.63353" lon="-121.37467">
        <ele>1594.32</ele>
      </trkpt>
      <trkpt lat="46.63342" lon="-121.37475">
        <ele>1595.81</ele>
      </trkpt>
      <trkpt lat="46.63269" lon="-121.37501">
        <ele>1604.69</ele>
      </trkpt>
      <trkpt lat="46.63222" lon="-121.37514">
        <ele>1608.52</ele>
      </trkpt>
      <trkpt lat="46.63205" lon="-121.37516">
        <ele>1611.26</ele>
      </trkpt>
      <trkpt lat="46.63194" lon="-121.37515">
        <ele>1612.86</ele>
      </trkpt>
      <trkpt lat="46.63194" lon="-121.37509">
        <ele>1614.18</ele>
      </trkpt>
      <trkpt lat="46.63198" lon="-121.375">
        <ele>1616.23</ele>
      </trkpt>
      <trkpt lat="46.63203" lon="-121.37498">
        <ele>1615.58</ele>
      </trkpt>
      <trkpt lat="46.63206" lon="-121.37493">
        <ele>1616.02</ele>
      </trkpt>
      <trkpt lat="46.63204" lon="-121.37484">
        <ele>1618.39</ele>
      </trkpt>
      <trkpt lat="46.63198" lon="-121.37476">
        <ele>1621.42</ele>
      </trkpt>
      <trkpt lat="46.6319" lon="-121.37471">
        <ele>1624.22</ele>
      </trkpt>
      <trkpt lat="46.63182" lon="-121.37476">
        <ele>1624.73</ele>
      </trkpt>
      <trkpt lat="46.63168" lon="-121.37482">
        <ele>1625.6</ele>
      </trkpt>
      <trkpt lat="46.63125" lon="-121.37515">
        <ele>1626.26</ele>
      </trkpt>
      <trkpt lat="46.63106" lon="-121.37518">
        <ele>1628.64</ele>
      </trkpt>
      <trkpt lat="46.63093" lon="-121.37518">
        <ele>1630.07</ele>
      </trkpt>
      <trkpt lat="46.63083" lon="-121.37521">
        <ele>1630.51</ele>
      </trkpt>
      <trkpt lat="46.63077" lon="-121.37518">
        <ele>1631.8</ele>
      </trkpt>
      <trkpt lat="46.63078" lon="-121.37513">
        <ele>1632.77</ele>
      </trkpt>
      <trkpt lat="46.63083" lon="-121.37512">
        <ele>1632.44</ele>
      </trkpt>
      <trkpt lat="46.63085" lon="-121.37506">
        <ele>1633.46</ele>
      </trkpt>
      <trkpt lat="46.63084" lon="-121.375">
        <ele>1634.86</ele>
      </trkpt>
      <trkpt lat="46.63072" lon="-121.3749">
        <ele>1638.38</ele>
      </trkpt>
      <trkpt lat="46.6306" lon="-121.37486">
        <ele>1640.54</ele>
      </trkpt>
      <trkpt lat="46.63023" lon="-121.37486">
        <ele>1644.54</ele>
      </trkpt>
      <trkpt lat="46.62978" lon="-121.37493">
        <ele>1646.04</ele>
      </trkpt>
      <trkpt lat="46.62946" lon="-121.37507">
        <ele>1645.24</ele>
      </trkpt>
      <trkpt lat="46.62932" lon="-121.37507">
        <ele>1645.24</ele>
      </trkpt>
      <trkpt lat="46.62916" lon="-121.375">
        <ele>1646.07</ele>
      </trkpt>
      <trkpt lat="46.62899" lon="-121.37501">
        <ele>1647.0</ele>
      </trkpt>
      <trkpt lat="46.62884" lon="-121.37508">
        <ele>1648.53</ele>
      </trkpt>
      <trkpt lat="46.62863" lon="-121.37522">
        <ele>1649.8</ele>
      </trkpt>
      <trkpt lat="46.62856" lon="-121.37524">
        <ele>1650.0</ele>
      </trkpt>
      <trkpt lat="46.62842" lon="-121.37523">
        <ele>1651.0</ele>
      </trkpt>
      <trkpt lat="46.62789" lon="-121.37501">
        <ele>1652.0</ele>
      </trkpt>
      <trkpt lat="46.62758" lon="-121.37478">
        <ele>1651.0</ele>
      </trkpt>
      <trkpt lat="46.62726" lon="-121.37462">
        <ele>1650.9</ele>
      </trkpt>
      <trkpt lat="46.62695" lon="-121.37444">
        <ele>1649.95</ele>
      </trkpt>
      <trkpt lat="46.62681" lon="-121.37433">
        <ele>1648.76</ele>
      </trkpt>
      <trkpt lat="46.62667" lon="-121.37416">
        <ele>1647.03</ele>
      </trkpt>
      <trkpt lat="46.62659" lon="-121.37409">
        <ele>1647.0</ele>
      </trkpt>
      <trkpt lat="46.62633" lon="-121.37403">
        <ele>1647.83</ele>
      </trkpt>
      <trkpt lat="46.62621" lon="-121.37397">
        <ele>1648.93</ele>
      </trkpt>
      <trkpt lat="46.62606" lon="-121.37384">
        <ele>1650.32</ele>
      </trkpt>
      <trkpt lat="46.62592" lon="-121.37366">
        <ele>1652.13</ele>
      </trkpt>
      <trkpt lat="46.6258" lon="-121.37337">
        <ele>1654.5</ele>
      </trkpt>
      <trkpt lat="46.62578" lon="-121.37328">
        <ele>1654.33</ele>
      </trkpt>
      <trkpt lat="46.62578" lon="-121.37312">
        <ele>1654.15</ele>
      </trkpt>
      <trkpt lat="46.62581" lon="-121.3729">
        <ele>1653.5</ele>
      </trkpt>
      <trkpt lat="46.62579" lon="-121.37272">
        <ele>1653.94</ele>
      </trkpt>
      <trkpt lat="46.62575" lon="-121.37259">
        <ele>1653.9</ele>
      </trkpt>
      <trkpt lat="46.62568" lon="-121.37249">
        <ele>1655.31</ele>
      </trkpt>
      <trkpt lat="46.62563" lon="-121.37244">
        <ele>1656.2</ele>
      </trkpt>
      <trkpt lat="46.62553" lon="-121.37242">
        <ele>1657.28</ele>
      </trkpt>
      <trkpt lat="46.62517" lon="-121.37262">
        <ele>1662.16</ele>
      </trkpt>
      <trkpt lat="46.62501" lon="-121.37272">
        <ele>1663.93</ele>
      </trkpt>
      <trkpt lat="46.62485" lon="-121.37289">
        <ele>1665.7</ele>
      </trkpt>
      <trkpt lat="46.6246" lon="-121.37332">
        <ele>1668.0</ele>
      </trkpt>
      <trkpt lat="46.62449" lon="-121.37362">
        <ele>1668.51</ele>
      </trkpt>
      <trkpt lat="46.62445" lon="-121.37384">
        <ele>1668.94</ele>
      </trkpt>
      <trkpt lat="46.62443" lon="-121.37397">
        <ele>1669.0</ele>
      </trkpt>
      <trkpt lat="46.62437" lon="-121.37408">
        <ele>1668.8</ele>
      </trkpt>
      <trkpt lat="46.62424" lon="-121.37422">
        <ele>1669.21</ele>
      </trkpt>
      <trkpt lat="46.62396" lon="-121.37432">
        <ele>1671.23</ele>
      </trkpt>
      <trkpt lat="46.6239" lon="-121.37439">
        <ele>1671.47</ele>
      </trkpt>
      <trkpt lat="46.62381" lon="-121.37464">
        <ele>1670.0</ele>
      </trkpt>
      <trkpt lat="46.6237" lon="-121.3748">
        <ele>1670.19</ele>
      </trkpt>
      <trkpt lat="46.62346" lon="-121.3752">
        <ele>1674.79</ele>
      </trkpt>
      <trkpt lat="46.62334" lon="-121.37551">
        <ele>1679.4</ele>
      </trkpt>
      <trkpt lat="46.62328" lon="-121.37565">
        <ele>1681.16</ele>
      </trkpt>
      <trkpt lat="46.6232" lon="-121.3757">
        <ele>1682.44</ele>
      </trkpt>
      <trkpt lat="46.62308" lon="-121.37569">
        <ele>1683.74</ele>
      </trkpt>
      <trkpt lat="46.62296" lon="-121.37558">
        <ele>1684.29</ele>
      </trkpt>
      <trkpt lat="46.62275" lon="-121.3756">
        <ele>1685.78</ele>
      </trkpt>
      <trkpt lat="46.62268" lon="-121.37567">
        <ele>1687.01</ele>
      </trkpt>
      <trkpt lat="46.62265" lon="-121.37572">
        <ele>1687.29</ele>
      </trkpt>
      <trkpt lat="46.62264" lon="-121.37579">
        <ele>1687.76</ele>
      </trkpt>
      <trkpt lat="46.62274" lon="-121.37597">
        <ele>1687.88</ele>
      </trkpt>
      <trkpt lat="46.62275" lon="-121.37608">
        <ele>1688.3</ele>
      </trkpt>
      <trkpt lat="46.62271" lon="-121.37621">
        <ele>1688.73</ele>
      </trkpt>
      <trkpt lat="46.62255" lon="-121.37655">
        <ele>1690.46</ele>
      </trkpt>
      <trkpt lat="46.62235" lon="-121.37691">
        <ele>1692.62</ele>
      </trkpt>
      <trkpt lat="46.62219" lon="-121.37724">
        <ele>1695.35</ele>
      </trkpt>
      <trkpt lat="46.62202" lon="-121.37752">
        <ele>1697.22</ele>
      </trkpt>
      <trkpt lat="46.62197" lon="-121.37775">
        <ele>1699.42</ele>
      </trkpt>
      <trkpt lat="46.62193" lon="-121.37787">
        <ele>1700.16</ele>
      </trkpt>
      <trkpt lat="46.62185" lon="-121.3779">
        <ele>1701.34</ele>
      </trkpt>
      <trkpt lat="46.62177" lon="-121.37786">
        <ele>1701.88</ele>
      </trkpt>
      <trkpt lat="46.62168" lon="-121.3776">
        <ele>1701.92</ele>
      </trkpt>
      <trkpt lat="46.62164" lon="-121.37742">
        <ele>1701.67</ele>
      </trkpt>
      <trkpt lat="46.62165" lon="-121.37729">
        <ele>1701.18</ele>
      </trkpt>
      <trkpt lat="46.62158" lon="-121.37725">
        <ele>1701.94</ele>
      </trkpt>
      <trkpt lat="46.6215" lon="-121.37734">
        <ele>1703.07</ele>
      </trkpt>
      <trkpt lat="46.6214" lon="-121.37741">
        <ele>1704.88</ele>
      </trkpt>
      <trkpt lat="46.62124" lon="-121.37748">
        <ele>1706.61</ele>
      </trkpt>
      <trkpt lat="46.62108" lon="-121.3774">
        <ele>1708.34</ele>
      </trkpt>
      <trkpt lat="46.62099" lon="-121.37742">
        <ele>1709.31</ele>
      </trkpt>
      <trkpt lat="46.62087" lon="-121.37775">
        <ele>1711.42</ele>
      </trkpt>
      <trkpt lat="46.62074" lon="-121.37793">
        <ele>1713.01</ele>
      </trkpt>
      <trkpt lat="46.62067" lon="-121.37814">
        <ele>1714.76</ele>
      </trkpt>
      <trkpt lat="46.6205" lon="-121.37832">
        <ele>1717.6</ele>
      </trkpt>
      <trkpt lat="46.62046" lon="-121.37845">
        <ele>1719.03</ele>
      </trkpt>
      <trkpt lat="46.62041" lon="-121.3788">
        <ele>1721.02</ele>
      </trkpt>
      <trkpt lat="46.62031" lon="-121.37905">
        <ele>1722.0</ele>
      </trkpt>
      <trkpt lat="46.6202" lon="-121.37925">
        <ele>1723.0</ele>
      </trkpt>
      <trkpt lat="46.62011" lon="-121.3794">
        <ele>1724.0</ele>
      </trkpt>
      <trkpt lat="46.62011" lon="-121.3794">
        <ele>1724.0</ele>
      </trkpt>
      <trkpt lat="46.61988" lon="-121.37976">
        <ele>1726.0</ele>
      </trkpt>
      <trkpt lat="46.61976" lon="-121.37988">
        <ele>1726.88</ele>
      </trkpt>
      <trkpt lat="46.6197" lon="-121.37997">
        <ele>1727.0</ele>
      </trkpt>
      <trkpt lat="46.61961" lon="-121.38015">
        <ele>1728.0</ele>
      </trkpt>
      <trkpt lat="46.61957" lon="-121.38026">
        <ele>1728.0</ele>
      </trkpt>
      <trkpt lat="46.61956" lon="-121.38045">
        <ele>1729.0</ele>
      </trkpt>
      <trkpt lat="46.61955" lon="-121.38068">
        <ele>1730.0</ele>
      </trkpt>
      <trkpt lat="46.61951" lon="-121.38081">
        <ele>1730.75</ele>
      </trkpt>
      <trkpt lat="46.61945" lon="-121.38086">
        <ele>1731.0</ele>
      </trkpt>
      <trkpt lat="46.61936" lon="-121.38089">
        <ele>1730.65</ele>
      </trkpt>
      <trkpt lat="46.6191" lon="-121.38093">
        <ele>1730.04</ele>
      </trkpt>
      <trkpt lat="46.61896" lon="-121.38101">
        <ele>1730.0</ele>
      </trkpt>
      <trkpt lat="46.6188" lon="-121.38118">
        <ele>1730.03</ele>
      </trkpt>
      <trkpt lat="46.61866" lon="-121.38139">
        <ele>1730.01</ele>
      </trkpt>
      <trkpt lat="46.61859" lon="-121.38154">
        <ele>1730.63</ele>
      </trkpt>
      <trkpt lat="46.61849" lon="-121.38193">
        <ele>1732.58</ele>
      </trkpt>
      <trkpt lat="46.61844" lon="-121.38241">
        <ele>1735.0</ele>
      </trkpt>
      <trkpt lat="46.61845" lon="-121.38257">
        <ele>1735.0</ele>
      </trkpt>
      <trkpt lat="46.61859" lon="-121.38311">
        <ele>1737.36</ele>
      </trkpt>
      <trkpt lat="46.61871" lon="-121.3837">
        <ele>1742.03</ele>
      </trkpt>
      <trkpt lat="46.61877" lon="-121.38404">
        <ele>1745.35</ele>
      </trkpt>
      <trkpt lat="46.61876" lon="-121.3842">
        <ele>1746.97</ele>
      </trkpt>
      <trkpt lat="46.61865" lon="-121.38448">
        <ele>1747.8</ele>
      </trkpt>
      <trkpt lat="46.61849" lon="-121.38483">
        <ele>1747.43</ele>
      </trkpt>
      <trkpt lat="46.61848" lon="-121.38504">
        <ele>1748.6</ele>
      </trkpt>
      <trkpt lat="46.61843" lon="-121.3852">
        <ele>1750.2</ele>
      </trkpt>
      <trkpt lat="46.61838" lon="-121.38534">
        <ele>1751.18</ele>
      </trkpt>
      <trkpt lat="46.61821" lon="-121.38561">
        <ele>1754.45</ele>
      </trkpt>
      <trkpt lat="46.61818" lon="-121.3857">
        <ele>1755.75</ele>
      </trkpt>
      <trkpt lat="46.61812" lon="-121.38594">
        <ele>1758.85</ele>
      </trkpt>
      <trkpt lat="46.61794" lon="-121.38626">
        <ele>1760.82</ele>
      </trkpt>
      <trkpt lat="46.61783" lon="-121.38651">
        <ele>1764.18</ele>
      </trkpt>
      <trkpt lat="46.61777" lon="-121.38667">
        <ele>1766.99</ele>
      </trkpt>
      <trkpt lat="46.61773" lon="-121.38674">
        <ele>1768.07</ele>
      </trkpt>
      <trkpt lat="46.61743" lon="-121.38697">
        <ele>1765.76</ele>
      </trkpt>
      <trkpt lat="46.61737" lon="-121.38708">
        <ele>1766.34</ele>
      </trkpt>
      <trkpt lat="46.6173" lon="-121.3873">
        <ele>1768.65</ele>
      </trkpt>
      <trkpt lat="46.61722" lon="-121.38752">
        <ele>1771.14</ele>
      </trkpt>
      <trkpt lat="46.6171" lon="-121.38771">
        <ele>1769.9</ele>
      </trkpt>
      <trkpt lat="46.61696" lon="-121.38784">
        <ele>1771.18</ele>
      </trkpt>
      <trkpt lat="46.61674" lon="-121.38807">
        <ele>1774.9</ele>
      </trkpt>
      <trkpt lat="46.61667" lon="-121.3882">
        <ele>1775.63</ele>
      </trkpt>
      <trkpt lat="46.61656" lon="-121.3886">
        <ele>1777.73</ele>
      </trkpt>
      <trkpt lat="46.61638" lon="-121.38892">
        <ele>1781.14</ele>
      </trkpt>
      <trkpt lat="46.61611" lon="-121.38958">
        <ele>1773.51</ele>
      </trkpt>
      <trkpt lat="46.61607" lon="-121.38973">
        <ele>1772.03</ele>
      </trkpt>
      <trkpt lat="46.61608" lon="-121.38996">
        <ele>1770.95</ele>
      </trkpt>
      <trkpt lat="46.61606" lon="-121.39015">
        <ele>1770.11</ele>
      </trkpt>
      <trkpt lat="46.61604" lon="-121.3903">
        <ele>1769.46</ele>
      </trkpt>
      <trkpt lat="46.61605" lon="-121.3905">
        <ele>1769.94</ele>
      </trkpt>
      <trkpt lat="46.61611" lon="-121.39065">
        <ele>1770.99</ele>
      </trkpt>
      <trkpt lat="46.6161" lon="-121.3908">
        <ele>1770.88</ele>
      </trkpt>
      <trkpt lat="46.61605" lon="-121.39102">
        <ele>1770.34</ele>
      </trkpt>
      <trkpt lat="46.61596" lon="-121.39173">
        <ele>1769.63</ele>
      </trkpt>
      <trkpt lat="46.61592" lon="-121.39188">
        <ele>1769.72</ele>
      </trkpt>
      <trkpt lat="46.61578" lon="-121.39202">
        <ele>1769.08</ele>
      </trkpt>
      <trkpt lat="46.61571" lon="-121.39212">
        <ele>1767.77</ele>
      </trkpt>
      <trkpt lat="46.61555" lon="-121.39249">
        <ele>1764.1</ele>
      </trkpt>
      <trkpt lat="46.61526" lon="-121.39289">
        <ele>1762.19</ele>
      </trkpt>
      <trkpt lat="46.61509" lon="-121.39302">
        <ele>1762.99</ele>
      </trkpt>
      <trkpt lat="46.61483" lon="-121.39326">
        <ele>1763.21</ele>
      </trkpt>
      <trkpt lat="46.61454" lon="-121.39359">
        <ele>1765.77</ele>
      </trkpt>
      <trkpt lat="46.61441" lon="-121.39381">
        <ele>1767.15</ele>
      </trkpt>
      <trkpt lat="46.61436" lon="-121.39388">
        <ele>1767.9</ele>
      </trkpt>
      <trkpt lat="46.61415" lon="-121.39401">
        <ele>1768.31</ele>
      </trkpt>
      <trkpt lat="46.61411" lon="-121.39407">
        <ele>1768.96</ele>
      </trkpt>
      <trkpt lat="46.61406" lon="-121.39419">
        <ele>1770.1</ele>
      </trkpt>
      <trkpt lat="46.61396" lon="-121.39455">
        <ele>1773.05</ele>
      </trkpt>
      <trkpt lat="46.61387" lon="-121.39476">
        <ele>1775.53</ele>
      </trkpt>
      <trkpt lat="46.6138" lon="-121.39509">
        <ele>1778.08</ele>
      </trkpt>
      <trkpt lat="46.61374" lon="-121.39543">
        <ele>1778.25</ele>
      </trkpt>
      <trkpt lat="46.61368" lon="-121.39592">
        <ele>1781.94</ele>
      </trkpt>
      <trkpt lat="46.61369" lon="-121.39619">
        <ele>1783.13</ele>
      </trkpt>
      <trkpt lat="46.61368" lon="-121.39632">
        <ele>1783.51</ele>
      </trkpt>
      <trkpt lat="46.61348" lon="-121.39682">
        <ele>1789.69</ele>
      </trkpt>
      <trkpt lat="46.61342" lon="-121.39691">
        <ele>1791.63</ele>
      </trkpt>
      <trkpt lat="46.61336" lon="-121.39695">
        <ele>1792.06</ele>
      </trkpt>
      <trkpt lat="46.61329" lon="-121.39697">
        <ele>1792.74</ele>
      </trkpt>
      <trkpt lat="46.61315" lon="-121.39695">
        <ele>1794.04</ele>
      </trkpt>
      <trkpt lat="46.61302" lon="-121.39689">
        <ele>1793.41</ele>
      </trkpt>
      <trkpt lat="46.61297" lon="-121.3969">
        <ele>1793.52</ele>
      </trkpt>
      <trkpt lat="46.61296" lon="-121.39695">
        <ele>1794.15</ele>
      </trkpt>
      <trkpt lat="46.61296" lon="-121.3971">
        <ele>1796.68</ele>
      </trkpt>
      <trkpt lat="46.61298" lon="-121.39721">
        <ele>1797.68</ele>
      </trkpt>
      <trkpt lat="46.61295" lon="-121.39736">
        <ele>1799.63</ele>
      </trkpt>
      <trkpt lat="46.61295" lon="-121.39755">
        <ele>1801.68</ele>
      </trkpt>
      <trkpt lat="46.61297" lon="-121.39764">
        <ele>1802.51</ele>
      </trkpt>
      <trkpt lat="46.61307" lon="-121.39777">
        <ele>1803.76</ele>
      </trkpt>
      <trkpt lat="46.61314" lon="-121.39783">
        <ele>1803.65</ele>
      </trkpt>
      <trkpt lat="46.61322" lon="-121.39787">
        <ele>1803.22</ele>
      </trkpt>
      <trkpt lat="46.61324" lon="-121.39791">
        <ele>1803.44</ele>
      </trkpt>
      <trkpt lat="46.61325" lon="-121.39799">
        <ele>1804.19</ele>
      </trkpt>
      <trkpt lat="46.61327" lon="-121.39807">
        <ele>1804.89</ele>
      </trkpt>
      <trkpt lat="46.61327" lon="-121.39822">
        <ele>1806.78</ele>
      </trkpt>
      <trkpt lat="46.61325" lon="-121.39841">
        <ele>1807.0</ele>
      </trkpt>
      <trkpt lat="46.61321" lon="-121.3985">
        <ele>1806.47</ele>
      </trkpt>
      <trkpt lat="46.61316" lon="-121.39856">
        <ele>1806.81</ele>
      </trkpt>
      <trkpt lat="46.61312" lon="-121.3986">
        <ele>1807.61</ele>
      </trkpt>
      <trkpt lat="46.61308" lon="-121.3986">
        <ele>1808.47</ele>
      </trkpt>
      <trkpt lat="46.61305" lon="-121.39856">
        <ele>1809.06</ele>
      </trkpt>
      <trkpt lat="46.61302" lon="-121.39838">
        <ele>1808.89</ele>
      </trkpt>
      <trkpt lat="46.61299" lon="-121.39831">
        <ele>1808.71</ele>
      </trkpt>
      <trkpt lat="46.61295" lon="-121.39828">
        <ele>1809.06</ele>
      </trkpt>
      <trkpt lat="46.6129" lon="-121.39829">
        <ele>1809.36</ele>
      </trkpt>
      <trkpt lat="46.61269" lon="-121.39843">
        <ele>1812.99</ele>
      </trkpt>
      <trkpt lat="46.6126" lon="-121.39844">
        <ele>1814.07</ele>
      </trkpt>
      <trkpt lat="46.61236" lon="-121.39844">
        <ele>1817.59</ele>
      </trkpt>
      <trkpt lat="46.61227" lon="-121.39843">
        <ele>1818.53</ele>
      </trkpt>
      <trkpt lat="46.61222" lon="-121.39841">
        <ele>1818.85</ele>
      </trkpt>
      <trkpt lat="46.61218" lon="-121.39836">
        <ele>1818.42</ele>
      </trkpt>
      <trkpt lat="46.61211" lon="-121.39836">
        <ele>1818.36</ele>
      </trkpt>
      <trkpt lat="46.61205" lon="-121.3984">
        <ele>1818.58</ele>
      </trkpt>
      <trkpt lat="46.6117" lon="-121.39874">
        <ele>1821.11</ele>
      </trkpt>
      <trkpt lat="46.61165" lon="-121.39883">
        <ele>1821.43</ele>
      </trkpt>
      <trkpt lat="46.61164" lon="-121.39889">
        <ele>1822.74</ele>
      </trkpt>
      <trkpt lat="46.61164" lon="-121.39898">
        <ele>1824.68</ele>
      </trkpt>
      <trkpt lat="46.61167" lon="-121.3991">
        <ele>1827.33</ele>
      </trkpt>
      <trkpt lat="46.61172" lon="-121.39917">
        <ele>1829.19</ele>
      </trkpt>
      <trkpt lat="46.61177" lon="-121.3992">
        <ele>1830.36</ele>
      </trkpt>
      <trkpt lat="46.61179" lon="-121.39924">
        <ele>1830.79</ele>
      </trkpt>
      <trkpt lat="46.61179" lon="-121.39939">
        <ele>1831.28</ele>
      </trkpt>
      <trkpt lat="46.61176" lon="-121.39944">
        <ele>1831.94</ele>
      </trkpt>
      <trkpt lat="46.6117" lon="-121.39944">
        <ele>1831.92</ele>
      </trkpt>
      <trkpt lat="46.61165" lon="-121.39942">
        <ele>1831.34</ele>
      </trkpt>
      <trkpt lat="46.61161" lon="-121.39938">
        <ele>1830.42</ele>
      </trkpt>
      <trkpt lat="46.61157" lon="-121.39937">
        <ele>1830.2</ele>
      </trkpt>
      <trkpt lat="46.61149" lon="-121.39945">
        <ele>1831.12</ele>
      </trkpt>
      <trkpt lat="46.61142" lon="-121.39948">
        <ele>1832.43</ele>
      </trkpt>
      <trkpt lat="46.61126" lon="-121.39948">
        <ele>1834.55</ele>
      </trkpt>
      <trkpt lat="46.61108" lon="-121.39941">
        <ele>1835.01</ele>
      </trkpt>
      <trkpt lat="46.61096" lon="-121.39941">
        <ele>1835.02</ele>
      </trkpt>
      <trkpt lat="46.61089" lon="-121.39938">
        <ele>1833.64</ele>
      </trkpt>
      <trkpt lat="46.61083" lon="-121.39938">
        <ele>1833.24</ele>
      </trkpt>
      <trkpt lat="46.61068" lon="-121.39943">
        <ele>1836.29</ele>
      </trkpt>
      <trkpt lat="46.61063" lon="-121.3994">
        <ele>1836.53</ele>
      </trkpt>
      <trkpt lat="46.61057" lon="-121.39929">
        <ele>1834.68</ele>
      </trkpt>
      <trkpt lat="46.61052" lon="-121.39927">
        <ele>1834.73</ele>
      </trkpt>
      <trkpt lat="46.61049" lon="-121.39927">
        <ele>1835.06</ele>
      </trkpt>
      <trkpt lat="46.61039" lon="-121.39938">
        <ele>1838.91</ele>
      </trkpt>
      <trkpt lat="46.61028" lon="-121.39944">
        <ele>1839.93</ele>
      </trkpt>
      <trkpt lat="46.61021" lon="-121.39947">
        <ele>1840.1</ele>
      </trkpt>
      <trkpt lat="46.6102" lon="-121.39951">
        <ele>1841.28</ele>
      </trkpt>
      <trkpt lat="46.61022" lon="-121.39955">
        <ele>1842.88</ele>
      </trkpt>
      <trkpt lat="46.61027" lon="-121.39959">
        <ele>1844.68</ele>
      </trkpt>
      <trkpt lat="46.61034" lon="-121.39962">
        <ele>1846.36</ele>
      </trkpt>
      <trkpt lat="46.61054" lon="-121.39967">
        <ele>1845.64</ele>
      </trkpt>
      <trkpt lat="46.61055" lon="-121.3997">
        <ele>1846.4</ele>
      </trkpt>
      <trkpt lat="46.61053" lon="-121.39973">
        <ele>1847.74</ele>
      </trkpt>
      <trkpt lat="46.61043" lon="-121.39976">
        <ele>1850.94</ele>
      </trkpt>
      <trkpt lat="46.61039" lon="-121.3998">
        <ele>1853.1</ele>
      </trkpt>
      <trkpt lat="46.61037" lon="-121.39983">
        <ele>1854.33</ele>
      </trkpt>
      <trkpt lat="46.61036" lon="-121.39989">
        <ele>1855.71</ele>
      </trkpt>
      <trkpt lat="46.61043" lon="-121.40004">
        <ele>1856.78</ele>
      </trkpt>
      <trkpt lat="46.61044" lon="-121.40017">
        <ele>1859.17</ele>
      </trkpt>
      <trkpt lat="46.61048" lon="-121.40023">
        <ele>1859.6</ele>
      </trkpt>
      <trkpt lat="46.61048" lon="-121.40027">
        <ele>1860.46</ele>
      </trkpt>
      <trkpt lat="46.61044" lon="-121.40027">
        <ele>1861.33</ele>
      </trkpt>
      <trkpt lat="46.61037" lon="-121.40026">
        <ele>1862.62</ele>
      </trkpt>
      <trkpt lat="46.61036" lon="-121.4003">
        <ele>1863.7</ele>
      </trkpt>
      <trkpt lat="46.61045" lon="-121.40043">
        <ele>1864.57</ele>
      </trkpt>
      <trkpt lat="46.61047" lon="-121.40051">
        <ele>1864.81</ele>
      </trkpt>
      <trkpt lat="46.61047" lon="-121.40056">
        <ele>1864.85</ele>
      </trkpt>
      <trkpt lat="46.61046" lon="-121.40066">
        <ele>1864.94</ele>
      </trkpt>
      <trkpt lat="46.61044" lon="-121.40071">
        <ele>1864.83</ele>
      </trkpt>
      <trkpt lat="46.61041" lon="-121.40072">
        <ele>1865.37</ele>
      </trkpt>
      <trkpt lat="46.61027" lon="-121.4006">
        <ele>1868.73</ele>
      </trkpt>
      <trkpt lat="46.61022" lon="-121.40057">
        <ele>1870.19</ele>
      </trkpt>
      <trkpt lat="46.61018" lon="-121.40052">
        <ele>1870.78</ele>
      </trkpt>
      <trkpt lat="46.61015" lon="-121.40052">
        <ele>1871.76</ele>
      </trkpt>
      <trkpt lat="46.61014" lon="-121.40063">
        <ele>1872.46</ele>
      </trkpt>
      <trkpt lat="46.61013" lon="-121.40068">
        <ele>1872.65</ele>
      </trkpt>
      <trkpt lat="46.6101" lon="-121.4007">
        <ele>1873.72</ele>
      </trkpt>
      <trkpt lat="46.61007" lon="-121.40067">
        <ele>1874.92</ele>
      </trkpt>
      <trkpt lat="46.61004" lon="-121.40061">
        <ele>1876.27</ele>
      </trkpt>
      <trkpt lat="46.60998" lon="-121.40059">
        <ele>1878.43</ele>
      </trkpt>
      <trkpt lat="46.60995" lon="-121.40062">
        <ele>1879.08</ele>
      </trkpt>
      <trkpt lat="46.60993" lon="-121.40076">
        <ele>1878.35</ele>
      </trkpt>
      <trkpt lat="46.6099" lon="-121.40078">
        <ele>1878.77</ele>
      </trkpt>
      <trkpt lat="46.60984" lon="-121.40072">
        <ele>1880.35</ele>
      </trkpt>
      <trkpt lat="46.60979" lon="-121.40075">
        <ele>1881.03</ele>
      </trkpt>
      <trkpt lat="46.60977" lon="-121.4008">
        <ele>1881.31</ele>
      </trkpt>
      <trkpt lat="46.60968" lon="-121.4008">
        <ele>1881.48</ele>
      </trkpt>
      <trkpt lat="46.60963" lon="-121.4009">
        <ele>1882.72</ele>
      </trkpt>
      <trkpt lat="46.60955" lon="-121.4009">
        <ele>1883.96</ele>
      </trkpt>
      <trkpt lat="46.60936" lon="-121.40108">
        <ele>1890.52</ele>
      </trkpt>
      <trkpt lat="46.60921" lon="-121.40117">
        <ele>1892.53</ele>
      </trkpt>
      <trkpt lat="46.60914" lon="-121.40119">
        <ele>1893.0</ele>
      </trkpt>
      <trkpt lat="46.60905" lon="-121.40116">
        <ele>1893.0</ele>
      </trkpt>
      <trkpt lat="46.60867" lon="-121.40162">
        <ele>1894.92</ele>
      </trkpt>
      <trkpt lat="46.60857" lon="-121.40172">
        <ele>1896.18</ele>
      </trkpt>
      <trkpt lat="46.60847" lon="-121.40176">
        <ele>1898.04</ele>
      </trkpt>
      <trkpt lat="46.60827" lon="-121.4018">
        <ele>1899.24</ele>
      </trkpt>
      <trkpt lat="46.60804" lon="-121.40188">
        <ele>1899.39</ele>
      </trkpt>
      <trkpt lat="46.60795" lon="-121.40188">
        <ele>1899.53</ele>
      </trkpt>
      <trkpt lat="46.60767" lon="-121.40177">
        <ele>1901.77</ele>
      </trkpt>
      <trkpt lat="46.60751" lon="-121.40165">
        <ele>1904.36</ele>
      </trkpt>
      <trkpt lat="46.60737" lon="-121.40162">
        <ele>1906.61</ele>
      </trkpt>
      <trkpt lat="46.60714" lon="-121.40167">
        <ele>1909.74</ele>
      </trkpt>
      <trkpt lat="46.6069" lon="-121.4017">
        <ele>1914.27</ele>
      </trkpt>
      <trkpt lat="46.60676" lon="-121.40178">
        <ele>1916.76</ele>
      </trkpt>
      <trkpt lat="46.60649" lon="-121.40215">
        <ele>1916.98</ele>
      </trkpt>
      <trkpt lat="46.60642" lon="-121.40228">
        <ele>1917.0</ele>
      </trkpt>
      <trkpt lat="46.60639" lon="-121.40237">
        <ele>1916.99</ele>
      </trkpt>
      <trkpt lat="46.60637" lon="-121.4025">
        <ele>1917.0</ele>
      </trkpt>
      <trkpt lat="46.60637" lon="-121.40263">
        <ele>1918.08</ele>
      </trkpt>
      <trkpt lat="46.60633" lon="-121.40277">
        <ele>1919.55</ele>
      </trkpt>
      <trkpt lat="46.6063" lon="-121.40298">
        <ele>1924.37</ele>
      </trkpt>
      <trkpt lat="46.60623" lon="-121.40315">
        <ele>1926.31</ele>
      </trkpt>
      <trkpt lat="46.60615" lon="-121.4033">
        <ele>1927.33</ele>
      </trkpt>
      <trkpt lat="46.6061" lon="-121.40337">
        <ele>1927.62</ele>
      </trkpt>
      <trkpt lat="46.60605" lon="-121.40341">
        <ele>1927.45</ele>
      </trkpt>
      <trkpt lat="46.60587" lon="-121.40349">
        <ele>1926.78</ele>
      </trkpt>
      <trkpt lat="46.60573" lon="-121.40353">
        <ele>1926.25</ele>
      </trkpt>
      <trkpt lat="46.6055" lon="-121.40358">
        <ele>1926.13</ele>
      </trkpt>
      <trkpt lat="46.60542" lon="-121.40352">
        <ele>1923.58</ele>
      </trkpt>
      <trkpt lat="46.60526" lon="-121.40357">
        <ele>1922.73</ele>
      </trkpt>
      <trkpt lat="46.60494" lon="-121.40375">
        <ele>1919.88</ele>
      </trkpt>
      <trkpt lat="46.60455" lon="-121.40407">
        <ele>1919.23</ele>
      </trkpt>
      <trkpt lat="46.60446" lon="-121.4041">
        <ele>1918.73</ele>
      </trkpt>
      <trkpt lat="46.60424" lon="-121.40428">
        <ele>1921.67</ele>
      </trkpt>
      <trkpt lat="46.60404" lon="-121.4043">
        <ele>1922.69</ele>
      </trkpt>
      <trkpt lat="46.60388" lon="-121.40427">
        <ele>1923.44</ele>
      </trkpt>
      <trkpt lat="46.60358" lon="-121.40409">
        <ele>1924.02</ele>
      </trkpt>
      <trkpt lat="46.60339" lon="-121.40387">
        <ele>1923.29</ele>
      </trkpt>
      <trkpt lat="46.60334" lon="-121.40384">
        <ele>1923.31</ele>
      </trkpt>
      <trkpt lat="46.60327" lon="-121.4038">
        <ele>1924.14</ele>
      </trkpt>
      <trkpt lat="46.60306" lon="-121.40375">
        <ele>1927.88</ele>
      </trkpt>
      <trkpt lat="46.60294" lon="-121.40369">
        <ele>1928.9</ele>
      </trkpt>
      <trkpt lat="46.60273" lon="-121.40365">
        <ele>1931.29</ele>
      </trkpt>
      <trkpt lat="46.60267" lon="-121.4036">
        <ele>1930.99</ele>
      </trkpt>
      <trkpt lat="46.60257" lon="-121.40358">
        <ele>1932.82</ele>
      </trkpt>
      <trkpt lat="46.60252" lon="-121.40355">
        <ele>1933.25</ele>
      </trkpt>
      <trkpt lat="46.60244" lon="-121.40348">
        <ele>1934.11</ele>
      </trkpt>
      <trkpt lat="46.60229" lon="-121.4032">
        <ele>1932.81</ele>
      </trkpt>
      <trkpt lat="46.60218" lon="-121.40304">
        <ele>1931.12</ele>
      </trkpt>
      <trkpt lat="46.60212" lon="-121.40298">
        <ele>1930.39</ele>
      </trkpt>
      <trkpt lat="46.60207" lon="-121.40296">
        <ele>1929.94</ele>
      </trkpt>
      <trkpt lat="46.60203" lon="-121.40308">
        <ele>1933.85</ele>
      </trkpt>
      <trkpt lat="46.60192" lon="-121.40331">
        <ele>1939.76</ele>
      </trkpt>
      <trkpt lat="46.60179" lon="-121.40341">
        <ele>1946.16</ele>
      </trkpt>
      <trkpt lat="46.60174" lon="-121.40341">
        <ele>1948.39</ele>
      </trkpt>
      <trkpt lat="46.60171" lon="-121.40338">
        <ele>1949.17</ele>
      </trkpt>
      <trkpt lat="46.60168" lon="-121.40333">
        <ele>1950.06</ele>
      </trkpt>
      <trkpt lat="46.60165" lon="-121.4031">
        <ele>1946.41</ele>
      </trkpt>
      <trkpt lat="46.60162" lon="-121.40296">
        <ele>1943.49</ele>
      </trkpt>
      <trkpt lat="46.60159" lon="-121.40294">
        <ele>1943.62</ele>
      </trkpt>
      <trkpt lat="46.60152" lon="-121.40299">
        <ele>1944.88</ele>
      </trkpt>
      <trkpt lat="46.60152" lon="-121.40299">
        <ele>1944.88</ele>
      </trkpt>
      <trkpt lat="46.60129" lon="-121.40315">
        <ele>1945.92</ele>
      </trkpt>
      <trkpt lat="46.60115" lon="-121.40328">
        <ele>1947.11</ele>
      </trkpt>
      <trkpt lat="46.60105" lon="-121.40334">
        <ele>1947.51</ele>
      </trkpt>
      <trkpt lat="46.60071" lon="-121.40344">
        <ele>1948.56</ele>
      </trkpt>
      <trkpt lat="46.60019" lon="-121.4034">
        <ele>1950.11</ele>
      </trkpt>
      <trkpt lat="46.60004" lon="-121.40335">
        <ele>1950.39</ele>
      </trkpt>
      <trkpt lat="46.59968" lon="-121.40329">
        <ele>1948.66</ele>
      </trkpt>
      <trkpt lat="46.59898" lon="-121.40328">
        <ele>1951.14</ele>
      </trkpt>
      <trkpt lat="46.59863" lon="-121.4033">
        <ele>1953.2</ele>
      </trkpt>
      <trkpt lat="46.59847" lon="-121.40327">
        <ele>1951.58</ele>
      </trkpt>
      <trkpt lat="46.59821" lon="-121.40319">
        <ele>1949.14</ele>
      </trkpt>
      <trkpt lat="46.59797" lon="-121.40314">
        <ele>1952.34</ele>
      </trkpt>
      <trkpt lat="46.59783" lon="-121.40314">
        <ele>1955.52</ele>
      </trkpt>
      <trkpt lat="46.59758" lon="-121.40321">
        <ele>1961.0</ele>
      </trkpt>
      <trkpt lat="46.59737" lon="-121.40321">
        <ele>1961.0</ele>
      </trkpt>
      <trkpt lat="46.59708" lon="-121.40313">
        <ele>1958.95</ele>
      </trkpt>
      <trkpt lat="46.59687" lon="-121.40306">
        <ele>1957.95</ele>
      </trkpt>
      <trkpt lat="46.5967" lon="-121.40304">
        <ele>1959.84</ele>
      </trkpt>
      <trkpt lat="46.59648" lon="-121.40293">
        <ele>1960.31</ele>
      </trkpt>
      <trkpt lat="46.59626" lon="-121.40277">
        <ele>1961.22</ele>
      </trkpt>
      <trkpt lat="46.59614" lon="-121.40262">
        <ele>1959.97</ele>
      </trkpt>
      <trkpt lat="46.59603" lon="-121.40253">
        <ele>1960.4</ele>
      </trkpt>
      <trkpt lat="46.59583" lon="-121.40244">
        <ele>1961.12</ele>
      </trkpt>
      <trkpt lat="46.59546" lon="-121.40244">
        <ele>1968.09</ele>
      </trkpt>
      <trkpt lat="46.5952" lon="-121.4025">
        <ele>1973.84</ele>
      </trkpt>
      <trkpt lat="46.59492" lon="-121.40247">
        <ele>1975.89</ele>
      </trkpt>
      <trkpt lat="46.59471" lon="-121.40235">
        <ele>1976.12</ele>
      </trkpt>
      <trkpt lat="46.5945" lon="-121.40216">
        <ele>1977.45</ele>
      </trkpt>
      <trkpt lat="46.59429" lon="-121.40188">
        <ele>1976.22</ele>
      </trkpt>
      <trkpt lat="46.59418" lon="-121.4018">
        <ele>1979.81</ele>
      </trkpt>
      <trkpt lat="46.59414" lon="-121.40165">
        <ele>1976.26</ele>
      </trkpt>
      <trkpt lat="46.59407" lon="-121.40157">
        <ele>1977.13</ele>
      </trkpt>
      <trkpt lat="46.59384" lon="-121.40117">
        <ele>1979.97</ele>
      </trkpt>
      <trkpt lat="46.59368" lon="-121.40096">
        <ele>1985.11</ele>
      </trkpt>
      <trkpt lat="46.59349" lon="-121.40071">
        <ele>1989.08</ele>
      </trkpt>
      <trkpt lat="46.59336" lon="-121.40041">
        <ele>1990.29</ele>
      </trkpt>
      <trkpt lat="46.59326" lon="-121.40025">
        <ele>1993.66</ele>
      </trkpt>
      <trkpt lat="46.59315" lon="-121.39993">
        <ele>1996.18</ele>
      </trkpt>
      <trkpt lat="46.59312" lon="-121.3997">
        <ele>1996.91</ele>
      </trkpt>
      <trkpt lat="46.59312" lon="-121.39932">
        <ele>1996.91</ele>
      </trkpt>
      <trkpt lat="46.59314" lon="-121.39899">
        <ele>1997.26</ele>
      </trkpt>
      <trkpt lat="46.59315" lon="-121.3988">
        <ele>1997.88</ele>
      </trkpt>
      <trkpt lat="46.59311" lon="-121.3988">
        <ele>1999.61</ele>
      </trkpt>
      <trkpt lat="46.59308" lon="-121.39905">
        <ele>1999.21</ele>
      </trkpt>
      <trkpt lat="46.59303" lon="-121.39918">
        <ele>2000.45</ele>
      </trkpt>
      <trkpt lat="46.59293" lon="-121.3994">
        <ele>2002.36</ele>
      </trkpt>
      <trkpt lat="46.59286" lon="-121.3995">
        <ele>2003.0</ele>
      </trkpt>
      <trkpt lat="46.59274" lon="-121.39968">
        <ele>2002.59</ele>
      </trkpt>
      <trkpt lat="46.59262" lon="-121.39984">
        <ele>2001.86</ele>
      </trkpt>
      <trkpt lat="46.59227" lon="-121.40008">
        <ele>1994.41</ele>
      </trkpt>
      <trkpt lat="46.59178" lon="-121.40078">
        <ele>1986.1</ele>
      </trkpt>
      <trkpt lat="46.59158" lon="-121.40109">
        <ele>1984.67</ele>
      </trkpt>
      <trkpt lat="46.59141" lon="-121.4013">
        <ele>1983.79</ele>
      </trkpt>
      <trkpt lat="46.59123" lon="-121.40151">
        <ele>1983.47</ele>
      </trkpt>
      <trkpt lat="46.59109" lon="-121.40176">
        <ele>1984.33</ele>
      </trkpt>
      <trkpt lat="46.59086" lon="-121.40202">
        <ele>1984.21</ele>
      </trkpt>
      <trkpt lat="46.59065" lon="-121.40236">
        <ele>1987.02</ele>
      </trkpt>
      <trkpt lat="46.59048" lon="-121.40256">
        <ele>1986.43</ele>
      </trkpt>
      <trkpt lat="46.59014" lon="-121.40285">
        <ele>1978.93</ele>
      </trkpt>
      <trkpt lat="46.58978" lon="-121.40309">
        <ele>1974.89</ele>
      </trkpt>
      <trkpt lat="46.5895" lon="-121.40323">
        <ele>1972.5</ele>
      </trkpt>
      <trkpt lat="46.58908" lon="-121.40338">
        <ele>1969.34</ele>
      </trkpt>
      <trkpt lat="46.58884" lon="-121.40351">
        <ele>1965.61</ele>
      </trkpt>
      <trkpt lat="46.58858" lon="-121.40373">
        <ele>1956.63</ele>
      </trkpt>
      <trkpt lat="46.58842" lon="-121.40381">
        <ele>1955.25</ele>
      </trkpt>
      <trkpt lat="46.58831" lon="-121.40394">
        <ele>1950.44</ele>
      </trkpt>
      <trkpt lat="46.58821" lon="-121.40406">
        <ele>1946.19</ele>
      </trkpt>
      <trkpt lat="46.58798" lon="-121.40413">
        <ele>1950.32</ele>
      </trkpt>
      <trkpt lat="46.58788" lon="-121.40418">
        <ele>1950.81</ele>
      </trkpt>
      <trkpt lat="46.58781" lon="-121.40423">
        <ele>1951.16</ele>
      </trkpt>
      <trkpt lat="46.58752" lon="-121.40426">
        <ele>1961.53</ele>
      </trkpt>
      <trkpt lat="46.58731" lon="-121.40432">
        <ele>1961.38</ele>
      </trkpt>
      <trkpt lat="46.58698" lon="-121.40435">
        <ele>1959.07</ele>
      </trkpt>
      <trkpt lat="46.58631" lon="-121.40464">
        <ele>1952.24</ele>
      </trkpt>
      <trkpt lat="46.58602" lon="-121.40473">
        <ele>1947.86</ele>
      </trkpt>
      <trkpt lat="46.58594" lon="-121.40479">
        <ele>1946.76</ele>
      </trkpt>
      <trkpt lat="46.58577" lon="-121.40499">
        <ele>1937.43</ele>
      </trkpt>
      <trkpt lat="46.58558" lon="-121.40514">
        <ele>1934.42</ele>
      </trkpt>
      <trkpt lat="46.58536" lon="-121.40528">
        <ele>1933.04</ele>
      </trkpt>
      <trkpt lat="46.58529" lon="-121.4053">
        <ele>1933.15</ele>
      </trkpt>
      <trkpt lat="46.58514" lon="-121.40529">
        <ele>1934.74</ele>
      </trkpt>
      <trkpt lat="46.58494" lon="-121.40529">
        <ele>1933.53</ele>
      </trkpt>
      <trkpt lat="46.58463" lon="-121.40528">
        <ele>1929.95</ele>
      </trkpt>
      <trkpt lat="46.58448" lon="-121.40533">
        <ele>1928.44</ele>
      </trkpt>
      <trkpt lat="46.58411" lon="-121.40537">
        <ele>1921.56</ele>
      </trkpt>
      <trkpt lat="46.58382" lon="-121.40537">
        <ele>1918.0</ele>
      </trkpt>
      <trkpt lat="46.58349" lon="-121.40544">
        <ele>1917.44</ele>
      </trkpt>
      <trkpt lat="46.58313" lon="-121.40543">
        <ele>1915.57</ele>
      </trkpt>
      <trkpt lat="46.58278" lon="-121.40541">
        <ele>1913.87</ele>
      </trkpt>
      <trkpt lat="46.58239" lon="-121.40535">
        <ele>1910.56</ele>
      </trkpt>
      <trkpt lat="46.58222" lon="-121.40535">
        <ele>1910.55</ele>
      </trkpt>
      <trkpt lat="46.5821" lon="-121.4053">
        <ele>1908.72</ele>
      </trkpt>
      <trkpt lat="46.58194" lon="-121.40522">
        <ele>1906.13</ele>
      </trkpt>
      <trkpt lat="46.58173" lon="-121.40497">
        <ele>1905.31</ele>
      </trkpt>
      <trkpt lat="46.58165" lon="-121.40476">
        <ele>1903.0</ele>
      </trkpt>
      <trkpt lat="46.58154" lon="-121.40449">
        <ele>1900.23</ele>
      </trkpt>
      <trkpt lat="46.5815" lon="-121.40438">
        <ele>1899.9</ele>
      </trkpt>
      <trkpt lat="46.58154" lon="-121.40433">
        <ele>1898.5</ele>
      </trkpt>
      <trkpt lat="46.58167" lon="-121.40443">
        <ele>1897.81</ele>
      </trkpt>
      <trkpt lat="46.58199" lon="-121.40454">
        <ele>1896.06</ele>
      </trkpt>
      <trkpt lat="46.58213" lon="-121.40455">
        <ele>1894.28</ele>
      </trkpt>
      <trkpt lat="46.58223" lon="-121.40453">
        <ele>1892.92</ele>
      </trkpt>
      <trkpt lat="46.58231" lon="-121.40456">
        <ele>1893.5</ele>
      </trkpt>
      <trkpt lat="46.5825" lon="-121.40471">
        <ele>1896.74</ele>
      </trkpt>
      <trkpt lat="46.58257" lon="-121.40472">
        <ele>1897.71</ele>
      </trkpt>
      <trkpt lat="46.58267" lon="-121.4047">
        <ele>1897.52</ele>
      </trkpt>
      <trkpt lat="46.58281" lon="-121.40456">
        <ele>1894.5</ele>
      </trkpt>
      <trkpt lat="46.58304" lon="-121.40424">
        <ele>1888.58</ele>
      </trkpt>
      <trkpt lat="46.58312" lon="-121.4042">
        <ele>1888.17</ele>
      </trkpt>
      <trkpt lat="46.58324" lon="-121.40417">
        <ele>1888.07</ele>
      </trkpt>
      <trkpt lat="46.58338" lon="-121.4041">
        <ele>1888.06</ele>
      </trkpt>
      <trkpt lat="46.58353" lon="-121.40399">
        <ele>1887.31</ele>
      </trkpt>
      <trkpt lat="46.58383" lon="-121.40372">
        <ele>1885.72</ele>
      </trkpt>
      <trkpt lat="46.58414" lon="-121.40336">
        <ele>1883.29</ele>
      </trkpt>
      <trkpt lat="46.58438" lon="-121.40296">
        <ele>1880.85</ele>
      </trkpt>
      <trkpt lat="46.58449" lon="-121.40264">
        <ele>1877.75</ele>
      </trkpt>
      <trkpt lat="46.58464" lon="-121.40231">
        <ele>1873.34</ele>
      </trkpt>
      <trkpt lat="46.58469" lon="-121.40194">
        <ele>1865.88</ele>
      </trkpt>
      <trkpt lat="46.58484" lon="-121.40161">
        <ele>1865.2</ele>
      </trkpt>
      <trkpt lat="46.58493" lon="-121.40122">
        <ele>1862.08</ele>
      </trkpt>
      <trkpt lat="46.58504" lon="-121.40091">
        <ele>1860.46</ele>
      </trkpt>
      <trkpt lat="46.58507" lon="-121.40072">
        <ele>1859.04</ele>
      </trkpt>
      <trkpt lat="46.58497" lon="-121.40085">
        <ele>1856.01</ele>
      </trkpt>
      <trkpt lat="46.58484" lon="-121.40092">
        <ele>1852.48</ele>
      </trkpt>
      <trkpt lat="46.58456" lon="-121.40099">
        <ele>1847.05</ele>
      </trkpt>
      <trkpt lat="46.58431" lon="-121.40093">
        <ele>1840.18</ele>
      </trkpt>
      <trkpt lat="46.58396" lon="-121.40076">
        <ele>1833.42</ele>
      </trkpt>
      <trkpt lat="46.58368" lon="-121.4007">
        <ele>1830.12</ele>
      </trkpt>
      <trkpt lat="46.58335" lon="-121.40065">
        <ele>1828.04</ele>
      </trkpt>
      <trkpt lat="46.58305" lon="-121.40066">
        <ele>1824.32</ele>
      </trkpt>
      <trkpt lat="46.58271" lon="-121.40063">
        <ele>1817.0</ele>
      </trkpt>
      <trkpt lat="46.58255" lon="-121.40065">
        <ele>1812.67</ele>
      </trkpt>
      <trkpt lat="46.58218" lon="-121.40076">
        <ele>1807.62</ele>
      </trkpt>
      <trkpt lat="46.58173" lon="-121.40104">
        <ele>1804.15</ele>
      </trkpt>
      <trkpt lat="46.58161" lon="-121.40107">
        <ele>1803.5</ele>
      </trkpt>
      <trkpt lat="46.58152" lon="-121.40101">
        <ele>1801.19</ele>
      </trkpt>
      <trkpt lat="46.58142" lon="-121.40085">
        <ele>1796.7</ele>
      </trkpt>
      <trkpt lat="46.58121" lon="-121.40064">
        <ele>1791.97</ele>
      </trkpt>
      <trkpt lat="46.58108" lon="-121.40049">
        <ele>1790.29</ele>
      </trkpt>
      <trkpt lat="46.58094" lon="-121.40027">
        <ele>1787.92</ele>
      </trkpt>
      <trkpt lat="46.58068" lon="-121.39993">
        <ele>1783.98</ele>
      </trkpt>
      <trkpt lat="46.5805" lon="-121.39952">
        <ele>1779.42</ele>
      </trkpt>
      <trkpt lat="46.58034" lon="-121.3993">
        <ele>1777.21</ele>
      </trkpt>
      <trkpt lat="46.58012" lon="-121.39908">
        <ele>1774.79</ele>
      </trkpt>
      <trkpt lat="46.58" lon="-121.3989">
        <ele>1772.12</ele>
      </trkpt>
      <trkpt lat="46.57984" lon="-121.39875">
        <ele>1770.0</ele>
      </trkpt>
      <trkpt lat="46.5797" lon="-121.39855">
        <ele>1767.18</ele>
      </trkpt>
      <trkpt lat="46.57963" lon="-121.39837">
        <ele>1764.4</ele>
      </trkpt>
      <trkpt lat="46.57953" lon="-121.39823">
        <ele>1761.95</ele>
      </trkpt>
      <trkpt lat="46.57923" lon="-121.39794">
        <ele>1758.27</ele>
      </trkpt>
      <trkpt lat="46.579" lon="-121.39786">
        <ele>1755.89</ele>
      </trkpt>
      <trkpt lat="46.57873" lon="-121.39769">
        <ele>1755.45</ele>
      </trkpt>
      <trkpt lat="46.5786" lon="-121.3976">
        <ele>1757.32</ele>
      </trkpt>
      <trkpt lat="46.57848" lon="-121.39744">
        <ele>1758.18</ele>
      </trkpt>
      <trkpt lat="46.57831" lon="-121.3972">
        <ele>1756.77</ele>
      </trkpt>
      <trkpt lat="46.57822" lon="-121.39702">
        <ele>1753.86</ele>
      </trkpt>
      <trkpt lat="46.57818" lon="-121.39686">
        <ele>1749.92</ele>
      </trkpt>
      <trkpt lat="46.5781" lon="-121.39664">
        <ele>1744.29</ele>
      </trkpt>
      <trkpt lat="46.57805" lon="-121.39646">
        <ele>1740.32</ele>
      </trkpt>
      <trkpt lat="46.57785" lon="-121.39609">
        <ele>1733.54</ele>
      </trkpt>
      <trkpt lat="46.5778" lon="-121.39603">
        <ele>1732.25</ele>
      </trkpt>
      <trkpt lat="46.57773" lon="-121.39598">
        <ele>1730.65</ele>
      </trkpt>
      <trkpt lat="46.57764" lon="-121.39598">
        <ele>1729.19</ele>
      </trkpt>
      <trkpt lat="46.57753" lon="-121.39603">
        <ele>1727.22</ele>
      </trkpt>
      <trkpt lat="46.57721" lon="-121.39628">
        <ele>1722.25</ele>
      </trkpt>
      <trkpt lat="46.57709" lon="-121.39643">
        <ele>1720.6</ele>
      </trkpt>
      <trkpt lat="46.57689" lon="-121.39665">
        <ele>1717.95</ele>
      </trkpt>
      <trkpt lat="46.5767" lon="-121.39693">
        <ele>1716.13</ele>
      </trkpt>
      <trkpt lat="46.57657" lon="-121.39709">
        <ele>1712.94</ele>
      </trkpt>
      <trkpt lat="46.5762" lon="-121.39743">
        <ele>1703.13</ele>
      </trkpt>
      <trkpt lat="46.57592" lon="-121.39771">
        <ele>1699.08</ele>
      </trkpt>
      <trkpt lat="46.57536" lon="-121.39843">
        <ele>1692.71</ele>
      </trkpt>
      <trkpt lat="46.57522" lon="-121.39854">
        <ele>1690.36</ele>
      </trkpt>
      <trkpt lat="46.5749" lon="-121.39866">
        <ele>1681.76</ele>
      </trkpt>
      <trkpt lat="46.57479" lon="-121.39875">
        <ele>1677.93</ele>
      </trkpt>
      <trkpt lat="46.57463" lon="-121.39897">
        <ele>1671.14</ele>
      </trkpt>
      <trkpt lat="46.57459" lon="-121.39911">
        <ele>1668.33</ele>
      </trkpt>
      <trkpt lat="46.57459" lon="-121.39924">
        <ele>1666.92</ele>
      </trkpt>
      <trkpt lat="46.57464" lon="-121.39939">
        <ele>1667.81</ele>
      </trkpt>
      <trkpt lat="46.57503" lon="-121.40004">
        <ele>1674.65</ele>
      </trkpt>
      <trkpt lat="46.57513" lon="-121.40018">
        <ele>1676.81</ele>
      </trkpt>
      <trkpt lat="46.57516" lon="-121.40026">
        <ele>1677.46</ele>
      </trkpt>
      <trkpt lat="46.57513" lon="-121.40042">
        <ele>1676.4</ele>
      </trkpt>
      <trkpt lat="46.57521" lon="-121.40096">
        <ele>1674.9</ele>
      </trkpt>
      <trkpt lat="46.57522" lon="-121.4012">
        <ele>1673.42</ele>
      </trkpt>
      <trkpt lat="46.57519" lon="-121.40152">
        <ele>1668.64</ele>
      </trkpt>
      <trkpt lat="46.57516" lon="-121.40163">
        <ele>1666.25</ele>
      </trkpt>
      <trkpt lat="46.57508" lon="-121.40174">
        <ele>1662.28</ele>
      </trkpt>
      <trkpt lat="46.57504" lon="-121.40186">
        <ele>1659.74</ele>
      </trkpt>
      <trkpt lat="46.57507" lon="-121.40202">
        <ele>1657.12</ele>
      </trkpt>
      <trkpt lat="46.57514" lon="-121.4021">
        <ele>1657.34</ele>
      </trkpt>
      <trkpt lat="46.57557" lon="-121.40236">
        <ele>1663.67</ele>
      </trkpt>
      <trkpt lat="46.57566" lon="-121.40244">
        <ele>1664.21</ele>
      </trkpt>
      <trkpt lat="46.57574" lon="-121.40255">
        <ele>1664.45</ele>
      </trkpt>
      <trkpt lat="46.5759" lon="-121.40287">
        <ele>1664.44</ele>
      </trkpt>
      <trkpt lat="46.57598" lon="-121.40308">
        <ele>1664.75</ele>
      </trkpt>
      <trkpt lat="46.57597" lon="-121.4032">
        <ele>1664.16</ele>
      </trkpt>
      <trkpt lat="46.57592" lon="-121.40328">
        <ele>1662.84</ele>
      </trkpt>
      <trkpt lat="46.57583" lon="-121.4034">
        <ele>1660.89</ele>
      </trkpt>
      <trkpt lat="46.57582" lon="-121.40352">
        <ele>1659.71</ele>
      </trkpt>
      <trkpt lat="46.57581" lon="-121.40363">
        <ele>1659.09</ele>
      </trkpt>
      <trkpt lat="46.57575" lon="-121.40376">
        <ele>1656.59</ele>
      </trkpt>
      <trkpt lat="46.57564" lon="-121.40392">
        <ele>1651.46</ele>
      </trkpt>
      <trkpt lat="46.57561" lon="-121.40417">
        <ele>1649.76</ele>
      </trkpt>
      <trkpt lat="46.57548" lon="-121.40432">
        <ele>1646.37</ele>
      </trkpt>
      <trkpt lat="46.5753" lon="-121.40485">
        <ele>1639.57</ele>
      </trkpt>
      <trkpt lat="46.57529" lon="-121.40496">
        <ele>1637.62</ele>
      </trkpt>
      <trkpt lat="46.57532" lon="-121.40508">
        <ele>1636.59</ele>
      </trkpt>
      <trkpt lat="46.57537" lon="-121.40519">
        <ele>1634.94</ele>
      </trkpt>
      <trkpt lat="46.57539" lon="-121.40528">
        <ele>1634.38</ele>
      </trkpt>
      <trkpt lat="46.57538" lon="-121.40547">
        <ele>1631.07</ele>
      </trkpt>
      <trkpt lat="46.57533" lon="-121.40557">
        <ele>1627.97</ele>
      </trkpt>
      <trkpt lat="46.5753" lon="-121.40567">
        <ele>1626.06</ele>
      </trkpt>
      <trkpt lat="46.57521" lon="-121.40574">
        <ele>1622.55</ele>
      </trkpt>
      <trkpt lat="46.57499" lon="-121.40582">
        <ele>1620.4</ele>
      </trkpt>
      <trkpt lat="46.57489" lon="-121.40589">
        <ele>1620.46</ele>
      </trkpt>
      <trkpt lat="46.5748" lon="-121.4059">
        <ele>1620.68</ele>
      </trkpt>
      <trkpt lat="46.57473" lon="-121.40596">
        <ele>1620.18</ele>
      </trkpt>
      <trkpt lat="46.57472" lon="-121.40602">
        <ele>1618.97</ele>
      </trkpt>
      <trkpt lat="46.57498" lon="-121.40605">
        <ele>1617.32</ele>
      </trkpt>
      <trkpt lat="46.57522" lon="-121.40618">
        <ele>1618.17</ele>
      </trkpt>
      <trkpt lat="46.57532" lon="-121.40629">
        <ele>1618.52</ele>
      </trkpt>
      <trkpt lat="46.57535" lon="-121.4064">
        <ele>1616.66</ele>
      </trkpt>
      <trkpt lat="46.57536" lon="-121.40656">
        <ele>1614.19</ele>
      </trkpt>
      <trkpt lat="46.57536" lon="-121.40669">
        <ele>1612.38</ele>
      </trkpt>
      <trkpt lat="46.57542" lon="-121.40685">
        <ele>1611.09</ele>
      </trkpt>
      <trkpt lat="46.57548" lon="-121.40714">
        <ele>1613.64</ele>
      </trkpt>
      <trkpt lat="46.57548" lon="-121.40727">
        <ele>1614.46</ele>
      </trkpt>
      <trkpt lat="46.57545" lon="-121.40737">
        <ele>1614.37</ele>
      </trkpt>
      <trkpt lat="46.57538" lon="-121.40744">
        <ele>1613.52</ele>
      </trkpt>
      <trkpt lat="46.57525" lon="-121.40755">
        <ele>1611.54</ele>
      </trkpt>
      <trkpt lat="46.57515" lon="-121.40761">
        <ele>1609.55</ele>
      </trkpt>
      <trkpt lat="46.57476" lon="-121.40771">
        <ele>1601.41</ele>
      </trkpt>
      <trkpt lat="46.57461" lon="-121.40781">
        <ele>1598.58</ele>
      </trkpt>
      <trkpt lat="46.57449" lon="-121.40793">
        <ele>1594.01</ele>
      </trkpt>
      <trkpt lat="46.57436" lon="-121.40794">
        <ele>1589.51</ele>
      </trkpt>
      <trkpt lat="46.57428" lon="-121.40787">
        <ele>1588.45</ele>
      </trkpt>
      <trkpt lat="46.57418" lon="-121.40773">
        <ele>1585.43</ele>
      </trkpt>
      <trkpt lat="46.57416" lon="-121.4076">
        <ele>1583.65</ele>
      </trkpt>
      <trkpt lat="46.57417" lon="-121.40749">
        <ele>1583.14</ele>
      </trkpt>
      <trkpt lat="46.57415" lon="-121.40745">
        <ele>1582.11</ele>
      </trkpt>
      <trkpt lat="46.57407" lon="-121.40749">
        <ele>1577.08</ele>
      </trkpt>
      <trkpt lat="46.57399" lon="-121.40755">
        <ele>1573.84</ele>
      </trkpt>
      <trkpt lat="46.57397" lon="-121.40763">
        <ele>1573.11</ele>
      </trkpt>
      <trkpt lat="46.57399" lon="-121.40772">
        <ele>1575.21</ele>
      </trkpt>
      <trkpt lat="46.57405" lon="-121.40785">
        <ele>1579.9</ele>
      </trkpt>
      <trkpt lat="46.57403" lon="-121.408">
        <ele>1578.17</ele>
      </trkpt>
      <trkpt lat="46.57403" lon="-121.40811">
        <ele>1577.26</ele>
      </trkpt>
      <trkpt lat="46.57399" lon="-121.40827">
        <ele>1573.93</ele>
      </trkpt>
      <trkpt lat="46.574" lon="-121.40844">
        <ele>1571.1</ele>
      </trkpt>
      <trkpt lat="46.57406" lon="-121.40858">
        <ele>1569.47</ele>
      </trkpt>
      <trkpt lat="46.57421" lon="-121.40886">
        <ele>1566.93</ele>
      </trkpt>
      <trkpt lat="46.57428" lon="-121.40895">
        <ele>1566.05</ele>
      </trkpt>
      <trkpt lat="46.57445" lon="-121.40911">
        <ele>1566.31</ele>
      </trkpt>
      <trkpt lat="46.57472" lon="-121.4095">
        <ele>1563.78</ele>
      </trkpt>
      <trkpt lat="46.57484" lon="-121.40996">
        <ele>1566.89</ele>
      </trkpt>
      <trkpt lat="46.5749" lon="-121.41014">
        <ele>1567.7</ele>
      </trkpt>
      <trkpt lat="46.57489" lon="-121.41027">
        <ele>1565.35</ele>
      </trkpt>
      <trkpt lat="46.57472" lon="-121.41052">
        <ele>1555.7</ele>
      </trkpt>
      <trkpt lat="46.57469" lon="-121.41066">
        <ele>1552.61</ele>
      </trkpt>
      <trkpt lat="46.57473" lon="-121.41083">
        <ele>1554.42</ele>
      </trkpt>
      <trkpt lat="46.57476" lon="-121.41109">
        <ele>1555.73</ele>
      </trkpt>
      <trkpt lat="46.5747" lon="-121.4115">
        <ele>1550.69</ele>
      </trkpt>
      <trkpt lat="46.57458" lon="-121.41198">
        <ele>1542.88</ele>
      </trkpt>
      <trkpt lat="46.57457" lon="-121.41214">
        <ele>1544.89</ele>
      </trkpt>
      <trkpt lat="46.5746" lon="-121.41227">
        <ele>1547.57</ele>
      </trkpt>
      <trkpt lat="46.57458" lon="-121.4124">
        <ele>1546.86</ele>
      </trkpt>
      <trkpt lat="46.57451" lon="-121.4125">
        <ele>1543.83</ele>
      </trkpt>
      <trkpt lat="46.57441" lon="-121.41256">
        <ele>1539.51</ele>
      </trkpt>
      <trkpt lat="46.57418" lon="-121.41274">
        <ele>1534.49</ele>
      </trkpt>
      <trkpt lat="46.57408" lon="-121.41289">
        <ele>1532.58</ele>
      </trkpt>
      <trkpt lat="46.57398" lon="-121.41294">
        <ele>1532.78</ele>
      </trkpt>
      <trkpt lat="46.57393" lon="-121.41299">
        <ele>1532.24</ele>
      </trkpt>
      <trkpt lat="46.57371" lon="-121.41303">
        <ele>1534.76</ele>
      </trkpt>
      <trkpt lat="46.57362" lon="-121.41312">
        <ele>1532.82</ele>
      </trkpt>
      <trkpt lat="46.57334" lon="-121.41352">
        <ele>1522.98</ele>
      </trkpt>
      <trkpt lat="46.57333" lon="-121.41377">
        <ele>1519.28</ele>
      </trkpt>
      <trkpt lat="46.57328" lon="-121.4139">
        <ele>1516.88</ele>
      </trkpt>
      <trkpt lat="46.57321" lon="-121.41398">
        <ele>1516.02</ele>
      </trkpt>
      <trkpt lat="46.57313" lon="-121.41397">
        <ele>1516.12</ele>
      </trkpt>
      <trkpt lat="46.57303" lon="-121.41392">
        <ele>1516.66</ele>
      </trkpt>
      <trkpt lat="46.573" lon="-121.41401">
        <ele>1515.69</ele>
      </trkpt>
      <trkpt lat="46.57303" lon="-121.41409">
        <ele>1514.83</ele>
      </trkpt>
      <trkpt lat="46.5731" lon="-121.41416">
        <ele>1514.07</ele>
      </trkpt>
      <trkpt lat="46.57314" lon="-121.41424">
        <ele>1512.49</ele>
      </trkpt>
      <trkpt lat="46.57332" lon="-121.41449">
        <ele>1507.09</ele>
      </trkpt>
      <trkpt lat="46.57342" lon="-121.4147">
        <ele>1503.48</ele>
      </trkpt>
      <trkpt lat="46.57339" lon="-121.41484">
        <ele>1501.46</ele>
      </trkpt>
      <trkpt lat="46.57337" lon="-121.41545">
        <ele>1501.79</ele>
      </trkpt>
      <trkpt lat="46.57333" lon="-121.41562">
        <ele>1500.9</ele>
      </trkpt>
      <trkpt lat="46.57329" lon="-121.41565">
        <ele>1499.59</ele>
      </trkpt>
      <trkpt lat="46.57322" lon="-121.41568">
        <ele>1497.55</ele>
      </trkpt>
      <trkpt lat="46.57305" lon="-121.41568">
        <ele>1493.22</ele>
      </trkpt>
      <trkpt lat="46.57299" lon="-121.41571">
        <ele>1492.25</ele>
      </trkpt>
      <trkpt lat="46.57295" lon="-121.41581">
        <ele>1492.47</ele>
      </trkpt>
      <trkpt lat="46.57281" lon="-121.41606">
        <ele>1492.8</ele>
      </trkpt>
      <trkpt lat="46.57278" lon="-121.41615">
        <ele>1493.03</ele>
      </trkpt>
      <trkpt lat="46.57277" lon="-121.41634">
        <ele>1494.3</ele>
      </trkpt>
      <trkpt lat="46.57279" lon="-121.41647">
        <ele>1496.01</ele>
      </trkpt>
      <trkpt lat="46.57276" lon="-121.41653">
        <ele>1495.72</ele>
      </trkpt>
      <trkpt lat="46.57267" lon="-121.41656">
        <ele>1494.66</ele>
      </trkpt>
      <trkpt lat="46.57241" lon="-121.41654">
        <ele>1491.29</ele>
      </trkpt>
      <trkpt lat="46.57228" lon="-121.41661">
        <ele>1491.63</ele>
      </trkpt>
      <trkpt lat="46.57205" lon="-121.41671">
        <ele>1491.53</ele>
      </trkpt>
      <trkpt lat="46.57196" lon="-121.41671">
        <ele>1490.19</ele>
      </trkpt>
      <trkpt lat="46.57193" lon="-121.41678">
        <ele>1490.95</ele>
      </trkpt>
      <trkpt lat="46.57197" lon="-121.41684">
        <ele>1492.15</ele>
      </trkpt>
      <trkpt lat="46.57194" lon="-121.41688">
        <ele>1492.26</ele>
      </trkpt>
      <trkpt lat="46.57183" lon="-121.41692">
        <ele>1491.26</ele>
      </trkpt>
      <trkpt lat="46.57155" lon="-121.41697">
        <ele>1487.09</ele>
      </trkpt>
      <trkpt lat="46.57147" lon="-121.41697">
        <ele>1486.68</ele>
      </trkpt>
      <trkpt lat="46.57136" lon="-121.41688">
        <ele>1485.13</ele>
      </trkpt>
      <trkpt lat="46.5712" lon="-121.41684">
        <ele>1484.78</ele>
      </trkpt>
      <trkpt lat="46.57108" lon="-121.4167">
        <ele>1483.06</ele>
      </trkpt>
      <trkpt lat="46.57082" lon="-121.41653">
        <ele>1482.19</ele>
      </trkpt>
      <trkpt lat="46.57073" lon="-121.41653">
        <ele>1483.16</ele>
      </trkpt>
      <trkpt lat="46.57064" lon="-121.41655">
        <ele>1484.39</ele>
      </trkpt>
      <trkpt lat="46.57055" lon="-121.41666">
        <ele>1485.68</ele>
      </trkpt>
      <trkpt lat="46.57047" lon="-121.4168">
        <ele>1485.63</ele>
      </trkpt>
      <trkpt lat="46.57046" lon="-121.41694">
        <ele>1486.82</ele>
      </trkpt>
      <trkpt lat="46.57046" lon="-121.41707">
        <ele>1488.23</ele>
      </trkpt>
      <trkpt lat="46.57043" lon="-121.41723">
        <ele>1488.69</ele>
      </trkpt>
      <trkpt lat="46.57034" lon="-121.41732">
        <ele>1486.82</ele>
      </trkpt>
      <trkpt lat="46.57017" lon="-121.41765">
        <ele>1483.42</ele>
      </trkpt>
      <trkpt lat="46.57" lon="-121.41815">
        <ele>1485.02</ele>
      </trkpt>
      <trkpt lat="46.57002" lon="-121.41838">
        <ele>1486.86</ele>
      </trkpt>
      <trkpt lat="46.57001" lon="-121.41853">
        <ele>1486.43</ele>
      </trkpt>
      <trkpt lat="46.5699" lon="-121.41904">
        <ele>1484.57</ele>
      </trkpt>
      <trkpt lat="46.5699" lon="-121.41931">
        <ele>1485.56</ele>
      </trkpt>
      <trkpt lat="46.56996" lon="-121.41978">
        <ele>1489.84</ele>
      </trkpt>
      <trkpt lat="46.56997" lon="-121.4203">
        <ele>1487.62</ele>
      </trkpt>
      <trkpt lat="46.56986" lon="-121.42116">
        <ele>1489.95</ele>
      </trkpt>
      <trkpt lat="46.56975" lon="-121.42171">
        <ele>1487.91</ele>
      </trkpt>
      <trkpt lat="46.56969" lon="-121.42221">
        <ele>1494.52</ele>
      </trkpt>
      <trkpt lat="46.5697" lon="-121.42235">
        <ele>1495.38</ele>
      </trkpt>
      <trkpt lat="46.56966" lon="-121.42245">
        <ele>1496.46</ele>
      </trkpt>
      <trkpt lat="46.56958" lon="-121.42258">
        <ele>1497.86</ele>
      </trkpt>
      <trkpt lat="46.56952" lon="-121.42276">
        <ele>1500.47</ele>
      </trkpt>
      <trkpt lat="46.56942" lon="-121.42316">
        <ele>1503.0</ele>
      </trkpt>
      <trkpt lat="46.56919" lon="-121.42377">
        <ele>1502.0</ele>
      </trkpt>
      <trkpt lat="46.56907" lon="-121.42395">
        <ele>1501.0</ele>
      </trkpt>
      <trkpt lat="46.56883" lon="-121.42426">
        <ele>1498.99</ele>
      </trkpt>
      <trkpt lat="46.56851" lon="-121.42434">
        <ele>1498.35</ele>
      </trkpt>
      <trkpt lat="46.56823" lon="-121.42442">
        <ele>1494.06</ele>
      </trkpt>
      <trkpt lat="46.56808" lon="-121.42442">
        <ele>1496.26</ele>
      </trkpt>
      <trkpt lat="46.56786" lon="-121.42426">
        <ele>1498.66</ele>
      </trkpt>
      <trkpt lat="46.56777" lon="-121.42415">
        <ele>1496.92</ele>
      </trkpt>
      <trkpt lat="46.56769" lon="-121.42402">
        <ele>1496.64</ele>
      </trkpt>
      <trkpt lat="46.56762" lon="-121.42372">
        <ele>1497.88</ele>
      </trkpt>
      <trkpt lat="46.56766" lon="-121.42362">
        <ele>1498.0</ele>
      </trkpt>
      <trkpt lat="46.56768" lon="-121.42331">
        <ele>1500.0</ele>
      </trkpt>
      <trkpt lat="46.56754" lon="-121.42318">
        <ele>1500.28</ele>
      </trkpt>
      <trkpt lat="46.56743" lon="-121.42327">
        <ele>1499.68</ele>
      </trkpt>
      <trkpt lat="46.56721" lon="-121.42356">
        <ele>1497.55</ele>
      </trkpt>
      <trkpt lat="46.56703" lon="-121.42359">
        <ele>1497.23</ele>
      </trkpt>
      <trkpt lat="46.56687" lon="-121.42354">
        <ele>1497.77</ele>
      </trkpt>
      <trkpt lat="46.56679" lon="-121.42348">
        <ele>1498.42</ele>
      </trkpt>
      <trkpt lat="46.56655" lon="-121.42315">
        <ele>1499.99</ele>
      </trkpt>
      <trkpt lat="46.56642" lon="-121.42309">
        <ele>1500.63</ele>
      </trkpt>
      <trkpt lat="46.56628" lon="-121.42308">
        <ele>1499.95</ele>
      </trkpt>
      <trkpt lat="46.56619" lon="-121.4231">
        <ele>1499.52</ele>
      </trkpt>
      <trkpt lat="46.56616" lon="-121.42322">
        <ele>1499.0</ele>
      </trkpt>
      <trkpt lat="46.56613" lon="-121.42339">
        <ele>1498.0</ele>
      </trkpt>
      <trkpt lat="46.56604" lon="-121.42366">
        <ele>1496.11</ele>
      </trkpt>
      <trkpt lat="46.56602" lon="-121.42371">
        <ele>1495.93</ele>
      </trkpt>
      <trkpt lat="46.56595" lon="-121.42376">
        <ele>1494.65</ele>
      </trkpt>
      <trkpt lat="46.56586" lon="-121.42385">
        <ele>1493.59</ele>
      </trkpt>
      <trkpt lat="46.56578" lon="-121.42386">
        <ele>1492.74</ele>
      </trkpt>
      <trkpt lat="46.56568" lon="-121.42385">
        <ele>1491.11</ele>
      </trkpt>
      <trkpt lat="46.56544" lon="-121.42376">
        <ele>1489.24</ele>
      </trkpt>
      <trkpt lat="46.56534" lon="-121.42375">
        <ele>1489.0</ele>
      </trkpt>
      <trkpt lat="46.56507" lon="-121.42398">
        <ele>1488.0</ele>
      </trkpt>
      <trkpt lat="46.5648" lon="-121.42415">
        <ele>1488.19</ele>
      </trkpt>
      <trkpt lat="46.56456" lon="-121.42425">
        <ele>1489.85</ele>
      </trkpt>
      <trkpt lat="46.56426" lon="-121.42431">
        <ele>1491.44</ele>
      </trkpt>
      <trkpt lat="46.56412" lon="-121.42438">
        <ele>1491.05</ele>
      </trkpt>
      <trkpt lat="46.56402" lon="-121.42448">
        <ele>1489.62</ele>
      </trkpt>
      <trkpt lat="46.5639" lon="-121.42468">
        <ele>1486.51</ele>
      </trkpt>
      <trkpt lat="46.56382" lon="-121.42476">
        <ele>1484.44</ele>
      </trkpt>
      <trkpt lat="46.56374" lon="-121.42478">
        <ele>1482.92</ele>
      </trkpt>
      <trkpt lat="46.56363" lon="-121.42477">
        <ele>1480.48</ele>
      </trkpt>
      <trkpt lat="46.56353" lon="-121.42469">
        <ele>1479.37</ele>
      </trkpt>
      <trkpt lat="46.56335" lon="-121.42442">
        <ele>1487.53</ele>
      </trkpt>
      <trkpt lat="46.56325" lon="-121.42439">
        <ele>1488.18</ele>
      </trkpt>
      <trkpt lat="46.56306" lon="-121.42436">
        <ele>1487.87</ele>
      </trkpt>
      <trkpt lat="46.56289" lon="-121.4242">
        <ele>1487.99</ele>
      </trkpt>
      <trkpt lat="46.56284" lon="-121.42423">
        <ele>1486.99</ele>
      </trkpt>
      <trkpt lat="46.56287" lon="-121.42453">
        <ele>1482.01</ele>
      </trkpt>
      <trkpt lat="46.56285" lon="-121.42489">
        <ele>1482.66</ele>
      </trkpt>
      <trkpt lat="46.56279" lon="-121.42518">
        <ele>1483.78</ele>
      </trkpt>
      <trkpt lat="46.5627" lon="-121.42536">
        <ele>1485.54</ele>
      </trkpt>
      <trkpt lat="46.56268" lon="-121.42554">
        <ele>1484.28</ele>
      </trkpt>
      <trkpt lat="46.56263" lon="-121.42565">
        <ele>1483.17</ele>
      </trkpt>
      <trkpt lat="46.56252" lon="-121.42577">
        <ele>1483.15</ele>
      </trkpt>
      <trkpt lat="46.56244" lon="-121.42583">
        <ele>1482.1</ele>
      </trkpt>
      <trkpt lat="46.56239" lon="-121.42581">
        <ele>1482.94</ele>
      </trkpt>
      <trkpt lat="46.56223" lon="-121.42576">
        <ele>1485.57</ele>
      </trkpt>
      <trkpt lat="46.56216" lon="-121.42576">
        <ele>1486.79</ele>
      </trkpt>
      <trkpt lat="46.56202" lon="-121.42581">
        <ele>1487.73</ele>
      </trkpt>
      <trkpt lat="46.5619" lon="-121.42583">
        <ele>1488.59</ele>
      </trkpt>
      <trkpt lat="46.56179" lon="-121.42582">
        <ele>1489.43</ele>
      </trkpt>
      <trkpt lat="46.56161" lon="-121.42577">
        <ele>1489.83</ele>
      </trkpt>
      <trkpt lat="46.56151" lon="-121.42568">
        <ele>1489.24</ele>
      </trkpt>
      <trkpt lat="46.56143" lon="-121.42557">
        <ele>1489.11</ele>
      </trkpt>
      <trkpt lat="46.56132" lon="-121.42536">
        <ele>1489.99</ele>
      </trkpt>
      <trkpt lat="46.56126" lon="-121.42518">
        <ele>1490.88</ele>
      </trkpt>
      <trkpt lat="46.56117" lon="-121.4251">
        <ele>1488.46</ele>
      </trkpt>
      <trkpt lat="46.56113" lon="-121.42498">
        <ele>1488.61</ele>
      </trkpt>
      <trkpt lat="46.56115" lon="-121.42456">
        <ele>1489.26</ele>
      </trkpt>
      <trkpt lat="46.5611" lon="-121.4245">
        <ele>1488.28</ele>
      </trkpt>
      <trkpt lat="46.56105" lon="-121.42455">
        <ele>1487.25</ele>
      </trkpt>
      <trkpt lat="46.56077" lon="-121.42463">
        <ele>1485.99</ele>
      </trkpt>
      <trkpt lat="46.56064" lon="-121.42462">
        <ele>1486.21</ele>
      </trkpt>
      <trkpt lat="46.56031" lon="-121.42449">
        <ele>1487.36</ele>
      </trkpt>
      <trkpt lat="46.56004" lon="-121.42443">
        <ele>1487.31</ele>
      </trkpt>
      <trkpt lat="46.5598" lon="-121.42435">
        <ele>1488.86</ele>
      </trkpt>
      <trkpt lat="46.55959" lon="-121.42419">
        <ele>1487.89</ele>
      </trkpt>
      <trkpt lat="46.55949" lon="-121.42406">
        <ele>1484.97</ele>
      </trkpt>
      <trkpt lat="46.55944" lon="-121.42393">
        <ele>1482.25</ele>
      </trkpt>
      <trkpt lat="46.55942" lon="-121.42378">
        <ele>1480.55</ele>
      </trkpt>
      <trkpt lat="46.55948" lon="-121.42349">
        <ele>1481.54</ele>
      </trkpt>
      <trkpt lat="46.55949" lon="-121.42337">
        <ele>1481.98</ele>
      </trkpt>
      <trkpt lat="46.55944" lon="-121.42331">
        <ele>1481.52</ele>
      </trkpt>
      <trkpt lat="46.55924" lon="-121.42339">
        <ele>1480.37</ele>
      </trkpt>
      <trkpt lat="46.55902" lon="-121.42344">
        <ele>1480.63</ele>
      </trkpt>
      <trkpt lat="46.55884" lon="-121.42354">
        <ele>1479.43</ele>
      </trkpt>
      <trkpt lat="46.55866" lon="-121.4236">
        <ele>1478.24</ele>
      </trkpt>
      <trkpt lat="46.55849" lon="-121.4236">
        <ele>1477.24</ele>
      </trkpt>
      <trkpt lat="46.55836" lon="-121.42354">
        <ele>1477.82</ele>
      </trkpt>
      <trkpt lat="46.55816" lon="-121.42336">
        <ele>1476.06</ele>
      </trkpt>
      <trkpt lat="46.55796" lon="-121.42315">
        <ele>1472.88</ele>
      </trkpt>
      <trkpt lat="46.55784" lon="-121.42306">
        <ele>1470.92</ele>
      </trkpt>
      <trkpt lat="46.55763" lon="-121.42279">
        <ele>1468.08</ele>
      </trkpt>
      <trkpt lat="46.55756" lon="-121.42259">
        <ele>1468.62</ele>
      </trkpt>
      <trkpt lat="46.55746" lon="-121.42243">
        <ele>1466.46</ele>
      </trkpt>
      <trkpt lat="46.55734" lon="-121.42229">
        <ele>1463.35</ele>
      </trkpt>
      <trkpt lat="46.55727" lon="-121.42218">
        <ele>1463.22</ele>
      </trkpt>
      <trkpt lat="46.55723" lon="-121.422">
        <ele>1465.93</ele>
      </trkpt>
      <trkpt lat="46.55724" lon="-121.42179">
        <ele>1469.59</ele>
      </trkpt>
      <trkpt lat="46.55724" lon="-121.42165">
        <ele>1471.74</ele>
      </trkpt>
      <trkpt lat="46.55719" lon="-121.42157">
        <ele>1472.04</ele>
      </trkpt>
      <trkpt lat="46.55706" lon="-121.42153">
        <ele>1468.34</ele>
      </trkpt>
      <trkpt lat="46.55696" lon="-121.42141">
        <ele>1466.22</ele>
      </trkpt>
      <trkpt lat="46.55686" lon="-121.42142">
        <ele>1462.9</ele>
      </trkpt>
      <trkpt lat="46.55679" lon="-121.42139">
        <ele>1461.65</ele>
      </trkpt>
      <trkpt lat="46.55671" lon="-121.42132">
        <ele>1461.42</ele>
      </trkpt>
      <trkpt lat="46.5565" lon="-121.42102">
        <ele>1461.38</ele>
      </trkpt>
      <trkpt lat="46.5564" lon="-121.42094">
        <ele>1460.19</ele>
      </trkpt>
      <trkpt lat="46.55634" lon="-121.42089">
        <ele>1459.72</ele>
      </trkpt>
      <trkpt lat="46.55624" lon="-121.42088">
        <ele>1457.47</ele>
      </trkpt>
      <trkpt lat="46.55614" lon="-121.42093">
        <ele>1454.58</ele>
      </trkpt>
      <trkpt lat="46.55596" lon="-121.42103">
        <ele>1449.61</ele>
      </trkpt>
      <trkpt lat="46.5559" lon="-121.42109">
        <ele>1447.67</ele>
      </trkpt>
      <trkpt lat="46.55583" lon="-121.42103">
        <ele>1446.8</ele>
      </trkpt>
      <trkpt lat="46.55579" lon="-121.42093">
        <ele>1447.47</ele>
      </trkpt>
      <trkpt lat="46.55581" lon="-121.4208">
        <ele>1449.2</ele>
      </trkpt>
      <trkpt lat="46.55578" lon="-121.42075">
        <ele>1449.84</ele>
      </trkpt>
      <trkpt lat="46.55572" lon="-121.42075">
        <ele>1449.8</ele>
      </trkpt>
      <trkpt lat="46.5556" lon="-121.42086">
        <ele>1447.42</ele>
      </trkpt>
      <trkpt lat="46.55553" lon="-121.42086">
        <ele>1447.42</ele>
      </trkpt>
      <trkpt lat="46.55549" lon="-121.42078">
        <ele>1449.15</ele>
      </trkpt>
      <trkpt lat="46.55541" lon="-121.4208">
        <ele>1449.09</ele>
      </trkpt>
      <trkpt lat="46.5553" lon="-121.42088">
        <ele>1447.99</ele>
      </trkpt>
      <trkpt lat="46.5551" lon="-121.4209">
        <ele>1448.22</ele>
      </trkpt>
      <trkpt lat="46.5549" lon="-121.42087">
        <ele>1450.24</ele>
      </trkpt>
      <trkpt lat="46.55482" lon="-121.42087">
        <ele>1450.58</ele>
      </trkpt>
      <trkpt lat="46.55473" lon="-121.42085">
        <ele>1451.74</ele>
      </trkpt>
      <trkpt lat="46.55464" lon="-121.42075">
        <ele>1452.9</ele>
      </trkpt>
      <trkpt lat="46.55466" lon="-121.42047">
        <ele>1455.92</ele>
      </trkpt>
      <trkpt lat="46.5546" lon="-121.42044">
        <ele>1456.17</ele>
      </trkpt>
      <trkpt lat="46.55442" lon="-121.42052">
        <ele>1454.84</ele>
      </trkpt>
      <trkpt lat="46.55429" lon="-121.42042">
        <ele>1454.64</ele>
      </trkpt>
      <trkpt lat="46.55399" lon="-121.42006">
        <ele>1456.35</ele>
      </trkpt>
      <trkpt lat="46.55388" lon="-121.42006">
        <ele>1456.45</ele>
      </trkpt>
      <trkpt lat="46.55377" lon="-121.42012">
        <ele>1457.27</ele>
      </trkpt>
      <trkpt lat="46.55365" lon="-121.42005">
        <ele>1460.16</ele>
      </trkpt>
      <trkpt lat="46.55338" lon="-121.41979">
        <ele>1466.72</ele>
      </trkpt>
      <trkpt lat="46.55317" lon="-121.41976">
        <ele>1477.23</ele>
      </trkpt>
      <trkpt lat="46.5531" lon="-121.41992">
        <ele>1482.74</ele>
      </trkpt>
      <trkpt lat="46.55301" lon="-121.42007">
        <ele>1489.1</ele>
      </trkpt>
      <trkpt lat="46.55299" lon="-121.42027">
        <ele>1491.54</ele>
      </trkpt>
      <trkpt lat="46.55301" lon="-121.42051">
        <ele>1492.21</ele>
      </trkpt>
      <trkpt lat="46.55302" lon="-121.42109">
        <ele>1491.92</ele>
      </trkpt>
      <trkpt lat="46.55301" lon="-121.42146">
        <ele>1491.46</ele>
      </trkpt>
      <trkpt lat="46.55306" lon="-121.42201">
        <ele>1486.09</ele>
      </trkpt>
      <trkpt lat="46.55304" lon="-121.42225">
        <ele>1486.67</ele>
      </trkpt>
      <trkpt lat="46.553" lon="-121.42236">
        <ele>1488.89</ele>
      </trkpt>
      <trkpt lat="46.55294" lon="-121.42242">
        <ele>1491.99</ele>
      </trkpt>
      <trkpt lat="46.55295" lon="-121.42248">
        <ele>1491.56</ele>
      </trkpt>
      <trkpt lat="46.553" lon="-121.42265">
        <ele>1490.17</ele>
      </trkpt>
      <trkpt lat="46.55299" lon="-121.42281">
        <ele>1491.12</ele>
      </trkpt>
      <trkpt lat="46.5529" lon="-121.42289">
        <ele>1494.04</ele>
      </trkpt>
      <trkpt lat="46.55281" lon="-121.42286">
        <ele>1496.96</ele>
      </trkpt>
      <trkpt lat="46.5527" lon="-121.42274">
        <ele>1501.43</ele>
      </trkpt>
      <trkpt lat="46.5526" lon="-121.4227">
        <ele>1506.45</ele>
      </trkpt>
      <trkpt lat="46.5525" lon="-121.4227">
        <ele>1510.84</ele>
      </trkpt>
      <trkpt lat="46.55232" lon="-121.42285">
        <ele>1516.05</ele>
      </trkpt>
      <trkpt lat="46.55207" lon="-121.42286">
        <ele>1524.08</ele>
      </trkpt>
      <trkpt lat="46.55203" lon="-121.4229">
        <ele>1524.46</ele>
      </trkpt>
      <trkpt lat="46.55203" lon="-121.42305">
        <ele>1521.27</ele>
      </trkpt>
      <trkpt lat="46.55201" lon="-121.42315">
        <ele>1519.54</ele>
      </trkpt>
      <trkpt lat="46.55193" lon="-121.42321">
        <ele>1519.98</ele>
      </trkpt>
      <trkpt lat="46.55167" lon="-121.42343">
        <ele>1519.8</ele>
      </trkpt>
      <trkpt lat="46.55155" lon="-121.42344">
        <ele>1520.8</ele>
      </trkpt>
      <trkpt lat="46.55138" lon="-121.42339">
        <ele>1524.07</ele>
      </trkpt>
      <trkpt lat="46.55124" lon="-121.42329">
        <ele>1526.4</ele>
      </trkpt>
      <trkpt lat="46.55105" lon="-121.42314">
        <ele>1529.55</ele>
      </trkpt>
      <trkpt lat="46.55084" lon="-121.42293">
        <ele>1531.78</ele>
      </trkpt>
      <trkpt lat="46.5508" lon="-121.42284">
        <ele>1532.94</ele>
      </trkpt>
      <trkpt lat="46.55078" lon="-121.42275">
        <ele>1534.32</ele>
      </trkpt>
      <trkpt lat="46.55082" lon="-121.4226">
        <ele>1537.7</ele>
      </trkpt>
      <trkpt lat="46.5509" lon="-121.42245">
        <ele>1541.8</ele>
      </trkpt>
      <trkpt lat="46.55089" lon="-121.42226">
        <ele>1545.8</ele>
      </trkpt>
      <trkpt lat="46.55084" lon="-121.42209">
        <ele>1548.5</ele>
      </trkpt>
      <trkpt lat="46.55075" lon="-121.4219">
        <ele>1549.58</ele>
      </trkpt>
      <trkpt lat="46.55066" lon="-121.4218">
        <ele>1549.69</ele>
      </trkpt>
      <trkpt lat="46.55058" lon="-121.42172">
        <ele>1549.69</ele>
      </trkpt>
      <trkpt lat="46.55032" lon="-121.42154">
        <ele>1549.37</ele>
      </trkpt>
      <trkpt lat="46.55023" lon="-121.42143">
        <ele>1550.83</ele>
      </trkpt>
      <trkpt lat="46.55016" lon="-121.4213">
        <ele>1552.92</ele>
      </trkpt>
      <trkpt lat="46.55014" lon="-121.42118">
        <ele>1555.51</ele>
      </trkpt>
      <trkpt lat="46.5501" lon="-121.42115">
        <ele>1556.16</ele>
      </trkpt>
      <trkpt lat="46.54992" lon="-121.42124">
        <ele>1555.08</ele>
      </trkpt>
      <trkpt lat="46.54977" lon="-121.42111">
        <ele>1558.51</ele>
      </trkpt>
      <trkpt lat="46.54966" lon="-121.4212">
        <ele>1557.75</ele>
      </trkpt>
      <trkpt lat="46.54947" lon="-121.42126">
        <ele>1558.51</ele>
      </trkpt>
      <trkpt lat="46.54939" lon="-121.42125">
        <ele>1559.0</ele>
      </trkpt>
      <trkpt lat="46.54928" lon="-121.42119">
        <ele>1560.3</ele>
      </trkpt>
      <trkpt lat="46.54919" lon="-121.42118">
        <ele>1560.51</ele>
      </trkpt>
      <trkpt lat="46.54906" lon="-121.42122">
        <ele>1558.62</ele>
      </trkpt>
      <trkpt lat="46.54892" lon="-121.42131">
        <ele>1554.89</ele>
      </trkpt>
      <trkpt lat="46.54882" lon="-121.4213">
        <ele>1554.88</ele>
      </trkpt>
      <trkpt lat="46.54878" lon="-121.4212">
        <ele>1558.11</ele>
      </trkpt>
      <trkpt lat="46.54882" lon="-121.42096">
        <ele>1565.15</ele>
      </trkpt>
      <trkpt lat="46.54877" lon="-121.4209">
        <ele>1566.56</ele>
      </trkpt>
      <trkpt lat="46.54867" lon="-121.42091">
        <ele>1565.15</ele>
      </trkpt>
      <trkpt lat="46.54846" lon="-121.42104">
        <ele>1561.02</ele>
      </trkpt>
      <trkpt lat="46.5482" lon="-121.42116">
        <ele>1559.42</ele>
      </trkpt>
      <trkpt lat="46.54807" lon="-121.42116">
        <ele>1559.42</ele>
      </trkpt>
      <trkpt lat="46.54799" lon="-121.4211">
        <ele>1559.91</ele>
      </trkpt>
      <trkpt lat="46.54794" lon="-121.4209">
        <ele>1564.06</ele>
      </trkpt>
      <trkpt lat="46.54785" lon="-121.42083">
        <ele>1563.67</ele>
      </trkpt>
      <trkpt lat="46.54773" lon="-121.42081">
        <ele>1562.24</ele>
      </trkpt>
      <trkpt lat="46.54751" lon="-121.42091">
        <ele>1560.25</ele>
      </trkpt>
      <trkpt lat="46.5474" lon="-121.42102">
        <ele>1558.05</ele>
      </trkpt>
      <trkpt lat="46.54726" lon="-121.42105">
        <ele>1558.32</ele>
      </trkpt>
      <trkpt lat="46.54721" lon="-121.42118">
        <ele>1555.51</ele>
      </trkpt>
      <trkpt lat="46.54718" lon="-121.42128">
        <ele>1553.35</ele>
      </trkpt>
      <trkpt lat="46.54714" lon="-121.42135">
        <ele>1551.84</ele>
      </trkpt>
      <trkpt lat="46.54702" lon="-121.4214">
        <ele>1550.76</ele>
      </trkpt>
      <trkpt lat="46.54693" lon="-121.42141">
        <ele>1550.39</ele>
      </trkpt>
      <trkpt lat="46.54684" lon="-121.42141">
        <ele>1549.42</ele>
      </trkpt>
      <trkpt lat="46.54676" lon="-121.42138">
        <ele>1549.2</ele>
      </trkpt>
      <trkpt lat="46.5467" lon="-121.42125">
        <ele>1551.18</ele>
      </trkpt>
      <trkpt lat="46.54672" lon="-121.42109">
        <ele>1553.94</ele>
      </trkpt>
      <trkpt lat="46.54671" lon="-121.42094">
        <ele>1556.24</ele>
      </trkpt>
      <trkpt lat="46.54667" lon="-121.42073">
        <ele>1559.16</ele>
      </trkpt>
      <trkpt lat="46.54645" lon="-121.4207">
        <ele>1554.57</ele>
      </trkpt>
      <trkpt lat="46.54638" lon="-121.42072">
        <ele>1552.26</ele>
      </trkpt>
      <trkpt lat="46.54636" lon="-121.42067">
        <ele>1552.9</ele>
      </trkpt>
      <trkpt lat="46.54639" lon="-121.42052">
        <ele>1555.8</ele>
      </trkpt>
      <trkpt lat="46.54639" lon="-121.42034">
        <ele>1558.35</ele>
      </trkpt>
      <trkpt lat="46.54642" lon="-121.42015">
        <ele>1561.3</ele>
      </trkpt>
      <trkpt lat="46.54638" lon="-121.42011">
        <ele>1561.62</ele>
      </trkpt>
      <trkpt lat="46.5463" lon="-121.42021">
        <ele>1559.73</ele>
      </trkpt>
      <trkpt lat="46.54612" lon="-121.42028">
        <ele>1557.95</ele>
      </trkpt>
      <trkpt lat="46.54594" lon="-121.42039">
        <ele>1554.73</ele>
      </trkpt>
      <trkpt lat="46.54582" lon="-121.42041">
        <ele>1552.92</ele>
      </trkpt>
      <trkpt lat="46.54571" lon="-121.42036">
        <ele>1551.85</ele>
      </trkpt>
      <trkpt lat="46.54562" lon="-121.42026">
        <ele>1552.02</ele>
      </trkpt>
      <trkpt lat="46.54549" lon="-121.41996">
        <ele>1555.32</ele>
      </trkpt>
      <trkpt lat="46.54538" lon="-121.41981">
        <ele>1556.16</ele>
      </trkpt>
      <trkpt lat="46.54532" lon="-121.4196">
        <ele>1557.78</ele>
      </trkpt>
      <trkpt lat="46.54508" lon="-121.41907">
        <ele>1557.73</ele>
      </trkpt>
      <trkpt lat="46.54493" lon="-121.41884">
        <ele>1555.49</ele>
      </trkpt>
      <trkpt lat="46.54476" lon="-121.41872">
        <ele>1552.82</ele>
      </trkpt>
      <trkpt lat="46.54462" lon="-121.41854">
        <ele>1550.58</ele>
      </trkpt>
      <trkpt lat="46.54454" lon="-121.41839">
        <ele>1550.04</ele>
      </trkpt>
      <trkpt lat="46.54428" lon="-121.41812">
        <ele>1547.29</ele>
      </trkpt>
      <trkpt lat="46.5442" lon="-121.41801">
        <ele>1546.36</ele>
      </trkpt>
      <trkpt lat="46.54417" lon="-121.41778">
        <ele>1546.07</ele>
      </trkpt>
      <trkpt lat="46.54408" lon="-121.41767">
        <ele>1543.36</ele>
      </trkpt>
      <trkpt lat="46.54398" lon="-121.41765">
        <ele>1540.34</ele>
      </trkpt>
      <trkpt lat="46.54389" lon="-121.41769">
        <ele>1538.02</ele>
      </trkpt>
      <trkpt lat="46.54382" lon="-121.41782">
        <ele>1538.46</ele>
      </trkpt>
      <trkpt lat="46.54372" lon="-121.41798">
        <ele>1541.18</ele>
      </trkpt>
      <trkpt lat="46.54367" lon="-121.41802">
        <ele>1541.62</ele>
      </trkpt>
      <trkpt lat="46.54346" lon="-121.41806">
        <ele>1543.05</ele>
      </trkpt>
      <trkpt lat="46.54337" lon="-121.41809">
        <ele>1542.99</ele>
      </trkpt>
      <trkpt lat="46.543" lon="-121.41836">
        <ele>1543.8</ele>
      </trkpt>
      <trkpt lat="46.54278" lon="-121.41856">
        <ele>1543.48</ele>
      </trkpt>
      <trkpt lat="46.54278" lon="-121.41856">
        <ele>1543.48</ele>
      </trkpt>
      <trkpt lat="46.54275" lon="-121.41858">
        <ele>1543.06</ele>
      </trkpt>
      <trkpt lat="46.54268" lon="-121.41873">
        <ele>1544.17</ele>
      </trkpt>
      <trkpt lat="46.54255" lon="-121.41896">
        <ele>1544.85</ele>
      </trkpt>
      <trkpt lat="46.54243" lon="-121.41927">
        <ele>1548.69</ele>
      </trkpt>
      <trkpt lat="46.54225" lon="-121.41961">
        <ele>1552.18</ele>
      </trkpt>
      <trkpt lat="46.54219" lon="-121.41978">
        <ele>1552.93</ele>
      </trkpt>
      <trkpt lat="46.54208" lon="-121.41996">
        <ele>1553.06</ele>
      </trkpt>
      <trkpt lat="46.54202" lon="-121.42018">
        <ele>1555.53</ele>
      </trkpt>
      <trkpt lat="46.54191" lon="-121.42052">
        <ele>1560.49</ele>
      </trkpt>
      <trkpt lat="46.54173" lon="-121.42073">
        <ele>1560.17</ele>
      </trkpt>
      <trkpt lat="46.54161" lon="-121.42095">
        <ele>1562.36</ele>
      </trkpt>
      <trkpt lat="46.54147" lon="-121.42113">
        <ele>1564.28</ele>
      </trkpt>
      <trkpt lat="46.54135" lon="-121.4212">
        <ele>1564.92</ele>
      </trkpt>
      <trkpt lat="46.54122" lon="-121.42123">
        <ele>1567.27</ele>
      </trkpt>
      <trkpt lat="46.54113" lon="-121.42122">
        <ele>1568.94</ele>
      </trkpt>
      <trkpt lat="46.54102" lon="-121.42118">
        <ele>1570.46</ele>
      </trkpt>
      <trkpt lat="46.54083" lon="-121.42119">
        <ele>1572.89</ele>
      </trkpt>
      <trkpt lat="46.54066" lon="-121.42122">
        <ele>1576.12</ele>
      </trkpt>
      <trkpt lat="46.54052" lon="-121.42121">
        <ele>1577.52</ele>
      </trkpt>
      <trkpt lat="46.54044" lon="-121.42117">
        <ele>1577.0</ele>
      </trkpt>
      <trkpt lat="46.54027" lon="-121.42099">
        <ele>1574.41</ele>
      </trkpt>
      <trkpt lat="46.54003" lon="-121.42085">
        <ele>1572.36</ele>
      </trkpt>
      <trkpt lat="46.53983" lon="-121.42068">
        <ele>1569.34</ele>
      </trkpt>
      <trkpt lat="46.53967" lon="-121.42065">
        <ele>1569.59</ele>
      </trkpt>
      <trkpt lat="46.53951" lon="-121.42067">
        <ele>1570.53</ele>
      </trkpt>
      <trkpt lat="46.53936" lon="-121.42076">
        <ele>1572.02</ele>
      </trkpt>
      <trkpt lat="46.53923" lon="-121.42082">
        <ele>1572.86</ele>
      </trkpt>
      <trkpt lat="46.5391" lon="-121.42082">
        <ele>1572.96</ele>
      </trkpt>
      <trkpt lat="46.53896" lon="-121.42096">
        <ele>1575.09</ele>
      </trkpt>
      <trkpt lat="46.53892" lon="-121.42105">
        <ele>1576.0</ele>
      </trkpt>
      <trkpt lat="46.53889" lon="-121.42117">
        <ele>1577.0</ele>
      </trkpt>
      <trkpt lat="46.53885" lon="-121.42151">
        <ele>1579.89</ele>
      </trkpt>
      <trkpt lat="46.53889" lon="-121.42177">
        <ele>1582.13</ele>
      </trkpt>
      <trkpt lat="46.53889" lon="-121.42192">
        <ele>1583.75</ele>
      </trkpt>
      <trkpt lat="46.53899" lon="-121.42196">
        <ele>1585.18</ele>
      </trkpt>
      <trkpt lat="46.53908" lon="-121.42191">
        <ele>1584.69</ele>
      </trkpt>
      <trkpt lat="46.53936" lon="-121.42171">
        <ele>1584.56</ele>
      </trkpt>
      <trkpt lat="46.53943" lon="-121.42169">
        <ele>1585.1</ele>
      </trkpt>
      <trkpt lat="46.53952" lon="-121.42169">
        <ele>1586.27</ele>
      </trkpt>
      <trkpt lat="46.53963" lon="-121.42185">
        <ele>1592.92</ele>
      </trkpt>
      <trkpt lat="46.53992" lon="-121.42193">
        <ele>1597.53</ele>
      </trkpt>
      <trkpt lat="46.54" lon="-121.42202">
        <ele>1600.45</ele>
      </trkpt>
      <trkpt lat="46.54017" lon="-121.42208">
        <ele>1605.06</ele>
      </trkpt>
      <trkpt lat="46.54017" lon="-121.42216">
        <ele>1607.66</ele>
      </trkpt>
      <trkpt lat="46.54007" lon="-121.42216">
        <ele>1605.66</ele>
      </trkpt>
      <trkpt lat="46.53997" lon="-121.42222">
        <ele>1605.94</ele>
      </trkpt>
      <trkpt lat="46.5398" lon="-121.42226">
        <ele>1606.16</ele>
      </trkpt>
      <trkpt lat="46.53973" lon="-121.42233">
        <ele>1607.58</ele>
      </trkpt>
      <trkpt lat="46.5396" lon="-121.4227">
        <ele>1618.52</ele>
      </trkpt>
      <trkpt lat="46.53947" lon="-121.42295">
        <ele>1623.13</ele>
      </trkpt>
      <trkpt lat="46.5392" lon="-121.4233">
        <ele>1627.23</ele>
      </trkpt>
      <trkpt lat="46.53899" lon="-121.42353">
        <ele>1625.62</ele>
      </trkpt>
      <trkpt lat="46.53885" lon="-121.42379">
        <ele>1623.79</ele>
      </trkpt>
      <trkpt lat="46.5387" lon="-121.42397">
        <ele>1616.68</ele>
      </trkpt>
      <trkpt lat="46.53865" lon="-121.42413">
        <ele>1615.96</ele>
      </trkpt>
      <trkpt lat="46.53863" lon="-121.42428">
        <ele>1617.07</ele>
      </trkpt>
      <trkpt lat="46.53863" lon="-121.42564">
        <ele>1639.16</ele>
      </trkpt>
      <trkpt lat="46.53862" lon="-121.42583">
        <ele>1643.5</ele>
      </trkpt>
      <trkpt lat="46.53855" lon="-121.42612">
        <ele>1642.6</ele>
      </trkpt>
      <trkpt lat="46.53859" lon="-121.42618">
        <ele>1644.12</ele>
      </trkpt>
      <trkpt lat="46.53874" lon="-121.42581">
        <ele>1650.06</ele>
      </trkpt>
      <trkpt lat="46.53881" lon="-121.42564">
        <ele>1650.5</ele>
      </trkpt>
      <trkpt lat="46.53885" lon="-121.42546">
        <ele>1649.84</ele>
      </trkpt>
      <trkpt lat="46.53892" lon="-121.42527">
        <ele>1649.87</ele>
      </trkpt>
      <trkpt lat="46.53904" lon="-121.4251">
        <ele>1651.69</ele>
      </trkpt>
      <trkpt lat="46.53912" lon="-121.42496">
        <ele>1652.84</ele>
      </trkpt>
      <trkpt lat="46.5392" lon="-121.42478">
        <ele>1654.42</ele>
      </trkpt>
      <trkpt lat="46.53924" lon="-121.42481">
        <ele>1656.91</ele>
      </trkpt>
      <trkpt lat="46.53924" lon="-121.42513">
        <ele>1661.77</ele>
      </trkpt>
      <trkpt lat="46.53917" lon="-121.42542">
        <ele>1663.25</ele>
      </trkpt>
      <trkpt lat="46.53912" lon="-121.42571">
        <ele>1667.65</ele>
      </trkpt>
      <trkpt lat="46.53906" lon="-121.42631">
        <ele>1671.09</ele>
      </trkpt>
      <trkpt lat="46.53907" lon="-121.42646">
        <ele>1671.74</ele>
      </trkpt>
      <trkpt lat="46.53915" lon="-121.42666">
        <ele>1675.33</ele>
      </trkpt>
      <trkpt lat="46.53915" lon="-121.42682">
        <ele>1676.22</ele>
      </trkpt>
      <trkpt lat="46.5391" lon="-121.42694">
        <ele>1675.76</ele>
      </trkpt>
      <trkpt lat="46.53907" lon="-121.42709">
        <ele>1676.97</ele>
      </trkpt>
      <trkpt lat="46.53906" lon="-121.42746">
        <ele>1684.22</ele>
      </trkpt>
      <trkpt lat="46.53908" lon="-121.42759">
        <ele>1687.36</ele>
      </trkpt>
      <trkpt lat="46.53916" lon="-121.42787">
        <ele>1694.71</ele>
      </trkpt>
      <trkpt lat="46.53911" lon="-121.42843">
        <ele>1696.91</ele>
      </trkpt>
      <trkpt lat="46.53903" lon="-121.42866">
        <ele>1702.16</ele>
      </trkpt>
      <trkpt lat="46.53896" lon="-121.42879">
        <ele>1703.42</ele>
      </trkpt>
      <trkpt lat="46.53886" lon="-121.42893">
        <ele>1700.02</ele>
      </trkpt>
      <trkpt lat="46.53883" lon="-121.42906">
        <ele>1701.11</ele>
      </trkpt>
      <trkpt lat="46.53883" lon="-121.42936">
        <ele>1709.26</ele>
      </trkpt>
      <trkpt lat="46.53888" lon="-121.42938">
        <ele>1709.91</ele>
      </trkpt>
      <trkpt lat="46.53895" lon="-121.42921">
        <ele>1709.11</ele>
      </trkpt>
      <trkpt lat="46.53904" lon="-121.42912">
        <ele>1711.71</ele>
      </trkpt>
      <trkpt lat="46.53913" lon="-121.42906">
        <ele>1713.57</ele>
      </trkpt>
      <trkpt lat="46.53924" lon="-121.42904">
        <ele>1715.85</ele>
      </trkpt>
      <trkpt lat="46.53932" lon="-121.42906">
        <ele>1718.01</ele>
      </trkpt>
      <trkpt lat="46.53942" lon="-121.42915">
        <ele>1722.11</ele>
      </trkpt>
      <trkpt lat="46.53949" lon="-121.42926">
        <ele>1725.51</ele>
      </trkpt>
      <trkpt lat="46.53961" lon="-121.42949">
        <ele>1730.2</ele>
      </trkpt>
      <trkpt lat="46.53962" lon="-121.42956">
        <ele>1731.6</ele>
      </trkpt>
      <trkpt lat="46.53961" lon="-121.42963">
        <ele>1733.22</ele>
      </trkpt>
      <trkpt lat="46.53956" lon="-121.42983">
        <ele>1736.08</ele>
      </trkpt>
      <trkpt lat="46.53958" lon="-121.43019">
        <ele>1745.15</ele>
      </trkpt>
      <trkpt lat="46.53965" lon="-121.4304">
        <ele>1746.88</ele>
      </trkpt>
      <trkpt lat="46.53971" lon="-121.43057">
        <ele>1748.31</ele>
      </trkpt>
      <trkpt lat="46.53975" lon="-121.43064">
        <ele>1748.31</ele>
      </trkpt>
      <trkpt lat="46.53988" lon="-121.43096">
        <ele>1750.07</ele>
      </trkpt>
      <trkpt lat="46.53994" lon="-121.43106">
        <ele>1750.19</ele>
      </trkpt>
      <trkpt lat="46.53992" lon="-121.43109">
        <ele>1751.27</ele>
      </trkpt>
      <trkpt lat="46.53989" lon="-121.43104">
        <ele>1750.98</ele>
      </trkpt>
      <trkpt lat="46.53971" lon="-121.43093">
        <ele>1753.31</ele>
      </trkpt>
      <trkpt lat="46.53936" lon="-121.43081">
        <ele>1757.41</ele>
      </trkpt>
      <trkpt lat="46.53924" lon="-121.43081">
        <ele>1757.29</ele>
      </trkpt>
      <trkpt lat="46.53918" lon="-121.43086">
        <ele>1757.72</ele>
      </trkpt>
      <trkpt lat="46.53913" lon="-121.43093">
        <ele>1758.65</ele>
      </trkpt>
      <trkpt lat="46.53903" lon="-121.43112">
        <ele>1757.67</ele>
      </trkpt>
      <trkpt lat="46.53898" lon="-121.43129">
        <ele>1755.93</ele>
      </trkpt>
      <trkpt lat="46.53897" lon="-121.43143">
        <ele>1756.38</ele>
      </trkpt>
      <trkpt lat="46.53895" lon="-121.43174">
        <ele>1755.03</ele>
      </trkpt>
      <trkpt lat="46.539" lon="-121.43212">
        <ele>1757.92</ele>
      </trkpt>
      <trkpt lat="46.53901" lon="-121.43247">
        <ele>1767.05</ele>
      </trkpt>
      <trkpt lat="46.53892" lon="-121.43282">
        <ele>1770.5</ele>
      </trkpt>
      <trkpt lat="46.53891" lon="-121.43331">
        <ele>1770.89</ele>
      </trkpt>
      <trkpt lat="46.53893" lon="-121.43355">
        <ele>1773.78</ele>
      </trkpt>
      <trkpt lat="46.53892" lon="-121.43371">
        <ele>1772.68</ele>
      </trkpt>
      <trkpt lat="46.53893" lon="-121.43385">
        <ele>1773.8</ele>
      </trkpt>
      <trkpt lat="46.53892" lon="-121.43401">
        <ele>1774.88</ele>
      </trkpt>
      <trkpt lat="46.5389" lon="-121.43417">
        <ele>1774.63</ele>
      </trkpt>
      <trkpt lat="46.53884" lon="-121.43439">
        <ele>1773.99</ele>
      </trkpt>
      <trkpt lat="46.5388" lon="-121.43456">
        <ele>1774.11</ele>
      </trkpt>
      <trkpt lat="46.53877" lon="-121.43468">
        <ele>1773.72</ele>
      </trkpt>
      <trkpt lat="46.53871" lon="-121.43476">
        <ele>1773.45</ele>
      </trkpt>
      <trkpt lat="46.53869" lon="-121.43483">
        <ele>1773.89</ele>
      </trkpt>
      <trkpt lat="46.5387" lon="-121.43489">
        <ele>1774.76</ele>
      </trkpt>
      <trkpt lat="46.5388" lon="-121.43486">
        <ele>1774.02</ele>
      </trkpt>
      <trkpt lat="46.53911" lon="-121.43468">
        <ele>1776.14</ele>
      </trkpt>
      <trkpt lat="46.53926" lon="-121.4347">
        <ele>1771.7</ele>
      </trkpt>
      <trkpt lat="46.53936" lon="-121.43468">
        <ele>1769.02</ele>
      </trkpt>
      <trkpt lat="46.5394" lon="-121.4347">
        <ele>1766.64</ele>
      </trkpt>
      <trkpt lat="46.53938" lon="-121.43474">
        <ele>1766.21</ele>
      </trkpt>
      <trkpt lat="46.53922" lon="-121.43479">
        <ele>1770.81</ele>
      </trkpt>
      <trkpt lat="46.539" lon="-121.43514">
        <ele>1768.79</ele>
      </trkpt>
      <trkpt lat="46.53885" lon="-121.43544">
        <ele>1771.35</ele>
      </trkpt>
      <trkpt lat="46.53877" lon="-121.4357">
        <ele>1770.58</ele>
      </trkpt>
      <trkpt lat="46.53872" lon="-121.4358">
        <ele>1771.25</ele>
      </trkpt>
      <trkpt lat="46.53871" lon="-121.43584">
        <ele>1770.59</ele>
      </trkpt>
      <trkpt lat="46.53874" lon="-121.43585">
        <ele>1769.14</ele>
      </trkpt>
      <trkpt lat="46.53891" lon="-121.43558">
        <ele>1766.62</ele>
      </trkpt>
      <trkpt lat="46.53934" lon="-121.43527">
        <ele>1754.34</ele>
      </trkpt>
      <trkpt lat="46.53943" lon="-121.43519">
        <ele>1754.1</ele>
      </trkpt>
      <trkpt lat="46.5395" lon="-121.43514">
        <ele>1753.29</ele>
      </trkpt>
      <trkpt lat="46.53954" lon="-121.43514">
        <ele>1752.39</ele>
      </trkpt>
      <trkpt lat="46.53954" lon="-121.43519">
        <ele>1751.85</ele>
      </trkpt>
      <trkpt lat="46.53941" lon="-121.43537">
        <ele>1752.75</ele>
      </trkpt>
      <trkpt lat="46.53939" lon="-121.43547">
        <ele>1752.18</ele>
      </trkpt>
      <trkpt lat="46.53926" lon="-121.43572">
        <ele>1753.2</ele>
      </trkpt>
      <trkpt lat="46.53923" lon="-121.43581">
        <ele>1753.2</ele>
      </trkpt>
      <trkpt lat="46.53923" lon="-121.43588">
        <ele>1752.44</ele>
      </trkpt>
      <trkpt lat="46.53929" lon="-121.43606">
        <ele>1748.56</ele>
      </trkpt>
      <trkpt lat="46.5395" lon="-121.43645">
        <ele>1732.14</ele>
      </trkpt>
      <trkpt lat="46.53954" lon="-121.43665">
        <ele>1730.94</ele>
      </trkpt>
      <trkpt lat="46.53953" lon="-121.43687">
        <ele>1730.97</ele>
      </trkpt>
      <trkpt lat="46.53954" lon="-121.43696">
        <ele>1729.9</ele>
      </trkpt>
      <trkpt lat="46.53953" lon="-121.43704">
        <ele>1730.2</ele>
      </trkpt>
      <trkpt lat="46.53951" lon="-121.43708">
        <ele>1730.41</ele>
      </trkpt>
      <trkpt lat="46.53947" lon="-121.43725">
        <ele>1730.37</ele>
      </trkpt>
      <trkpt lat="46.53948" lon="-121.43738">
        <ele>1729.41</ele>
      </trkpt>
      <trkpt lat="46.53948" lon="-121.43743">
        <ele>1729.23</ele>
      </trkpt>
      <trkpt lat="46.53945" lon="-121.43749">
        <ele>1729.88</ele>
      </trkpt>
      <trkpt lat="46.53943" lon="-121.43759">
        <ele>1730.31</ele>
      </trkpt>
      <trkpt lat="46.53937" lon="-121.4377">
        <ele>1732.41</ele>
      </trkpt>
      <trkpt lat="46.53927" lon="-121.43801">
        <ele>1733.69</ele>
      </trkpt>
      <trkpt lat="46.53911" lon="-121.43836">
        <ele>1731.76</ele>
      </trkpt>
      <trkpt lat="46.53888" lon="-121.43879">
        <ele>1737.23</ele>
      </trkpt>
      <trkpt lat="46.53887" lon="-121.43887">
        <ele>1737.61</ele>
      </trkpt>
      <trkpt lat="46.53882" lon="-121.43892">
        <ele>1739.48</ele>
      </trkpt>
      <trkpt lat="46.53875" lon="-121.43913">
        <ele>1742.5</ele>
      </trkpt>
      <trkpt lat="46.53873" lon="-121.4393">
        <ele>1743.15</ele>
      </trkpt>
      <trkpt lat="46.53868" lon="-121.43937">
        <ele>1745.02</ele>
      </trkpt>
      <trkpt lat="46.53861" lon="-121.43959">
        <ele>1748.05</ele>
      </trkpt>
      <trkpt lat="46.53853" lon="-121.43988">
        <ele>1751.38</ele>
      </trkpt>
      <trkpt lat="46.53848" lon="-121.43998">
        <ele>1752.88</ele>
      </trkpt>
      <trkpt lat="46.53843" lon="-121.44004">
        <ele>1754.39</ele>
      </trkpt>
      <trkpt lat="46.5384" lon="-121.44005">
        <ele>1755.71</ele>
      </trkpt>
      <trkpt lat="46.53837" lon="-121.44015">
        <ele>1755.8</ele>
      </trkpt>
      <trkpt lat="46.53834" lon="-121.44022">
        <ele>1756.36</ele>
      </trkpt>
      <trkpt lat="46.53833" lon="-121.44033">
        <ele>1755.56</ele>
      </trkpt>
      <trkpt lat="46.5383" lon="-121.44042">
        <ele>1755.54</ele>
      </trkpt>
      <trkpt lat="46.53829" lon="-121.4405">
        <ele>1755.62</ele>
      </trkpt>
      <trkpt lat="46.53829" lon="-121.44058">
        <ele>1756.2</ele>
      </trkpt>
      <trkpt lat="46.53834" lon="-121.44066">
        <ele>1756.11</ele>
      </trkpt>
      <trkpt lat="46.53835" lon="-121.44071">
        <ele>1756.98</ele>
      </trkpt>
      <trkpt lat="46.53832" lon="-121.44083">
        <ele>1760.35</ele>
      </trkpt>
      <trkpt lat="46.53829" lon="-121.44084">
        <ele>1761.62</ele>
      </trkpt>
      <trkpt lat="46.5382" lon="-121.44084">
        <ele>1764.91</ele>
      </trkpt>
      <trkpt lat="46.53819" lon="-121.44088">
        <ele>1766.15</ele>
      </trkpt>
      <trkpt lat="46.5382" lon="-121.44101">
        <ele>1769.6</ele>
      </trkpt>
      <trkpt lat="46.53819" lon="-121.44103">
        <ele>1770.48</ele>
      </trkpt>
      <trkpt lat="46.53811" lon="-121.44102">
        <ele>1772.3</ele>
      </trkpt>
      <trkpt lat="46.53808" lon="-121.44104">
        <ele>1774.14</ele>
      </trkpt>
      <trkpt lat="46.53808" lon="-121.4411">
        <ele>1776.73</ele>
      </trkpt>
      <trkpt lat="46.53806" lon="-121.44115">
        <ele>1779.14</ele>
      </trkpt>
      <trkpt lat="46.53806" lon="-121.44122">
        <ele>1781.42</ele>
      </trkpt>
      <trkpt lat="46.53807" lon="-121.44125">
        <ele>1782.11</ele>
      </trkpt>
      <trkpt lat="46.53806" lon="-121.44128">
        <ele>1783.34</ele>
      </trkpt>
      <trkpt lat="46.53801" lon="-121.44127">
        <ele>1783.78</ele>
      </trkpt>
      <trkpt lat="46.53799" lon="-121.44131">
        <ele>1784.96</ele>
      </trkpt>
      <trkpt lat="46.53799" lon="-121.44133">
        <ele>1785.33</ele>
      </trkpt>
      <trkpt lat="46.53801" lon="-121.44135">
        <ele>1785.36</ele>
      </trkpt>
      <trkpt lat="46.53801" lon="-121.44138">
        <ele>1785.84</ele>
      </trkpt>
      <trkpt lat="46.53799" lon="-121.4414">
        <ele>1786.57</ele>
      </trkpt>
      <trkpt lat="46.53797" lon="-121.4414">
        <ele>1786.98</ele>
      </trkpt>
      <trkpt lat="46.53796" lon="-121.44142">
        <ele>1787.42</ele>
      </trkpt>
      <trkpt lat="46.53797" lon="-121.44146">
        <ele>1787.67</ele>
      </trkpt>
      <trkpt lat="46.53796" lon="-121.44148">
        <ele>1788.05</ele>
      </trkpt>
      <trkpt lat="46.53792" lon="-121.44149">
        <ele>1789.07</ele>
      </trkpt>
      <trkpt lat="46.53792" lon="-121.44154">
        <ele>1789.9</ele>
      </trkpt>
      <trkpt lat="46.53792" lon="-121.4416">
        <ele>1790.61</ele>
      </trkpt>
      <trkpt lat="46.53788" lon="-121.4417">
        <ele>1791.4</ele>
      </trkpt>
      <trkpt lat="46.53786" lon="-121.44182">
        <ele>1792.66</ele>
      </trkpt>
      <trkpt lat="46.53786" lon="-121.44188">
        <ele>1793.64</ele>
      </trkpt>
      <trkpt lat="46.53784" lon="-121.44195">
        <ele>1795.57</ele>
      </trkpt>
      <trkpt lat="46.53785" lon="-121.44207">
        <ele>1800.29</ele>
      </trkpt>
      <trkpt lat="46.53786" lon="-121.44209">
        <ele>1800.83</ele>
      </trkpt>
      <trkpt lat="46.5379" lon="-121.44212">
        <ele>1801.4</ele>
      </trkpt>
      <trkpt lat="46.53791" lon="-121.44216">
        <ele>1801.9</ele>
      </trkpt>
      <trkpt lat="46.53793" lon="-121.44218">
        <ele>1801.9</ele>
      </trkpt>
      <trkpt lat="46.53798" lon="-121.44219">
        <ele>1801.65</ele>
      </trkpt>
      <trkpt lat="46.5381" lon="-121.44215">
        <ele>1800.85</ele>
      </trkpt>
      <trkpt lat="46.53815" lon="-121.44217">
        <ele>1800.86</ele>
      </trkpt>
      <trkpt lat="46.53827" lon="-121.44231">
        <ele>1801.95</ele>
      </trkpt>
      <trkpt lat="46.5384" lon="-121.4424">
        <ele>1802.92</ele>
      </trkpt>
      <trkpt lat="46.53843" lon="-121.44244">
        <ele>1803.73</ele>
      </trkpt>
      <trkpt lat="46.53848" lon="-121.44271">
        <ele>1809.12</ele>
      </trkpt>
      <trkpt lat="46.53858" lon="-121.44286">
        <ele>1813.37</ele>
      </trkpt>
      <trkpt lat="46.53865" lon="-121.44305">
        <ele>1817.88</ele>
      </trkpt>
      <trkpt lat="46.5387" lon="-121.44313">
        <ele>1819.61</ele>
      </trkpt>
      <trkpt lat="46.53875" lon="-121.44319">
        <ele>1820.18</ele>
      </trkpt>
      <trkpt lat="46.53884" lon="-121.44323">
        <ele>1820.3</ele>
      </trkpt>
      <trkpt lat="46.53889" lon="-121.44328">
        <ele>1820.85</ele>
      </trkpt>
      <trkpt lat="46.53897" lon="-121.44333">
        <ele>1821.93</ele>
      </trkpt>
      <trkpt lat="46.5391" lon="-121.44334">
        <ele>1823.68</ele>
      </trkpt>
      <trkpt lat="46.53916" lon="-121.44332">
        <ele>1824.56</ele>
      </trkpt>
      <trkpt lat="46.53921" lon="-121.44328">
        <ele>1825.05</ele>
      </trkpt>
      <trkpt lat="46.53931" lon="-121.44312">
        <ele>1825.65</ele>
      </trkpt>
      <trkpt lat="46.53938" lon="-121.44308">
        <ele>1826.87</ele>
      </trkpt>
      <trkpt lat="46.53953" lon="-121.44305">
        <ele>1829.73</ele>
      </trkpt>
      <trkpt lat="46.53957" lon="-121.44309">
        <ele>1830.6</ele>
      </trkpt>
      <trkpt lat="46.53959" lon="-121.44315">
        <ele>1831.01</ele>
      </trkpt>
      <trkpt lat="46.53959" lon="-121.44325">
        <ele>1831.57</ele>
      </trkpt>
      <trkpt lat="46.53958" lon="-121.44336">
        <ele>1831.62</ele>
      </trkpt>
      <trkpt lat="46.53951" lon="-121.44363">
        <ele>1832.71</ele>
      </trkpt>
      <trkpt lat="46.5395" lon="-121.44371">
        <ele>1832.67</ele>
      </trkpt>
      <trkpt lat="46.53952" lon="-121.44376">
        <ele>1833.42</ele>
      </trkpt>
      <trkpt lat="46.53957" lon="-121.44381">
        <ele>1834.05</ele>
      </trkpt>
      <trkpt lat="46.53961" lon="-121.44393">
        <ele>1835.23</ele>
      </trkpt>
      <trkpt lat="46.53962" lon="-121.44401">
        <ele>1835.93</ele>
      </trkpt>
      <trkpt lat="46.53963" lon="-121.44417">
        <ele>1837.04</ele>
      </trkpt>
      <trkpt lat="46.53969" lon="-121.44452">
        <ele>1839.82</ele>
      </trkpt>
      <trkpt lat="46.53973" lon="-121.44462">
        <ele>1840.0</ele>
      </trkpt>
      <trkpt lat="46.53976" lon="-121.44465">
        <ele>1840.22</ele>
      </trkpt>
      <trkpt lat="46.5398" lon="-121.44465">
        <ele>1840.22</ele>
      </trkpt>
      <trkpt lat="46.5399" lon="-121.44458">
        <ele>1840.0</ele>
      </trkpt>
      <trkpt lat="46.53995" lon="-121.44456">
        <ele>1840.11</ele>
      </trkpt>
      <trkpt lat="46.53999" lon="-121.44457">
        <ele>1840.32</ele>
      </trkpt>
      <trkpt lat="46.54001" lon="-121.44462">
        <ele>1840.9</ele>
      </trkpt>
      <trkpt lat="46.54005" lon="-121.44489">
        <ele>1843.19</ele>
      </trkpt>
      <trkpt lat="46.54007" lon="-121.44493">
        <ele>1843.92</ele>
      </trkpt>
      <trkpt lat="46.54011" lon="-121.44497">
        <ele>1844.9</ele>
      </trkpt>
      <trkpt lat="46.5402" lon="-121.44504">
        <ele>1846.3</ele>
      </trkpt>
      <trkpt lat="46.54022" lon="-121.44507">
        <ele>1847.27</ele>
      </trkpt>
      <trkpt lat="46.54026" lon="-121.44515">
        <ele>1849.86</ele>
      </trkpt>
      <trkpt lat="46.54026" lon="-121.44522">
        <ele>1851.82</ele>
      </trkpt>
      <trkpt lat="46.54024" lon="-121.44531">
        <ele>1854.1</ele>
      </trkpt>
      <trkpt lat="46.54015" lon="-121.44554">
        <ele>1859.15</ele>
      </trkpt>
      <trkpt lat="46.54011" lon="-121.44566">
        <ele>1862.9</ele>
      </trkpt>
      <trkpt lat="46.54007" lon="-121.44583">
        <ele>1866.21</ele>
      </trkpt>
      <trkpt lat="46.54002" lon="-121.4462">
        <ele>1874.28</ele>
      </trkpt>
      <trkpt lat="46.54001" lon="-121.44638">
        <ele>1877.49</ele>
      </trkpt>
      <trkpt lat="46.53999" lon="-121.44647">
        <ele>1879.09</ele>
      </trkpt>
      <trkpt lat="46.5399" lon="-121.44662">
        <ele>1883.66</ele>
      </trkpt>
      <trkpt lat="46.53989" lon="-121.44683">
        <ele>1887.9</ele>
      </trkpt>
      <trkpt lat="46.53985" lon="-121.44699">
        <ele>1891.42</ele>
      </trkpt>
      <trkpt lat="46.53984" lon="-121.44707">
        <ele>1893.17</ele>
      </trkpt>
      <trkpt lat="46.53985" lon="-121.44744">
        <ele>1897.59</ele>
      </trkpt>
      <trkpt lat="46.54002" lon="-121.44812">
        <ele>1899.72</ele>
      </trkpt>
      <trkpt lat="46.54013" lon="-121.4484">
        <ele>1899.89</ele>
      </trkpt>
      <trkpt lat="46.54038" lon="-121.44914">
        <ele>1900.64</ele>
      </trkpt>
      <trkpt lat="46.54049" lon="-121.44934">
        <ele>1900.62</ele>
      </trkpt>
      <trkpt lat="46.54057" lon="-121.44942">
        <ele>1900.74</ele>
      </trkpt>
      <trkpt lat="46.54062" lon="-121.44949">
        <ele>1901.0</ele>
      </trkpt>
      <trkpt lat="46.54066" lon="-121.44952">
        <ele>1901.1</ele>
      </trkpt>
      <trkpt lat="46.54067" lon="-121.44956">
        <ele>1901.43</ele>
      </trkpt>
      <trkpt lat="46.54066" lon="-121.4496">
        <ele>1901.72</ele>
      </trkpt>
      <trkpt lat="46.54064" lon="-121.44962">
        <ele>1901.82</ele>
      </trkpt>
      <trkpt lat="46.54057" lon="-121.44976">
        <ele>1903.44</ele>
      </trkpt>
      <trkpt lat="46.54055" lon="-121.44985">
        <ele>1906.38</ele>
      </trkpt>
      <trkpt lat="46.54055" lon="-121.45002">
        <ele>1911.96</ele>
      </trkpt>
      <trkpt lat="46.54058" lon="-121.45027">
        <ele>1912.14</ele>
      </trkpt>
      <trkpt lat="46.54058" lon="-121.45093">
        <ele>1911.75</ele>
      </trkpt>
      <trkpt lat="46.54061" lon="-121.45121">
        <ele>1912.03</ele>
      </trkpt>
      <trkpt lat="46.54064" lon="-121.45132">
        <ele>1912.32</ele>
      </trkpt>
      <trkpt lat="46.54068" lon="-121.45139">
        <ele>1912.66</ele>
      </trkpt>
      <trkpt lat="46.54074" lon="-121.45145">
        <ele>1912.66</ele>
      </trkpt>
      <trkpt lat="46.54083" lon="-121.45147">
        <ele>1913.0</ele>
      </trkpt>
      <trkpt lat="46.54093" lon="-121.45162">
        <ele>1913.54</ele>
      </trkpt>
      <trkpt lat="46.54098" lon="-121.45167">
        <ele>1914.61</ele>
      </trkpt>
      <trkpt lat="46.54106" lon="-121.45166">
        <ele>1915.34</ele>
      </trkpt>
      <trkpt lat="46.54115" lon="-121.45162">
        <ele>1915.62</ele>
      </trkpt>
      <trkpt lat="46.54127" lon="-121.45179">
        <ele>1921.1</ele>
      </trkpt>
      <trkpt lat="46.54148" lon="-121.45203">
        <ele>1926.92</ele>
      </trkpt>
      <trkpt lat="46.54155" lon="-121.45214">
        <ele>1929.96</ele>
      </trkpt>
      <trkpt lat="46.54166" lon="-121.45239">
        <ele>1936.55</ele>
      </trkpt>
      <trkpt lat="46.54181" lon="-121.45282">
        <ele>1944.37</ele>
      </trkpt>
      <trkpt lat="46.54186" lon="-121.45294">
        <ele>1948.26</ele>
      </trkpt>
      <trkpt lat="46.54195" lon="-121.45305">
        <ele>1950.94</ele>
      </trkpt>
      <trkpt lat="46.54205" lon="-121.45314">
        <ele>1952.9</ele>
      </trkpt>
      <trkpt lat="46.54237" lon="-121.45333">
        <ele>1958.56</ele>
      </trkpt>
      <trkpt lat="46.54249" lon="-121.45345">
        <ele>1961.18</ele>
      </trkpt>
      <trkpt lat="46.54258" lon="-121.45358">
        <ele>1962.66</ele>
      </trkpt>
      <trkpt lat="46.54259" lon="-121.45367">
        <ele>1963.64</ele>
      </trkpt>
      <trkpt lat="46.54259" lon="-121.45381">
        <ele>1965.3</ele>
      </trkpt>
      <trkpt lat="46.54248" lon="-121.45399">
        <ele>1968.4</ele>
      </trkpt>
      <trkpt lat="46.54245" lon="-121.45416">
        <ele>1971.89</ele>
      </trkpt>
      <trkpt lat="46.54232" lon="-121.45439">
        <ele>1977.38</ele>
      </trkpt>
      <trkpt lat="46.54227" lon="-121.45453">
        <ele>1980.33</ele>
      </trkpt>
      <trkpt lat="46.54207" lon="-121.45479">
        <ele>1989.11</ele>
      </trkpt>
      <trkpt lat="46.54202" lon="-121.45493">
        <ele>1993.1</ele>
      </trkpt>
      <trkpt lat="46.54198" lon="-121.45525">
        <ele>2001.6</ele>
      </trkpt>
      <trkpt lat="46.54198" lon="-121.45563">
        <ele>2006.92</ele>
      </trkpt>
      <trkpt lat="46.54193" lon="-121.45603">
        <ele>2015.94</ele>
      </trkpt>
      <trkpt lat="46.54195" lon="-121.45627">
        <ele>2012.97</ele>
      </trkpt>
      <trkpt lat="46.54193" lon="-121.45648">
        <ele>2014.09</ele>
      </trkpt>
      <trkpt lat="46.54182" lon="-121.45687">
        <ele>2021.0</ele>
      </trkpt>
      <trkpt lat="46.54165" lon="-121.45727">
        <ele>2031.17</ele>
      </trkpt>
      <trkpt lat="46.54155" lon="-121.45755">
        <ele>2035.02</ele>
      </trkpt>
      <trkpt lat="46.54151" lon="-121.45776">
        <ele>2034.65</ele>
      </trkpt>
      <trkpt lat="46.54143" lon="-121.45796">
        <ele>2035.72</ele>
      </trkpt>
      <trkpt lat="46.54142" lon="-121.45805">
        <ele>2034.43</ele>
      </trkpt>
      <trkpt lat="46.54142" lon="-121.45815">
        <ele>2031.95</ele>
      </trkpt>
      <trkpt lat="46.5414" lon="-121.45828">
        <ele>2027.9</ele>
      </trkpt>
      <trkpt lat="46.54134" lon="-121.45837">
        <ele>2023.23</ele>
      </trkpt>
      <trkpt lat="46.54125" lon="-121.45835">
        <ele>2021.46</ele>
      </trkpt>
      <trkpt lat="46.54058" lon="-121.45775">
        <ele>2025.99</ele>
      </trkpt>
      <trkpt lat="46.54015" lon="-121.45693">
        <ele>2036.79</ele>
      </trkpt>
      <trkpt lat="46.53988" lon="-121.4563">
        <ele>2039.61</ele>
      </trkpt>
      <trkpt lat="46.53985" lon="-121.45615">
        <ele>2041.0</ele>
      </trkpt>
      <trkpt lat="46.5398" lon="-121.45608">
        <ele>2041.05</ele>
      </trkpt>
      <trkpt lat="46.53965" lon="-121.45601">
        <ele>2041.29</ele>
      </trkpt>
      <trkpt lat="46.53936" lon="-121.45568">
        <ele>2040.77</ele>
      </trkpt>
      <trkpt lat="46.53914" lon="-121.45561">
        <ele>2037.08</ele>
      </trkpt>
      <trkpt lat="46.5391" lon="-121.45552">
        <ele>2038.33</ele>
      </trkpt>
      <trkpt lat="46.53899" lon="-121.45545">
        <ele>2038.36</ele>
      </trkpt>
      <trkpt lat="46.53888" lon="-121.45543">
        <ele>2036.88</ele>
      </trkpt>
      <trkpt lat="46.53868" lon="-121.45519">
        <ele>2038.68</ele>
      </trkpt>
      <trkpt lat="46.53858" lon="-121.45519">
        <ele>2037.56</ele>
      </trkpt>
      <trkpt lat="46.53834" lon="-121.45503">
        <ele>2038.42</ele>
      </trkpt>
      <trkpt lat="46.53795" lon="-121.45455">
        <ele>2046.56</ele>
      </trkpt>
      <trkpt lat="46.5379" lon="-121.4545">
        <ele>2048.2</ele>
      </trkpt>
      <trkpt lat="46.53784" lon="-121.45447">
        <ele>2048.75</ele>
      </trkpt>
      <trkpt lat="46.53771" lon="-121.45435">
        <ele>2049.59</ele>
      </trkpt>
      <trkpt lat="46.53768" lon="-121.45428">
        <ele>2051.26</ele>
      </trkpt>
      <trkpt lat="46.53767" lon="-121.45418">
        <ele>2053.55</ele>
      </trkpt>
      <trkpt lat="46.53766" lon="-121.45412">
        <ele>2054.74</ele>
      </trkpt>
      <trkpt lat="46.53761" lon="-121.45395">
        <ele>2058.68</ele>
      </trkpt>
      <trkpt lat="46.53756" lon="-121.45387">
        <ele>2060.61</ele>
      </trkpt>
      <trkpt lat="46.53747" lon="-121.45379">
        <ele>2062.88</ele>
      </trkpt>
      <trkpt lat="46.53739" lon="-121.45369">
        <ele>2065.59</ele>
      </trkpt>
      <trkpt lat="46.53738" lon="-121.45349">
        <ele>2074.22</ele>
      </trkpt>
      <trkpt lat="46.53737" lon="-121.45339">
        <ele>2077.34</ele>
      </trkpt>
      <trkpt lat="46.53734" lon="-121.45336">
        <ele>2078.67</ele>
      </trkpt>
      <trkpt lat="46.53729" lon="-121.45335">
        <ele>2079.46</ele>
      </trkpt>
      <trkpt lat="46.53718" lon="-121.4533">
        <ele>2081.54</ele>
      </trkpt>
      <trkpt lat="46.53705" lon="-121.45318">
        <ele>2087.39</ele>
      </trkpt>
      <trkpt lat="46.53695" lon="-121.45311">
        <ele>2090.65</ele>
      </trkpt>
      <trkpt lat="46.53682" lon="-121.45301">
        <ele>2094.97</ele>
      </trkpt>
      <trkpt lat="46.53649" lon="-121.4529">
        <ele>2098.4</ele>
      </trkpt>
      <trkpt lat="46.53627" lon="-121.45279">
        <ele>2106.45</ele>
      </trkpt>
      <trkpt lat="46.53587" lon="-121.45248">
        <ele>2124.43</ele>
      </trkpt>
      <trkpt lat="46.53566" lon="-121.45241">
        <ele>2124.92</ele>
      </trkpt>
      <trkpt lat="46.53542" lon="-121.4524">
        <ele>2115.18</ele>
      </trkpt>
      <trkpt lat="46.53499" lon="-121.45216">
        <ele>2101.18</ele>
      </trkpt>
      <trkpt lat="46.53477" lon="-121.45215">
        <ele>2097.82</ele>
      </trkpt>
      <trkpt lat="46.53468" lon="-121.45213">
        <ele>2095.62</ele>
      </trkpt>
      <trkpt lat="46.53445" lon="-121.45201">
        <ele>2092.35</ele>
      </trkpt>
      <trkpt lat="46.53429" lon="-121.45186">
        <ele>2091.85</ele>
      </trkpt>
      <trkpt lat="46.53421" lon="-121.45182">
        <ele>2091.65</ele>
      </trkpt>
      <trkpt lat="46.53403" lon="-121.45181">
        <ele>2090.43</ele>
      </trkpt>
      <trkpt lat="46.53392" lon="-121.45175">
        <ele>2090.5</ele>
      </trkpt>
      <trkpt lat="46.53361" lon="-121.45151">
        <ele>2092.7</ele>
      </trkpt>
      <trkpt lat="46.5329" lon="-121.45116">
        <ele>2113.51</ele>
      </trkpt>
      <trkpt lat="46.53249" lon="-121.45114">
        <ele>2117.66</ele>
      </trkpt>
      <trkpt lat="46.53126" lon="-121.45122">
        <ele>2132.69</ele>
      </trkpt>
      <trkpt lat="46.5311" lon="-121.45128">
        <ele>2131.85</ele>
      </trkpt>
      <trkpt lat="46.53093" lon="-121.4513">
        <ele>2135.63</ele>
      </trkpt>
      <trkpt lat="46.53073" lon="-121.4514">
        <ele>2136.2</ele>
      </trkpt>
      <trkpt lat="46.53055" lon="-121.45143">
        <ele>2152.64</ele>
      </trkpt>
      <trkpt lat="46.53015" lon="-121.45163">
        <ele>2162.57</ele>
      </trkpt>
      <trkpt lat="46.52969" lon="-121.45167">
        <ele>2163.98</ele>
      </trkpt>
      <trkpt lat="46.52954" lon="-121.45173">
        <ele>2162.76</ele>
      </trkpt>
      <trkpt lat="46.52935" lon="-121.45196">
        <ele>2174.08</ele>
      </trkpt>
      <trkpt lat="46.52923" lon="-121.45198">
        <ele>2167.93</ele>
      </trkpt>
      <trkpt lat="46.52916" lon="-121.45206">
        <ele>2167.56</ele>
      </trkpt>
      <trkpt lat="46.52908" lon="-121.45218">
        <ele>2166.55</ele>
      </trkpt>
      <trkpt lat="46.52906" lon="-121.45235">
        <ele>2167.13</ele>
      </trkpt>
      <trkpt lat="46.52894" lon="-121.45243">
        <ele>2163.66</ele>
      </trkpt>
      <trkpt lat="46.52874" lon="-121.45243">
        <ele>2156.88</ele>
      </trkpt>
      <trkpt lat="46.52865" lon="-121.45248">
        <ele>2155.29</ele>
      </trkpt>
      <trkpt lat="46.52842" lon="-121.45247">
        <ele>2151.94</ele>
      </trkpt>
      <trkpt lat="46.52821" lon="-121.45237">
        <ele>2145.59</ele>
      </trkpt>
      <trkpt lat="46.52813" lon="-121.45237">
        <ele>2142.68</ele>
      </trkpt>
      <trkpt lat="46.52799" lon="-121.45238">
        <ele>2139.29</ele>
      </trkpt>
      <trkpt lat="46.52791" lon="-121.45241">
        <ele>2137.8</ele>
      </trkpt>
      <trkpt lat="46.52791" lon="-121.45241">
        <ele>2137.8</ele>
      </trkpt>
      <trkpt lat="46.52783" lon="-121.45245">
        <ele>2134.74</ele>
      </trkpt>
      <trkpt lat="46.52768" lon="-121.45237">
        <ele>2127.97</ele>
      </trkpt>
      <trkpt lat="46.52756" lon="-121.45236">
        <ele>2122.39</ele>
      </trkpt>
      <trkpt lat="46.52766" lon="-121.45246">
        <ele>2128.63</ele>
      </trkpt>
      <trkpt lat="46.52781" lon="-121.45258">
        <ele>2131.1</ele>
      </trkpt>
      <trkpt lat="46.52762" lon="-121.45258">
        <ele>2127.38</ele>
      </trkpt>
      <trkpt lat="46.52746" lon="-121.45254">
        <ele>2121.7</ele>
      </trkpt>
      <trkpt lat="46.5271" lon="-121.45262">
        <ele>2112.04</ele>
      </trkpt>
      <trkpt lat="46.52704" lon="-121.45265">
        <ele>2110.1</ele>
      </trkpt>
      <trkpt lat="46.52697" lon="-121.45263">
        <ele>2107.83</ele>
      </trkpt>
      <trkpt lat="46.52694" lon="-121.45261">
        <ele>2106.86</ele>
      </trkpt>
      <trkpt lat="46.52692" lon="-121.45258">
        <ele>2106.07</ele>
      </trkpt>
      <trkpt lat="46.52692" lon="-121.45251">
        <ele>2105.32</ele>
      </trkpt>
      <trkpt lat="46.52689" lon="-121.45251">
        <ele>2104.34</ele>
      </trkpt>
      <trkpt lat="46.52686" lon="-121.45263">
        <ele>2104.26</ele>
      </trkpt>
      <trkpt lat="46.52682" lon="-121.45268">
        <ele>2103.64</ele>
      </trkpt>
      <trkpt lat="46.52667" lon="-121.45268">
        <ele>2101.93</ele>
      </trkpt>
      <trkpt lat="46.52661" lon="-121.45272">
        <ele>2102.23</ele>
      </trkpt>
      <trkpt lat="46.52661" lon="-121.45274">
        <ele>2102.36</ele>
      </trkpt>
      <trkpt lat="46.52651" lon="-121.45274">
        <ele>2102.59</ele>
      </trkpt>
      <trkpt lat="46.52647" lon="-121.45271">
        <ele>2102.27</ele>
      </trkpt>
      <trkpt lat="46.52634" lon="-121.4527">
        <ele>2102.16</ele>
      </trkpt>
      <trkpt lat="46.52625" lon="-121.45271">
        <ele>2102.77</ele>
      </trkpt>
      <trkpt lat="46.5262" lon="-121.45275">
        <ele>2103.75</ele>
      </trkpt>
      <trkpt lat="46.52612" lon="-121.45276">
        <ele>2104.89</ele>
      </trkpt>
      <trkpt lat="46.52599" lon="-121.45275">
        <ele>2109.14</ele>
      </trkpt>
      <trkpt lat="46.52563" lon="-121.45275">
        <ele>2126.8</ele>
      </trkpt>
      <trkpt lat="46.52551" lon="-121.4528">
        <ele>2127.98</ele>
      </trkpt>
      <trkpt lat="46.52525" lon="-121.453">
        <ele>2128.7</ele>
      </trkpt>
      <trkpt lat="46.5252" lon="-121.45308">
        <ele>2129.53</ele>
      </trkpt>
      <trkpt lat="46.52492" lon="-121.45327">
        <ele>2129.19</ele>
      </trkpt>
      <trkpt lat="46.52485" lon="-121.45331">
        <ele>2129.46</ele>
      </trkpt>
      <trkpt lat="46.52465" lon="-121.45334">
        <ele>2128.04</ele>
      </trkpt>
      <trkpt lat="46.52458" lon="-121.45337">
        <ele>2127.32</ele>
      </trkpt>
      <trkpt lat="46.52454" lon="-121.4534">
        <ele>2126.78</ele>
      </trkpt>
      <trkpt lat="46.52443" lon="-121.45356">
        <ele>2125.67</ele>
      </trkpt>
      <trkpt lat="46.52436" lon="-121.45369">
        <ele>2125.09</ele>
      </trkpt>
      <trkpt lat="46.52432" lon="-121.45388">
        <ele>2126.22</ele>
      </trkpt>
      <trkpt lat="46.52415" lon="-121.45425">
        <ele>2126.74</ele>
      </trkpt>
      <trkpt lat="46.52404" lon="-121.45438">
        <ele>2126.37</ele>
      </trkpt>
      <trkpt lat="46.52398" lon="-121.45442">
        <ele>2127.0</ele>
      </trkpt>
      <trkpt lat="46.52384" lon="-121.45443">
        <ele>2127.0</ele>
      </trkpt>
      <trkpt lat="46.52374" lon="-121.4544">
        <ele>2126.68</ele>
      </trkpt>
      <trkpt lat="46.5236" lon="-121.45432">
        <ele>2125.38</ele>
      </trkpt>
      <trkpt lat="46.52341" lon="-121.45424">
        <ele>2120.14</ele>
      </trkpt>
      <trkpt lat="46.52319" lon="-121.45417">
        <ele>2113.47</ele>
      </trkpt>
      <trkpt lat="46.52305" lon="-121.45418">
        <ele>2110.76</ele>
      </trkpt>
      <trkpt lat="46.52299" lon="-121.45425">
        <ele>2108.17</ele>
      </trkpt>
      <trkpt lat="46.52294" lon="-121.45435">
        <ele>2104.29</ele>
      </trkpt>
      <trkpt lat="46.52291" lon="-121.45435">
        <ele>2103.31</ele>
      </trkpt>
      <trkpt lat="46.52284" lon="-121.45433">
        <ele>2101.5</ele>
      </trkpt>
      <trkpt lat="46.52254" lon="-121.45428">
        <ele>2094.96</ele>
      </trkpt>
      <trkpt lat="46.52235" lon="-121.45433">
        <ele>2091.85</ele>
      </trkpt>
      <trkpt lat="46.52219" lon="-121.45434">
        <ele>2091.57</ele>
      </trkpt>
      <trkpt lat="46.52175" lon="-121.45455">
        <ele>2092.07</ele>
      </trkpt>
      <trkpt lat="46.52155" lon="-121.45468">
        <ele>2097.88</ele>
      </trkpt>
      <trkpt lat="46.52151" lon="-121.45472">
        <ele>2099.05</ele>
      </trkpt>
      <trkpt lat="46.52134" lon="-121.45476">
        <ele>2100.1</ele>
      </trkpt>
      <trkpt lat="46.52125" lon="-121.45485">
        <ele>2100.69</ele>
      </trkpt>
      <trkpt lat="46.52115" lon="-121.45493">
        <ele>2101.14</ele>
      </trkpt>
      <trkpt lat="46.52088" lon="-121.45504">
        <ele>2108.13</ele>
      </trkpt>
      <trkpt lat="46.52078" lon="-121.45512">
        <ele>2112.9</ele>
      </trkpt>
      <trkpt lat="46.52072" lon="-121.45523">
        <ele>2115.79</ele>
      </trkpt>
      <trkpt lat="46.52066" lon="-121.45528">
        <ele>2117.57</ele>
      </trkpt>
      <trkpt lat="46.5202" lon="-121.45518">
        <ele>2129.69</ele>
      </trkpt>
      <trkpt lat="46.51979" lon="-121.45526">
        <ele>2140.32</ele>
      </trkpt>
      <trkpt lat="46.51951" lon="-121.45527">
        <ele>2143.84</ele>
      </trkpt>
      <trkpt lat="46.51909" lon="-121.45521">
        <ele>2155.82</ele>
      </trkpt>
      <trkpt lat="46.51879" lon="-121.45524">
        <ele>2164.27</ele>
      </trkpt>
      <trkpt lat="46.51838" lon="-121.45558">
        <ele>2174.91</ele>
      </trkpt>
      <trkpt lat="46.51821" lon="-121.45586">
        <ele>2176.07</ele>
      </trkpt>
      <trkpt lat="46.51814" lon="-121.45606">
        <ele>2173.5</ele>
      </trkpt>
      <trkpt lat="46.518" lon="-121.45642">
        <ele>2173.46</ele>
      </trkpt>
      <trkpt lat="46.51792" lon="-121.45681">
        <ele>2170.05</ele>
      </trkpt>
      <trkpt lat="46.51782" lon="-121.45703">
        <ele>2168.83</ele>
      </trkpt>
      <trkpt lat="46.51777" lon="-121.45722">
        <ele>2164.16</ele>
      </trkpt>
      <trkpt lat="46.51766" lon="-121.4575">
        <ele>2155.0</ele>
      </trkpt>
      <trkpt lat="46.51759" lon="-121.45759">
        <ele>2151.08</ele>
      </trkpt>
      <trkpt lat="46.51752" lon="-121.45765">
        <ele>2146.14</ele>
      </trkpt>
      <trkpt lat="46.5174" lon="-121.45768">
        <ele>2142.25</ele>
      </trkpt>
      <trkpt lat="46.51715" lon="-121.45758">
        <ele>2147.42</ele>
      </trkpt>
      <trkpt lat="46.51691" lon="-121.45756">
        <ele>2162.19</ele>
      </trkpt>
      <trkpt lat="46.51591" lon="-121.45783">
        <ele>2186.16</ele>
      </trkpt>
      <trkpt lat="46.51583" lon="-121.45788">
        <ele>2185.83</ele>
      </trkpt>
      <trkpt lat="46.51545" lon="-121.45831">
        <ele>2184.35</ele>
      </trkpt>
      <trkpt lat="46.51508" lon="-121.45861">
        <ele>2196.15</ele>
      </trkpt>
      <trkpt lat="46.51477" lon="-121.45896">
        <ele>2203.66</ele>
      </trkpt>
      <trkpt lat="46.51457" lon="-121.45932">
        <ele>2201.29</ele>
      </trkpt>
      <trkpt lat="46.51433" lon="-121.45987">
        <ele>2202.26</ele>
      </trkpt>
      <trkpt lat="46.5143" lon="-121.4602">
        <ele>2199.23</ele>
      </trkpt>
      <trkpt lat="46.51437" lon="-121.46079">
        <ele>2187.68</ele>
      </trkpt>
      <trkpt lat="46.51435" lon="-121.46111">
        <ele>2184.06</ele>
      </trkpt>
      <trkpt lat="46.51439" lon="-121.46133">
        <ele>2177.04</ele>
      </trkpt>
      <trkpt lat="46.51448" lon="-121.4616">
        <ele>2168.84</ele>
      </trkpt>
      <trkpt lat="46.51444" lon="-121.46189">
        <ele>2166.22</ele>
      </trkpt>
      <trkpt lat="46.51428" lon="-121.4618">
        <ele>2169.34</ele>
      </trkpt>
      <trkpt lat="46.5142" lon="-121.4618">
        <ele>2169.92</ele>
      </trkpt>
      <trkpt lat="46.51409" lon="-121.46195">
        <ele>2168.71</ele>
      </trkpt>
      <trkpt lat="46.514" lon="-121.46201">
        <ele>2169.18</ele>
      </trkpt>
      <trkpt lat="46.51386" lon="-121.46206">
        <ele>2171.69</ele>
      </trkpt>
      <trkpt lat="46.51371" lon="-121.46219">
        <ele>2174.17</ele>
      </trkpt>
      <trkpt lat="46.51362" lon="-121.46221">
        <ele>2175.94</ele>
      </trkpt>
      <trkpt lat="46.51338" lon="-121.46266">
        <ele>2170.9</ele>
      </trkpt>
      <trkpt lat="46.51321" lon="-121.46294">
        <ele>2168.66</ele>
      </trkpt>
      <trkpt lat="46.51312" lon="-121.46314">
        <ele>2166.42</ele>
      </trkpt>
      <trkpt lat="46.513" lon="-121.46355">
        <ele>2162.06</ele>
      </trkpt>
      <trkpt lat="46.51293" lon="-121.46384">
        <ele>2158.88</ele>
      </trkpt>
      <trkpt lat="46.51285" lon="-121.46412">
        <ele>2156.72</ele>
      </trkpt>
      <trkpt lat="46.51278" lon="-121.46425">
        <ele>2156.08</ele>
      </trkpt>
      <trkpt lat="46.51264" lon="-121.46435">
        <ele>2155.51</ele>
      </trkpt>
      <trkpt lat="46.51259" lon="-121.46443">
        <ele>2154.34</ele>
      </trkpt>
      <trkpt lat="46.51256" lon="-121.46456">
        <ele>2152.59</ele>
      </trkpt>
      <trkpt lat="46.51253" lon="-121.46463">
        <ele>2151.67</ele>
      </trkpt>
      <trkpt lat="46.51242" lon="-121.46472">
        <ele>2151.02</ele>
      </trkpt>
      <trkpt lat="46.51236" lon="-121.46483">
        <ele>2149.84</ele>
      </trkpt>
      <trkpt lat="46.51227" lon="-121.46492">
        <ele>2148.86</ele>
      </trkpt>
      <trkpt lat="46.51218" lon="-121.46499">
        <ele>2148.11</ele>
      </trkpt>
      <trkpt lat="46.51213" lon="-121.46508">
        <ele>2146.28</ele>
      </trkpt>
      <trkpt lat="46.512" lon="-121.46524">
        <ele>2141.02</ele>
      </trkpt>
      <trkpt lat="46.51194" lon="-121.4653">
        <ele>2138.42</ele>
      </trkpt>
      <trkpt lat="46.51183" lon="-121.46525">
        <ele>2137.13</ele>
      </trkpt>
      <trkpt lat="46.51178" lon="-121.4652">
        <ele>2137.13</ele>
      </trkpt>
      <trkpt lat="46.51176" lon="-121.46507">
        <ele>2138.26</ele>
      </trkpt>
      <trkpt lat="46.51174" lon="-121.46503">
        <ele>2138.12</ele>
      </trkpt>
      <trkpt lat="46.51161" lon="-121.46491">
        <ele>2134.52</ele>
      </trkpt>
      <trkpt lat="46.51157" lon="-121.46489">
        <ele>2132.97</ele>
      </trkpt>
      <trkpt lat="46.51148" lon="-121.46492">
        <ele>2127.77</ele>
      </trkpt>
      <trkpt lat="46.51138" lon="-121.46497">
        <ele>2121.74</ele>
      </trkpt>
      <trkpt lat="46.51136" lon="-121.46504">
        <ele>2120.5</ele>
      </trkpt>
      <trkpt lat="46.51131" lon="-121.46505">
        <ele>2118.44</ele>
      </trkpt>
      <trkpt lat="46.51127" lon="-121.46501">
        <ele>2118.22</ele>
      </trkpt>
      <trkpt lat="46.51123" lon="-121.46501">
        <ele>2117.35</ele>
      </trkpt>
      <trkpt lat="46.51119" lon="-121.46504">
        <ele>2116.16</ele>
      </trkpt>
      <trkpt lat="46.51115" lon="-121.46508">
        <ele>2114.85</ele>
      </trkpt>
      <trkpt lat="46.51106" lon="-121.4651">
        <ele>2114.86</ele>
      </trkpt>
      <trkpt lat="46.51101" lon="-121.46508">
        <ele>2116.5</ele>
      </trkpt>
      <trkpt lat="46.51092" lon="-121.46512">
        <ele>2116.52</ele>
      </trkpt>
      <trkpt lat="46.51085" lon="-121.46522">
        <ele>2114.69</ele>
      </trkpt>
      <trkpt lat="46.51081" lon="-121.46527">
        <ele>2113.25</ele>
      </trkpt>
      <trkpt lat="46.51059" lon="-121.46524">
        <ele>2113.22</ele>
      </trkpt>
      <trkpt lat="46.51044" lon="-121.46519">
        <ele>2113.65</ele>
      </trkpt>
      <trkpt lat="46.51025" lon="-121.46519">
        <ele>2110.35</ele>
      </trkpt>
      <trkpt lat="46.51018" lon="-121.46502">
        <ele>2110.67</ele>
      </trkpt>
      <trkpt lat="46.51006" lon="-121.46486">
        <ele>2109.81</ele>
      </trkpt>
      <trkpt lat="46.50994" lon="-121.4646">
        <ele>2109.02</ele>
      </trkpt>
      <trkpt lat="46.50992" lon="-121.4645">
        <ele>2109.62</ele>
      </trkpt>
      <trkpt lat="46.50995" lon="-121.46425">
        <ele>2111.56</ele>
      </trkpt>
      <trkpt lat="46.50992" lon="-121.46414">
        <ele>2112.14</ele>
      </trkpt>
      <trkpt lat="46.50986" lon="-121.46403">
        <ele>2111.49</ele>
      </trkpt>
      <trkpt lat="46.50966" lon="-121.46393">
        <ele>2106.98</ele>
      </trkpt>
      <trkpt lat="46.5096" lon="-121.46391">
        <ele>2104.79</ele>
      </trkpt>
      <trkpt lat="46.5095" lon="-121.46396">
        <ele>2101.97</ele>
      </trkpt>
      <trkpt lat="46.50947" lon="-121.46395">
        <ele>2101.21</ele>
      </trkpt>
      <trkpt lat="46.50946" lon="-121.46389">
        <ele>2100.35</ele>
      </trkpt>
      <trkpt lat="46.50942" lon="-121.46386">
        <ele>2099.16</ele>
      </trkpt>
      <trkpt lat="46.50928" lon="-121.46387">
        <ele>2097.02</ele>
      </trkpt>
      <trkpt lat="46.50923" lon="-121.46385">
        <ele>2096.4</ele>
      </trkpt>
      <trkpt lat="46.5092" lon="-121.46378">
        <ele>2096.0</ele>
      </trkpt>
      <trkpt lat="46.50915" lon="-121.46369">
        <ele>2095.82</ele>
      </trkpt>
      <trkpt lat="46.50885" lon="-121.46374">
        <ele>2091.32</ele>
      </trkpt>
      <trkpt lat="46.5086" lon="-121.46391">
        <ele>2088.08</ele>
      </trkpt>
      <trkpt lat="46.50839" lon="-121.46403">
        <ele>2084.61</ele>
      </trkpt>
      <trkpt lat="46.50832" lon="-121.46402">
        <ele>2083.71</ele>
      </trkpt>
      <trkpt lat="46.50828" lon="-121.46396">
        <ele>2082.85</ele>
      </trkpt>
      <trkpt lat="46.50828" lon="-121.46382">
        <ele>2083.28</ele>
      </trkpt>
      <trkpt lat="46.50826" lon="-121.46376">
        <ele>2083.21</ele>
      </trkpt>
      <trkpt lat="46.50819" lon="-121.46366">
        <ele>2083.47</ele>
      </trkpt>
      <trkpt lat="46.50814" lon="-121.46364">
        <ele>2083.63</ele>
      </trkpt>
      <trkpt lat="46.50792" lon="-121.46376">
        <ele>2082.39</ele>
      </trkpt>
      <trkpt lat="46.50784" lon="-121.46387">
        <ele>2081.2</ele>
      </trkpt>
      <trkpt lat="46.50775" lon="-121.46394">
        <ele>2080.45</ele>
      </trkpt>
      <trkpt lat="46.50759" lon="-121.46413">
        <ele>2078.4</ele>
      </trkpt>
      <trkpt lat="46.50739" lon="-121.46422">
        <ele>2076.42</ele>
      </trkpt>
      <trkpt lat="46.50714" lon="-121.46441">
        <ele>2074.44</ele>
      </trkpt>
      <trkpt lat="46.5071" lon="-121.4644">
        <ele>2074.33</ele>
      </trkpt>
      <trkpt lat="46.50689" lon="-121.46427">
        <ele>2071.76</ele>
      </trkpt>
      <trkpt lat="46.50684" lon="-121.46425">
        <ele>2070.76</ele>
      </trkpt>
      <trkpt lat="46.50679" lon="-121.46425">
        <ele>2069.73</ele>
      </trkpt>
      <trkpt lat="46.50666" lon="-121.46428">
        <ele>2067.5</ele>
      </trkpt>
      <trkpt lat="46.50648" lon="-121.46429">
        <ele>2066.66</ele>
      </trkpt>
      <trkpt lat="46.50643" lon="-121.46431">
        <ele>2066.2</ele>
      </trkpt>
      <trkpt lat="46.50636" lon="-121.46436">
        <ele>2065.6</ele>
      </trkpt>
      <trkpt lat="46.50632" lon="-121.46441">
        <ele>2064.63</ele>
      </trkpt>
      <trkpt lat="46.50618" lon="-121.46445">
        <ele>2063.68</ele>
      </trkpt>
      <trkpt lat="46.50606" lon="-121.46445">
        <ele>2061.8</ele>
      </trkpt>
      <trkpt lat="46.50599" lon="-121.46443">
        <ele>2059.66</ele>
      </trkpt>
      <trkpt lat="46.50596" lon="-121.46438">
        <ele>2058.98</ele>
      </trkpt>
      <trkpt lat="46.50586" lon="-121.46408">
        <ele>2055.44</ele>
      </trkpt>
      <trkpt lat="46.50585" lon="-121.46387">
        <ele>2052.66</ele>
      </trkpt>
      <trkpt lat="46.50589" lon="-121.46374">
        <ele>2052.84</ele>
      </trkpt>
      <trkpt lat="46.50595" lon="-121.46362">
        <ele>2053.49</ele>
      </trkpt>
      <trkpt lat="46.50599" lon="-121.4635">
        <ele>2053.46</ele>
      </trkpt>
      <trkpt lat="46.50599" lon="-121.46336">
        <ele>2053.68</ele>
      </trkpt>
      <trkpt lat="46.50596" lon="-121.46325">
        <ele>2053.37</ele>
      </trkpt>
      <trkpt lat="46.50588" lon="-121.46309">
        <ele>2051.51</ele>
      </trkpt>
      <trkpt lat="46.50585" lon="-121.46287">
        <ele>2050.73</ele>
      </trkpt>
      <trkpt lat="46.50582" lon="-121.46282">
        <ele>2050.88</ele>
      </trkpt>
      <trkpt lat="46.50579" lon="-121.4628">
        <ele>2050.94</ele>
      </trkpt>
      <trkpt lat="46.50568" lon="-121.46286">
        <ele>2048.34</ele>
      </trkpt>
      <trkpt lat="46.50565" lon="-121.46302">
        <ele>2045.42</ele>
      </trkpt>
      <trkpt lat="46.50565" lon="-121.46307">
        <ele>2045.04</ele>
      </trkpt>
      <trkpt lat="46.50566" lon="-121.4631">
        <ele>2045.26</ele>
      </trkpt>
      <trkpt lat="46.50564" lon="-121.46312">
        <ele>2045.0</ele>
      </trkpt>
      <trkpt lat="46.50563" lon="-121.46312">
        <ele>2045.0</ele>
      </trkpt>
      <trkpt lat="46.50555" lon="-121.46305">
        <ele>2045.12</ele>
      </trkpt>
      <trkpt lat="46.50544" lon="-121.46301">
        <ele>2047.48</ele>
      </trkpt>
      <trkpt lat="46.5054" lon="-121.46302">
        <ele>2048.13</ele>
      </trkpt>
      <trkpt lat="46.50537" lon="-121.46306">
        <ele>2047.91</ele>
      </trkpt>
      <trkpt lat="46.50517" lon="-121.46307">
        <ele>2049.72</ele>
      </trkpt>
      <trkpt lat="46.5051" lon="-121.46309">
        <ele>2050.15</ele>
      </trkpt>
      <trkpt lat="46.50504" lon="-121.46314">
        <ele>2049.79</ele>
      </trkpt>
      <trkpt lat="46.50497" lon="-121.46317">
        <ele>2050.1</ele>
      </trkpt>
      <trkpt lat="46.50488" lon="-121.46326">
        <ele>2048.88</ele>
      </trkpt>
      <trkpt lat="46.50482" lon="-121.46328">
        <ele>2049.1</ele>
      </trkpt>
      <trkpt lat="46.50479" lon="-121.46333">
        <ele>2048.34</ele>
      </trkpt>
      <trkpt lat="46.50477" lon="-121.46339">
        <ele>2046.65</ele>
      </trkpt>
      <trkpt lat="46.50475" lon="-121.46342">
        <ele>2045.89</ele>
      </trkpt>
      <trkpt lat="46.5047" lon="-121.46343">
        <ele>2046.15</ele>
      </trkpt>
      <trkpt lat="46.50464" lon="-121.46353">
        <ele>2044.64</ele>
      </trkpt>
      <trkpt lat="46.50461" lon="-121.46355">
        <ele>2044.32</ele>
      </trkpt>
      <trkpt lat="46.50455" lon="-121.46356">
        <ele>2044.1</ele>
      </trkpt>
      <trkpt lat="46.50447" lon="-121.46364">
        <ele>2042.87</ele>
      </trkpt>
      <trkpt lat="46.50441" lon="-121.46367">
        <ele>2042.33</ele>
      </trkpt>
      <trkpt lat="46.50408" lon="-121.46395">
        <ele>2036.36</ele>
      </trkpt>
      <trkpt lat="46.50401" lon="-121.46393">
        <ele>2035.56</ele>
      </trkpt>
      <trkpt lat="46.50395" lon="-121.46385">
        <ele>2035.88</ele>
      </trkpt>
      <trkpt lat="46.50386" lon="-121.46378">
        <ele>2035.24</ele>
      </trkpt>
      <trkpt lat="46.50374" lon="-121.46374">
        <ele>2031.78</ele>
      </trkpt>
      <trkpt lat="46.5036" lon="-121.46362">
        <ele>2028.46</ele>
      </trkpt>
      <trkpt lat="46.50347" lon="-121.46338">
        <ele>2029.42</ele>
      </trkpt>
      <trkpt lat="46.5034" lon="-121.46331">
        <ele>2028.73</ele>
      </trkpt>
      <trkpt lat="46.50307" lon="-121.46307">
        <ele>2025.16</ele>
      </trkpt>
      <trkpt lat="46.50303" lon="-121.46302">
        <ele>2025.11</ele>
      </trkpt>
      <trkpt lat="46.50302" lon="-121.46291">
        <ele>2026.64</ele>
      </trkpt>
      <trkpt lat="46.50301" lon="-121.46238">
        <ele>2031.52</ele>
      </trkpt>
      <trkpt lat="46.50303" lon="-121.46204">
        <ele>2032.17</ele>
      </trkpt>
      <trkpt lat="46.50303" lon="-121.46191">
        <ele>2031.9</ele>
      </trkpt>
      <trkpt lat="46.50305" lon="-121.46174">
        <ele>2031.62</ele>
      </trkpt>
      <trkpt lat="46.50305" lon="-121.46169">
        <ele>2031.12</ele>
      </trkpt>
      <trkpt lat="46.50303" lon="-121.46168">
        <ele>2030.55</ele>
      </trkpt>
      <trkpt lat="46.50297" lon="-121.46171">
        <ele>2029.19</ele>
      </trkpt>
      <trkpt lat="46.50288" lon="-121.46181">
        <ele>2027.76</ele>
      </trkpt>
      <trkpt lat="46.50273" lon="-121.46206">
        <ele>2023.97</ele>
      </trkpt>
      <trkpt lat="46.50261" lon="-121.46209">
        <ele>2020.56</ele>
      </trkpt>
      <trkpt lat="46.50252" lon="-121.46223">
        <ele>2017.65</ele>
      </trkpt>
      <trkpt lat="46.50241" lon="-121.46236">
        <ele>2014.07</ele>
      </trkpt>
      <trkpt lat="46.50231" lon="-121.4625">
        <ele>2010.84</ele>
      </trkpt>
      <trkpt lat="46.50219" lon="-121.46262">
        <ele>2005.47</ele>
      </trkpt>
      <trkpt lat="46.50214" lon="-121.46272">
        <ele>2002.85</ele>
      </trkpt>
      <trkpt lat="46.50209" lon="-121.46293">
        <ele>1998.93</ele>
      </trkpt>
      <trkpt lat="46.50198" lon="-121.46323">
        <ele>1993.5</ele>
      </trkpt>
      <trkpt lat="46.50193" lon="-121.46328">
        <ele>1992.42</ele>
      </trkpt>
      <trkpt lat="46.50188" lon="-121.46328">
        <ele>1991.88</ele>
      </trkpt>
      <trkpt lat="46.50174" lon="-121.46319">
        <ele>1990.13</ele>
      </trkpt>
      <trkpt lat="46.50151" lon="-121.46319">
        <ele>1986.48</ele>
      </trkpt>
      <trkpt lat="46.50135" lon="-121.46328">
        <ele>1984.16</ele>
      </trkpt>
      <trkpt lat="46.50127" lon="-121.46328">
        <ele>1983.29</ele>
      </trkpt>
      <trkpt lat="46.50122" lon="-121.46326">
        <ele>1982.97</ele>
      </trkpt>
      <trkpt lat="46.50099" lon="-121.46326">
        <ele>1980.94</ele>
      </trkpt>
      <trkpt lat="46.50085" lon="-121.46331">
        <ele>1979.43</ele>
      </trkpt>
      <trkpt lat="46.50078" lon="-121.46341">
        <ele>1978.42</ele>
      </trkpt>
      <trkpt lat="46.50074" lon="-121.46346">
        <ele>1977.62</ele>
      </trkpt>
      <trkpt lat="46.50051" lon="-121.46352">
        <ele>1974.51</ele>
      </trkpt>
      <trkpt lat="46.50043" lon="-121.46357">
        <ele>1973.45</ele>
      </trkpt>
      <trkpt lat="46.50035" lon="-121.46365">
        <ele>1971.78</ele>
      </trkpt>
      <trkpt lat="46.5003" lon="-121.46366">
        <ele>1971.24</ele>
      </trkpt>
      <trkpt lat="46.50018" lon="-121.46375">
        <ele>1969.44</ele>
      </trkpt>
      <trkpt lat="46.50005" lon="-121.46378">
        <ele>1967.72</ele>
      </trkpt>
      <trkpt lat="46.49994" lon="-121.46377">
        <ele>1966.64</ele>
      </trkpt>
      <trkpt lat="46.49979" lon="-121.46377">
        <ele>1965.73</ele>
      </trkpt>
      <trkpt lat="46.49968" lon="-121.46374">
        <ele>1964.54</ele>
      </trkpt>
      <trkpt lat="46.49955" lon="-121.46375">
        <ele>1963.57</ele>
      </trkpt>
      <trkpt lat="46.49941" lon="-121.46378">
        <ele>1961.63</ele>
      </trkpt>
      <trkpt lat="46.49927" lon="-121.46383">
        <ele>1959.23</ele>
      </trkpt>
      <trkpt lat="46.49909" lon="-121.46385">
        <ele>1956.34</ele>
      </trkpt>
      <trkpt lat="46.49903" lon="-121.46392">
        <ele>1955.52</ele>
      </trkpt>
      <trkpt lat="46.49876" lon="-121.46402">
        <ele>1952.61</ele>
      </trkpt>
      <trkpt lat="46.49865" lon="-121.46408">
        <ele>1950.88</ele>
      </trkpt>
      <trkpt lat="46.49859" lon="-121.46407">
        <ele>1949.53</ele>
      </trkpt>
      <trkpt lat="46.49853" lon="-121.46403">
        <ele>1947.83</ele>
      </trkpt>
      <trkpt lat="46.4985" lon="-121.46404">
        <ele>1947.03</ele>
      </trkpt>
      <trkpt lat="46.49848" lon="-121.46405">
        <ele>1946.49</ele>
      </trkpt>
      <trkpt lat="46.49844" lon="-121.46408">
        <ele>1945.52</ele>
      </trkpt>
      <trkpt lat="46.49822" lon="-121.46412">
        <ele>1939.16</ele>
      </trkpt>
      <trkpt lat="46.49808" lon="-121.46418">
        <ele>1936.67</ele>
      </trkpt>
      <trkpt lat="46.49788" lon="-121.46421">
        <ele>1933.63</ele>
      </trkpt>
      <trkpt lat="46.49781" lon="-121.46423">
        <ele>1932.59</ele>
      </trkpt>
      <trkpt lat="46.49765" lon="-121.46423">
        <ele>1930.5</ele>
      </trkpt>
      <trkpt lat="46.49758" lon="-121.4642">
        <ele>1929.18</ele>
      </trkpt>
      <trkpt lat="46.49754" lon="-121.46415">
        <ele>1928.33</ele>
      </trkpt>
      <trkpt lat="46.49746" lon="-121.46413">
        <ele>1926.91</ele>
      </trkpt>
      <trkpt lat="46.49737" lon="-121.46416">
        <ele>1925.19</ele>
      </trkpt>
      <trkpt lat="46.49729" lon="-121.46416">
        <ele>1923.46</ele>
      </trkpt>
      <trkpt lat="46.49726" lon="-121.46412">
        <ele>1922.82</ele>
      </trkpt>
      <trkpt lat="46.49718" lon="-121.46413">
        <ele>1921.09</ele>
      </trkpt>
      <trkpt lat="46.49705" lon="-121.46411">
        <ele>1918.28</ele>
      </trkpt>
      <trkpt lat="46.49699" lon="-121.46408">
        <ele>1916.98</ele>
      </trkpt>
      <trkpt lat="46.49699" lon="-121.46408">
        <ele>1916.98</ele>
      </trkpt>
      <trkpt lat="46.49686" lon="-121.46399">
        <ele>1914.18</ele>
      </trkpt>
      <trkpt lat="46.49677" lon="-121.46396">
        <ele>1913.12</ele>
      </trkpt>
      <trkpt lat="46.49674" lon="-121.46396">
        <ele>1912.84</ele>
      </trkpt>
      <trkpt lat="46.49652" lon="-121.46405">
        <ele>1910.52</ele>
      </trkpt>
      <trkpt lat="46.49644" lon="-121.46404">
        <ele>1909.55</ele>
      </trkpt>
      <trkpt lat="46.49641" lon="-121.46401">
        <ele>1909.23</ele>
      </trkpt>
      <trkpt lat="46.49626" lon="-121.46399">
        <ele>1906.66</ele>
      </trkpt>
      <trkpt lat="46.49619" lon="-121.464">
        <ele>1905.85</ele>
      </trkpt>
      <trkpt lat="46.49616" lon="-121.46403">
        <ele>1905.53</ele>
      </trkpt>
      <trkpt lat="46.49604" lon="-121.46406">
        <ele>1904.23</ele>
      </trkpt>
      <trkpt lat="46.49592" lon="-121.46405">
        <ele>1902.63</ele>
      </trkpt>
      <trkpt lat="46.49586" lon="-121.4641">
        <ele>1901.78</ele>
      </trkpt>
      <trkpt lat="46.49572" lon="-121.46408">
        <ele>1899.55</ele>
      </trkpt>
      <trkpt lat="46.4956" lon="-121.4643">
        <ele>1896.73</ele>
      </trkpt>
      <trkpt lat="46.49547" lon="-121.46438">
        <ele>1893.8</ele>
      </trkpt>
      <trkpt lat="46.4953" lon="-121.46437">
        <ele>1891.09</ele>
      </trkpt>
      <trkpt lat="46.49525" lon="-121.46417">
        <ele>1891.36</ele>
      </trkpt>
      <trkpt lat="46.49517" lon="-121.46413">
        <ele>1889.74</ele>
      </trkpt>
      <trkpt lat="46.495" lon="-121.46396">
        <ele>1887.23</ele>
      </trkpt>
      <trkpt lat="46.49482" lon="-121.46377">
        <ele>1888.57</ele>
      </trkpt>
      <trkpt lat="46.49475" lon="-121.46373">
        <ele>1888.93</ele>
      </trkpt>
      <trkpt lat="46.49434" lon="-121.46395">
        <ele>1883.3</ele>
      </trkpt>
      <trkpt lat="46.49413" lon="-121.46398">
        <ele>1882.01</ele>
      </trkpt>
      <trkpt lat="46.49386" lon="-121.464">
        <ele>1880.55</ele>
      </trkpt>
      <trkpt lat="46.49365" lon="-121.46398">
        <ele>1877.84</ele>
      </trkpt>
      <trkpt lat="46.49355" lon="-121.46395">
        <ele>1876.34</ele>
      </trkpt>
      <trkpt lat="46.49347" lon="-121.46395">
        <ele>1875.48</ele>
      </trkpt>
      <trkpt lat="46.49331" lon="-121.46405">
        <ele>1874.0</ele>
      </trkpt>
      <trkpt lat="46.49321" lon="-121.46409">
        <ele>1873.83</ele>
      </trkpt>
      <trkpt lat="46.49319" lon="-121.46409">
        <ele>1873.83</ele>
      </trkpt>
      <trkpt lat="46.49315" lon="-121.46407">
        <ele>1874.04</ele>
      </trkpt>
      <trkpt lat="46.49309" lon="-121.46397">
        <ele>1875.08</ele>
      </trkpt>
      <trkpt lat="46.49304" lon="-121.46389">
        <ele>1875.99</ele>
      </trkpt>
      <trkpt lat="46.49296" lon="-121.46377">
        <ele>1877.29</ele>
      </trkpt>
      <trkpt lat="46.49291" lon="-121.46373">
        <ele>1878.13</ele>
      </trkpt>
      <trkpt lat="46.49272" lon="-121.46359">
        <ele>1880.23</ele>
      </trkpt>
      <trkpt lat="46.49257" lon="-121.46352">
        <ele>1880.98</ele>
      </trkpt>
      <trkpt lat="46.49248" lon="-121.4635">
        <ele>1880.78</ele>
      </trkpt>
      <trkpt lat="46.49234" lon="-121.46343">
        <ele>1879.24</ele>
      </trkpt>
      <trkpt lat="46.4923" lon="-121.46343">
        <ele>1878.64</ele>
      </trkpt>
      <trkpt lat="46.49223" lon="-121.46345">
        <ele>1877.15</ele>
      </trkpt>
      <trkpt lat="46.49211" lon="-121.46341">
        <ele>1877.0</ele>
      </trkpt>
      <trkpt lat="46.49194" lon="-121.46351">
        <ele>1876.09</ele>
      </trkpt>
      <trkpt lat="46.49166" lon="-121.46352">
        <ele>1876.98</ele>
      </trkpt>
      <trkpt lat="46.49158" lon="-121.46356">
        <ele>1876.55</ele>
      </trkpt>
      <trkpt lat="46.49145" lon="-121.46366">
        <ele>1875.94</ele>
      </trkpt>
      <trkpt lat="46.49136" lon="-121.46371">
        <ele>1874.93</ele>
      </trkpt>
      <trkpt lat="46.4913" lon="-121.46373">
        <ele>1874.72</ele>
      </trkpt>
      <trkpt lat="46.49108" lon="-121.46375">
        <ele>1873.83</ele>
      </trkpt>
      <trkpt lat="46.49102" lon="-121.46372">
        <ele>1873.84</ele>
      </trkpt>
      <trkpt lat="46.49092" lon="-121.46372">
        <ele>1873.58</ele>
      </trkpt>
      <trkpt lat="46.49067" lon="-121.46385">
        <ele>1868.52</ele>
      </trkpt>
      <trkpt lat="46.49057" lon="-121.46388">
        <ele>1867.25</ele>
      </trkpt>
      <trkpt lat="46.49048" lon="-121.46387">
        <ele>1866.39</ele>
      </trkpt>
      <trkpt lat="46.4904" lon="-121.46382">
        <ele>1865.56</ele>
      </trkpt>
      <trkpt lat="46.49025" lon="-121.46359">
        <ele>1863.47</ele>
      </trkpt>
      <trkpt lat="46.49022" lon="-121.46349">
        <ele>1863.38</ele>
      </trkpt>
      <trkpt lat="46.49009" lon="-121.46327">
        <ele>1861.96</ele>
      </trkpt>
      <trkpt lat="46.49005" lon="-121.46318">
        <ele>1861.54</ele>
      </trkpt>
      <trkpt lat="46.49002" lon="-121.46306">
        <ele>1861.22</ele>
      </trkpt>
      <trkpt lat="46.48994" lon="-121.46289">
        <ele>1860.35</ele>
      </trkpt>
      <trkpt lat="46.48981" lon="-121.46265">
        <ele>1859.95</ele>
      </trkpt>
      <trkpt lat="46.48968" lon="-121.46237">
        <ele>1859.54</ele>
      </trkpt>
      <trkpt lat="46.48941" lon="-121.46207">
        <ele>1856.63</ele>
      </trkpt>
      <trkpt lat="46.48937" lon="-121.46201">
        <ele>1855.9</ele>
      </trkpt>
      <trkpt lat="46.48937" lon="-121.46192">
        <ele>1855.2</ele>
      </trkpt>
      <trkpt lat="46.48939" lon="-121.46169">
        <ele>1854.08</ele>
      </trkpt>
      <trkpt lat="46.48938" lon="-121.46159">
        <ele>1852.78</ele>
      </trkpt>
      <trkpt lat="46.48939" lon="-121.46149">
        <ele>1852.82</ele>
      </trkpt>
      <trkpt lat="46.48937" lon="-121.4614">
        <ele>1853.27</ele>
      </trkpt>
      <trkpt lat="46.48934" lon="-121.46134">
        <ele>1853.73</ele>
      </trkpt>
      <trkpt lat="46.48927" lon="-121.46129">
        <ele>1852.42</ele>
      </trkpt>
      <trkpt lat="46.48919" lon="-121.4612">
        <ele>1850.83</ele>
      </trkpt>
      <trkpt lat="46.48903" lon="-121.46105">
        <ele>1849.55</ele>
      </trkpt>
      <trkpt lat="46.48898" lon="-121.46105">
        <ele>1847.94</ele>
      </trkpt>
      <trkpt lat="46.48893" lon="-121.46108">
        <ele>1845.71</ele>
      </trkpt>
      <trkpt lat="46.48883" lon="-121.4612">
        <ele>1840.81</ele>
      </trkpt>
      <trkpt lat="46.4888" lon="-121.46127">
        <ele>1839.36</ele>
      </trkpt>
      <trkpt lat="46.4888" lon="-121.46146">
        <ele>1837.31</ele>
      </trkpt>
      <trkpt lat="46.48882" lon="-121.46151">
        <ele>1837.51</ele>
      </trkpt>
      <trkpt lat="46.48882" lon="-121.46157">
        <ele>1837.51</ele>
      </trkpt>
      <trkpt lat="46.4888" lon="-121.46163">
        <ele>1837.08</ele>
      </trkpt>
      <trkpt lat="46.48875" lon="-121.46167">
        <ele>1835.48</ele>
      </trkpt>
      <trkpt lat="46.48869" lon="-121.46174">
        <ele>1833.73</ele>
      </trkpt>
      <trkpt lat="46.48866" lon="-121.4618">
        <ele>1832.62</ele>
      </trkpt>
      <trkpt lat="46.48862" lon="-121.46185">
        <ele>1831.21</ele>
      </trkpt>
      <trkpt lat="46.48857" lon="-121.46188">
        <ele>1829.36</ele>
      </trkpt>
      <trkpt lat="46.48849" lon="-121.46187">
        <ele>1826.51</ele>
      </trkpt>
      <trkpt lat="46.48842" lon="-121.46183">
        <ele>1824.15</ele>
      </trkpt>
      <trkpt lat="46.48839" lon="-121.46179">
        <ele>1823.4</ele>
      </trkpt>
      <trkpt lat="46.48834" lon="-121.46158">
        <ele>1824.23</ele>
      </trkpt>
      <trkpt lat="46.48833" lon="-121.46139">
        <ele>1825.81</ele>
      </trkpt>
      <trkpt lat="46.48826" lon="-121.46122">
        <ele>1825.52</ele>
      </trkpt>
      <trkpt lat="46.48807" lon="-121.46103">
        <ele>1819.4</ele>
      </trkpt>
      <trkpt lat="46.48792" lon="-121.46074">
        <ele>1816.62</ele>
      </trkpt>
      <trkpt lat="46.4878" lon="-121.46021">
        <ele>1817.45</ele>
      </trkpt>
      <trkpt lat="46.48768" lon="-121.45995">
        <ele>1816.43</ele>
      </trkpt>
      <trkpt lat="46.48761" lon="-121.45959">
        <ele>1818.99</ele>
      </trkpt>
      <trkpt lat="46.4875" lon="-121.45935">
        <ele>1819.02</ele>
      </trkpt>
      <trkpt lat="46.4875" lon="-121.45899">
        <ele>1822.91</ele>
      </trkpt>
      <trkpt lat="46.48737" lon="-121.45877">
        <ele>1823.07</ele>
      </trkpt>
      <trkpt lat="46.48731" lon="-121.45857">
        <ele>1824.31</ele>
      </trkpt>
      <trkpt lat="46.48728" lon="-121.45817">
        <ele>1830.4</ele>
      </trkpt>
      <trkpt lat="46.48726" lon="-121.45799">
        <ele>1833.93</ele>
      </trkpt>
      <trkpt lat="46.48717" lon="-121.45781">
        <ele>1834.9</ele>
      </trkpt>
      <trkpt lat="46.48697" lon="-121.45752">
        <ele>1835.96</ele>
      </trkpt>
      <trkpt lat="46.48662" lon="-121.45716">
        <ele>1834.66</ele>
      </trkpt>
      <trkpt lat="46.48651" lon="-121.45693">
        <ele>1834.82</ele>
      </trkpt>
      <trkpt lat="46.48646" lon="-121.45659">
        <ele>1835.94</ele>
      </trkpt>
      <trkpt lat="46.48642" lon="-121.45595">
        <ele>1836.01</ele>
      </trkpt>
      <trkpt lat="46.48643" lon="-121.45505">
        <ele>1836.22</ele>
      </trkpt>
      <trkpt lat="46.48639" lon="-121.45448">
        <ele>1836.05</ele>
      </trkpt>
      <trkpt lat="46.48629" lon="-121.45404">
        <ele>1833.75</ele>
      </trkpt>
      <trkpt lat="46.48622" lon="-121.45321">
        <ele>1834.98</ele>
      </trkpt>
      <trkpt lat="46.48614" lon="-121.45298">
        <ele>1833.06</ele>
      </trkpt>
      <trkpt lat="46.48613" lon="-121.45276">
        <ele>1835.05</ele>
      </trkpt>
      <trkpt lat="46.48601" lon="-121.45241">
        <ele>1835.49</ele>
      </trkpt>
      <trkpt lat="46.48584" lon="-121.4521">
        <ele>1832.61</ele>
      </trkpt>
      <trkpt lat="46.48579" lon="-121.45173">
        <ele>1834.76</ele>
      </trkpt>
      <trkpt lat="46.48578" lon="-121.45167">
        <ele>1834.68</ele>
      </trkpt>
      <trkpt lat="46.48566" lon="-121.45143">
        <ele>1830.7</ele>
      </trkpt>
      <trkpt lat="46.48567" lon="-121.45134">
        <ele>1829.94</ele>
      </trkpt>
      <trkpt lat="46.48573" lon="-121.45122">
        <ele>1829.02</ele>
      </trkpt>
      <trkpt lat="46.48588" lon="-121.45104">
        <ele>1828.21</ele>
      </trkpt>
      <trkpt lat="46.48647" lon="-121.4506">
        <ele>1831.07</ele>
      </trkpt>
      <trkpt lat="46.48684" lon="-121.45026">
        <ele>1833.04</ele>
      </trkpt>
      <trkpt lat="46.48702" lon="-121.45">
        <ele>1832.26</ele>
      </trkpt>
      <trkpt lat="46.48706" lon="-121.44991">
        <ele>1831.07</ele>
      </trkpt>
      <trkpt lat="46.48721" lon="-121.44962">
        <ele>1829.16</ele>
      </trkpt>
      <trkpt lat="46.48757" lon="-121.44919">
        <ele>1829.02</ele>
      </trkpt>
      <trkpt lat="46.48779" lon="-121.44901">
        <ele>1828.19</ele>
      </trkpt>
      <trkpt lat="46.48797" lon="-121.44881">
        <ele>1827.52</ele>
      </trkpt>
      <trkpt lat="46.488" lon="-121.44864">
        <ele>1825.51</ele>
      </trkpt>
      <trkpt lat="46.48808" lon="-121.44846">
        <ele>1825.16</ele>
      </trkpt>
      <trkpt lat="46.48814" lon="-121.44824">
        <ele>1825.74</ele>
      </trkpt>
      <trkpt lat="46.48814" lon="-121.44797">
        <ele>1826.75</ele>
      </trkpt>
      <trkpt lat="46.488" lon="-121.44773">
        <ele>1825.72</ele>
      </trkpt>
      <trkpt lat="46.48792" lon="-121.4474">
        <ele>1827.69</ele>
      </trkpt>
      <trkpt lat="46.48784" lon="-121.44733">
        <ele>1825.85</ele>
      </trkpt>
      <trkpt lat="46.48779" lon="-121.44724">
        <ele>1825.91</ele>
      </trkpt>
      <trkpt lat="46.48773" lon="-121.447">
        <ele>1828.25</ele>
      </trkpt>
      <trkpt lat="46.48758" lon="-121.44687">
        <ele>1826.2</ele>
      </trkpt>
      <trkpt lat="46.48728" lon="-121.44663">
        <ele>1824.42</ele>
      </trkpt>
      <trkpt lat="46.4871" lon="-121.44643">
        <ele>1826.79</ele>
      </trkpt>
      <trkpt lat="46.48701" lon="-121.44641">
        <ele>1826.25</ele>
      </trkpt>
      <trkpt lat="46.48694" lon="-121.44641">
        <ele>1825.5</ele>
      </trkpt>
      <trkpt lat="46.48683" lon="-121.44646">
        <ele>1823.17</ele>
      </trkpt>
      <trkpt lat="46.48674" lon="-121.44646">
        <ele>1821.86</ele>
      </trkpt>
      <trkpt lat="46.48666" lon="-121.44639">
        <ele>1821.83</ele>
      </trkpt>
      <trkpt lat="46.48654" lon="-121.44617">
        <ele>1821.13</ele>
      </trkpt>
      <trkpt lat="46.48651" lon="-121.44602">
        <ele>1820.54</ele>
      </trkpt>
      <trkpt lat="46.48655" lon="-121.44565">
        <ele>1821.46</ele>
      </trkpt>
      <trkpt lat="46.48655" lon="-121.44549">
        <ele>1819.47</ele>
      </trkpt>
      <trkpt lat="46.48669" lon="-121.44524">
        <ele>1823.19</ele>
      </trkpt>
      <trkpt lat="46.48673" lon="-121.44502">
        <ele>1820.17</ele>
      </trkpt>
      <trkpt lat="46.48679" lon="-121.44489">
        <ele>1819.76</ele>
      </trkpt>
      <trkpt lat="46.48689" lon="-121.44475">
        <ele>1819.67</ele>
      </trkpt>
      <trkpt lat="46.48702" lon="-121.44457">
        <ele>1819.45</ele>
      </trkpt>
      <trkpt lat="46.48722" lon="-121.44444">
        <ele>1821.74</ele>
      </trkpt>
      <trkpt lat="46.48766" lon="-121.44416">
        <ele>1819.51</ele>
      </trkpt>
      <trkpt lat="46.48788" lon="-121.44408">
        <ele>1820.46</ele>
      </trkpt>
      <trkpt lat="46.48801" lon="-121.44406">
        <ele>1821.98</ele>
      </trkpt>
      <trkpt lat="46.48829" lon="-121.44398">
        <ele>1823.48</ele>
      </trkpt>
      <trkpt lat="46.48898" lon="-121.44363">
        <ele>1819.58</ele>
      </trkpt>
      <trkpt lat="46.48928" lon="-121.44358">
        <ele>1821.96</ele>
      </trkpt>
      <trkpt lat="46.48947" lon="-121.44349">
        <ele>1822.44</ele>
      </trkpt>
      <trkpt lat="46.48969" lon="-121.44335">
        <ele>1819.54</ele>
      </trkpt>
      <trkpt lat="46.4898" lon="-121.44335">
        <ele>1820.38</ele>
      </trkpt>
      <trkpt lat="46.48986" lon="-121.4433">
        <ele>1821.41</ele>
      </trkpt>
      <trkpt lat="46.48988" lon="-121.44325">
        <ele>1821.65</ele>
      </trkpt>
      <trkpt lat="46.4899" lon="-121.44312">
        <ele>1821.19</ele>
      </trkpt>
      <trkpt lat="46.48997" lon="-121.44295">
        <ele>1822.15</ele>
      </trkpt>
      <trkpt lat="46.49053" lon="-121.44197">
        <ele>1823.1</ele>
      </trkpt>
      <trkpt lat="46.49053" lon="-121.4419">
        <ele>1822.42</ele>
      </trkpt>
      <trkpt lat="46.49062" lon="-121.44164">
        <ele>1823.5</ele>
      </trkpt>
      <trkpt lat="46.49069" lon="-121.44146">
        <ele>1825.03</ele>
      </trkpt>
      <trkpt lat="46.4908" lon="-121.44116">
        <ele>1829.2</ele>
      </trkpt>
      <trkpt lat="46.49081" lon="-121.44097">
        <ele>1829.74</ele>
      </trkpt>
      <trkpt lat="46.49085" lon="-121.44084">
        <ele>1833.2</ele>
      </trkpt>
      <trkpt lat="46.49081" lon="-121.44072">
        <ele>1830.96</ele>
      </trkpt>
      <trkpt lat="46.49081" lon="-121.44056">
        <ele>1832.69</ele>
      </trkpt>
      <trkpt lat="46.49077" lon="-121.44017">
        <ele>1837.34</ele>
      </trkpt>
      <trkpt lat="46.49078" lon="-121.43997">
        <ele>1843.05</ele>
      </trkpt>
      <trkpt lat="46.49073" lon="-121.4399">
        <ele>1841.39</ele>
      </trkpt>
      <trkpt lat="46.49071" lon="-121.43981">
        <ele>1841.39</ele>
      </trkpt>
      <trkpt lat="46.49069" lon="-121.43967">
        <ele>1841.82</ele>
      </trkpt>
      <trkpt lat="46.49068" lon="-121.43914">
        <ele>1846.25</ele>
      </trkpt>
      <trkpt lat="46.49069" lon="-121.43879">
        <ele>1848.26</ele>
      </trkpt>
      <trkpt lat="46.49073" lon="-121.43849">
        <ele>1851.73</ele>
      </trkpt>
      <trkpt lat="46.49083" lon="-121.43826">
        <ele>1860.54</ele>
      </trkpt>
      <trkpt lat="46.49087" lon="-121.43812">
        <ele>1863.74</ele>
      </trkpt>
      <trkpt lat="46.49088" lon="-121.43806">
        <ele>1864.97</ele>
      </trkpt>
      <trkpt lat="46.49085" lon="-121.43798">
        <ele>1866.02</ele>
      </trkpt>
      <trkpt lat="46.49085" lon="-121.43794">
        <ele>1867.04</ele>
      </trkpt>
      <trkpt lat="46.4908" lon="-121.43792">
        <ele>1865.49</ele>
      </trkpt>
      <trkpt lat="46.49072" lon="-121.43784">
        <ele>1863.31</ele>
      </trkpt>
      <trkpt lat="46.49071" lon="-121.4378">
        <ele>1863.53</ele>
      </trkpt>
      <trkpt lat="46.4907" lon="-121.43774">
        <ele>1863.36</ele>
      </trkpt>
      <trkpt lat="46.49071" lon="-121.43757">
        <ele>1865.09</ele>
      </trkpt>
      <trkpt lat="46.49067" lon="-121.43739">
        <ele>1864.37</ele>
      </trkpt>
      <trkpt lat="46.49068" lon="-121.43712">
        <ele>1867.89</ele>
      </trkpt>
      <trkpt lat="46.49064" lon="-121.43697">
        <ele>1868.46</ele>
      </trkpt>
      <trkpt lat="46.49061" lon="-121.43681">
        <ele>1870.22</ele>
      </trkpt>
      <trkpt lat="46.49057" lon="-121.43673">
        <ele>1870.05</ele>
      </trkpt>
      <trkpt lat="46.49054" lon="-121.43671">
        <ele>1869.64</ele>
      </trkpt>
      <trkpt lat="46.49049" lon="-121.43659">
        <ele>1869.7</ele>
      </trkpt>
      <trkpt lat="46.49042" lon="-121.43653">
        <ele>1868.55</ele>
      </trkpt>
      <trkpt lat="46.49039" lon="-121.43648">
        <ele>1868.43</ele>
      </trkpt>
      <trkpt lat="46.49036" lon="-121.43643">
        <ele>1867.61</ele>
      </trkpt>
      <trkpt lat="46.49036" lon="-121.43631">
        <ele>1867.66</ele>
      </trkpt>
      <trkpt lat="46.49036" lon="-121.43617">
        <ele>1868.59</ele>
      </trkpt>
      <trkpt lat="46.49041" lon="-121.43561">
        <ele>1871.28</ele>
      </trkpt>
      <trkpt lat="46.4904" lon="-121.43553">
        <ele>1870.96</ele>
      </trkpt>
      <trkpt lat="46.49038" lon="-121.43545">
        <ele>1870.31</ele>
      </trkpt>
      <trkpt lat="46.49038" lon="-121.43531">
        <ele>1870.31</ele>
      </trkpt>
      <trkpt lat="46.49034" lon="-121.43521">
        <ele>1869.75</ele>
      </trkpt>
      <trkpt lat="46.49037" lon="-121.4351">
        <ele>1871.91</ele>
      </trkpt>
      <trkpt lat="46.49037" lon="-121.43503">
        <ele>1871.99</ele>
      </trkpt>
      <trkpt lat="46.49034" lon="-121.43498">
        <ele>1872.03</ele>
      </trkpt>
      <trkpt lat="46.4903" lon="-121.43499">
        <ele>1871.51</ele>
      </trkpt>
      <trkpt lat="46.49021" lon="-121.43504">
        <ele>1870.55</ele>
      </trkpt>
      <trkpt lat="46.49018" lon="-121.43505">
        <ele>1870.47</ele>
      </trkpt>
      <trkpt lat="46.49009" lon="-121.43501">
        <ele>1872.78</ele>
      </trkpt>
      <trkpt lat="46.49" lon="-121.43494">
        <ele>1874.94</ele>
      </trkpt>
      <trkpt lat="46.48992" lon="-121.43485">
        <ele>1875.84</ele>
      </trkpt>
      <trkpt lat="46.48987" lon="-121.43471">
        <ele>1877.32</ele>
      </trkpt>
      <trkpt lat="46.48981" lon="-121.43462">
        <ele>1877.25</ele>
      </trkpt>
      <trkpt lat="46.48972" lon="-121.43461">
        <ele>1878.27</ele>
      </trkpt>
      <trkpt lat="46.48954" lon="-121.43465">
        <ele>1882.25</ele>
      </trkpt>
      <trkpt lat="46.48947" lon="-121.43471">
        <ele>1883.2</ele>
      </trkpt>
      <trkpt lat="46.48936" lon="-121.43479">
        <ele>1885.45</ele>
      </trkpt>
      <trkpt lat="46.48903" lon="-121.43517">
        <ele>1888.47</ele>
      </trkpt>
      <trkpt lat="46.48888" lon="-121.43529">
        <ele>1891.87</ele>
      </trkpt>
      <trkpt lat="46.48864" lon="-121.43539">
        <ele>1899.12</ele>
      </trkpt>
      <trkpt lat="46.48855" lon="-121.43549">
        <ele>1900.52</ele>
      </trkpt>
      <trkpt lat="46.48841" lon="-121.43568">
        <ele>1903.28</ele>
      </trkpt>
      <trkpt lat="46.48828" lon="-121.43592">
        <ele>1906.12</ele>
      </trkpt>
      <trkpt lat="46.48825" lon="-121.43604">
        <ele>1906.17</ele>
      </trkpt>
      <trkpt lat="46.48822" lon="-121.43625">
        <ele>1905.84</ele>
      </trkpt>
      <trkpt lat="46.48813" lon="-121.43652">
        <ele>1908.31</ele>
      </trkpt>
      <trkpt lat="46.48813" lon="-121.43661">
        <ele>1906.98</ele>
      </trkpt>
      <trkpt lat="46.4881" lon="-121.43689">
        <ele>1906.01</ele>
      </trkpt>
      <trkpt lat="46.48807" lon="-121.43691">
        <ele>1907.75</ele>
      </trkpt>
      <trkpt lat="46.48807" lon="-121.43673">
        <ele>1910.22</ele>
      </trkpt>
      <trkpt lat="46.48805" lon="-121.43662">
        <ele>1912.77</ele>
      </trkpt>
      <trkpt lat="46.48801" lon="-121.43654">
        <ele>1915.15</ele>
      </trkpt>
      <trkpt lat="46.48797" lon="-121.43642">
        <ele>1917.67</ele>
      </trkpt>
      <trkpt lat="46.48796" lon="-121.43633">
        <ele>1918.73</ele>
      </trkpt>
      <trkpt lat="46.48798" lon="-121.4362">
        <ele>1919.3</ele>
      </trkpt>
      <trkpt lat="46.48802" lon="-121.43612">
        <ele>1918.44</ele>
      </trkpt>
      <trkpt lat="46.48799" lon="-121.43607">
        <ele>1920.28</ele>
      </trkpt>
      <trkpt lat="46.48792" lon="-121.43617">
        <ele>1921.76</ele>
      </trkpt>
      <trkpt lat="46.48787" lon="-121.43621">
        <ele>1922.94</ele>
      </trkpt>
      <trkpt lat="46.48773" lon="-121.43645">
        <ele>1922.86</ele>
      </trkpt>
      <trkpt lat="46.48764" lon="-121.43647">
        <ele>1923.18</ele>
      </trkpt>
      <trkpt lat="46.48757" lon="-121.43639">
        <ele>1924.97</ele>
      </trkpt>
      <trkpt lat="46.48751" lon="-121.4363">
        <ele>1926.92</ele>
      </trkpt>
      <trkpt lat="46.48746" lon="-121.43618">
        <ele>1929.51</ele>
      </trkpt>
      <trkpt lat="46.48733" lon="-121.43612">
        <ele>1930.81</ele>
      </trkpt>
      <trkpt lat="46.48719" lon="-121.4361">
        <ele>1931.05</ele>
      </trkpt>
      <trkpt lat="46.48715" lon="-121.43606">
        <ele>1932.31</ele>
      </trkpt>
      <trkpt lat="46.48714" lon="-121.43599">
        <ele>1934.96</ele>
      </trkpt>
      <trkpt lat="46.4871" lon="-121.43592">
        <ele>1936.94</ele>
      </trkpt>
      <trkpt lat="46.48705" lon="-121.4359">
        <ele>1937.26</ele>
      </trkpt>
      <trkpt lat="46.487" lon="-121.4359">
        <ele>1936.32</ele>
      </trkpt>
      <trkpt lat="46.48688" lon="-121.43588">
        <ele>1934.59</ele>
      </trkpt>
      <trkpt lat="46.48675" lon="-121.43581">
        <ele>1933.61</ele>
      </trkpt>
      <trkpt lat="46.48662" lon="-121.43564">
        <ele>1936.34</ele>
      </trkpt>
      <trkpt lat="46.48643" lon="-121.43548">
        <ele>1936.6</ele>
      </trkpt>
      <trkpt lat="46.48616" lon="-121.43534">
        <ele>1934.04</ele>
      </trkpt>
      <trkpt lat="46.48592" lon="-121.4351">
        <ele>1935.7</ele>
      </trkpt>
      <trkpt lat="46.48584" lon="-121.43507">
        <ele>1935.79</ele>
      </trkpt>
      <trkpt lat="46.48572" lon="-121.43491">
        <ele>1939.7</ele>
      </trkpt>
      <trkpt lat="46.48569" lon="-121.43488">
        <ele>1940.5</ele>
      </trkpt>
      <trkpt lat="46.48564" lon="-121.43488">
        <ele>1940.16</ele>
      </trkpt>
      <trkpt lat="46.48552" lon="-121.43493">
        <ele>1937.98</ele>
      </trkpt>
      <trkpt lat="46.48539" lon="-121.43496">
        <ele>1936.86</ele>
      </trkpt>
      <trkpt lat="46.48533" lon="-121.43495">
        <ele>1936.64</ele>
      </trkpt>
      <trkpt lat="46.48525" lon="-121.43496">
        <ele>1935.56</ele>
      </trkpt>
      <trkpt lat="46.48517" lon="-121.43495">
        <ele>1935.0</ele>
      </trkpt>
      <trkpt lat="46.48514" lon="-121.43492">
        <ele>1935.66</ele>
      </trkpt>
      <trkpt lat="46.48513" lon="-121.43476">
        <ele>1939.94</ele>
      </trkpt>
      <trkpt lat="46.4851" lon="-121.43465">
        <ele>1943.34</ele>
      </trkpt>
      <trkpt lat="46.485" lon="-121.43456">
        <ele>1947.01</ele>
      </trkpt>
      <trkpt lat="46.48489" lon="-121.43457">
        <ele>1947.76</ele>
      </trkpt>
      <trkpt lat="46.4847" lon="-121.43456">
        <ele>1949.01</ele>
      </trkpt>
      <trkpt lat="46.48462" lon="-121.43453">
        <ele>1950.3</ele>
      </trkpt>
      <trkpt lat="46.4842" lon="-121.43428">
        <ele>1960.82</ele>
      </trkpt>
      <trkpt lat="46.48403" lon="-121.43424">
        <ele>1962.83</ele>
      </trkpt>
      <trkpt lat="46.48367" lon="-121.43423">
        <ele>1966.74</ele>
      </trkpt>
      <trkpt lat="46.48329" lon="-121.43424">
        <ele>1972.67</ele>
      </trkpt>
      <trkpt lat="46.48313" lon="-121.43426">
        <ele>1974.17</ele>
      </trkpt>
      <trkpt lat="46.48295" lon="-121.43431">
        <ele>1972.77</ele>
      </trkpt>
      <trkpt lat="46.48279" lon="-121.43446">
        <ele>1968.13</ele>
      </trkpt>
      <trkpt lat="46.48272" lon="-121.43451">
        <ele>1967.82</ele>
      </trkpt>
      <trkpt lat="46.48267" lon="-121.43453">
        <ele>1967.75</ele>
      </trkpt>
      <trkpt lat="46.48261" lon="-121.43453">
        <ele>1967.05</ele>
      </trkpt>
      <trkpt lat="46.48255" lon="-121.43456">
        <ele>1967.61</ele>
      </trkpt>
      <trkpt lat="46.48246" lon="-121.43458">
        <ele>1968.39</ele>
      </trkpt>
      <trkpt lat="46.48229" lon="-121.43458">
        <ele>1968.39</ele>
      </trkpt>
      <trkpt lat="46.48221" lon="-121.43453">
        <ele>1966.77</ele>
      </trkpt>
      <trkpt lat="46.48198" lon="-121.43425">
        <ele>1958.32</ele>
      </trkpt>
      <trkpt lat="46.48192" lon="-121.43421">
        <ele>1957.4</ele>
      </trkpt>
      <trkpt lat="46.48176" lon="-121.43418">
        <ele>1956.57</ele>
      </trkpt>
      <trkpt lat="46.48171" lon="-121.43419">
        <ele>1957.01</ele>
      </trkpt>
      <trkpt lat="46.48168" lon="-121.4342">
        <ele>1957.44</ele>
      </trkpt>
      <trkpt lat="46.48166" lon="-121.43419">
        <ele>1956.99</ele>
      </trkpt>
      <trkpt lat="46.48165" lon="-121.43417">
        <ele>1956.14</ele>
      </trkpt>
      <trkpt lat="46.48159" lon="-121.43405">
        <ele>1951.39</ele>
      </trkpt>
      <trkpt lat="46.48151" lon="-121.43399">
        <ele>1948.58</ele>
      </trkpt>
      <trkpt lat="46.48145" lon="-121.43399">
        <ele>1947.94</ele>
      </trkpt>
      <trkpt lat="46.48136" lon="-121.43397">
        <ele>1946.32</ele>
      </trkpt>
      <trkpt lat="46.48132" lon="-121.43399">
        <ele>1946.53</ele>
      </trkpt>
      <trkpt lat="46.48128" lon="-121.43398">
        <ele>1945.78</ele>
      </trkpt>
      <trkpt lat="46.48102" lon="-121.43382">
        <ele>1938.02</ele>
      </trkpt>
      <trkpt lat="46.48087" lon="-121.43378">
        <ele>1936.3</ele>
      </trkpt>
      <trkpt lat="46.48075" lon="-121.43373">
        <ele>1933.88</ele>
      </trkpt>
      <trkpt lat="46.48041" lon="-121.43369">
        <ele>1927.9</ele>
      </trkpt>
      <trkpt lat="46.48031" lon="-121.43365">
        <ele>1924.38</ele>
      </trkpt>
      <trkpt lat="46.48024" lon="-121.43364">
        <ele>1922.43</ele>
      </trkpt>
      <trkpt lat="46.47995" lon="-121.43364">
        <ele>1919.56</ele>
      </trkpt>
      <trkpt lat="46.4798" lon="-121.43356">
        <ele>1914.63</ele>
      </trkpt>
      <trkpt lat="46.47964" lon="-121.43353">
        <ele>1910.72</ele>
      </trkpt>
      <trkpt lat="46.47948" lon="-121.43347">
        <ele>1904.67</ele>
      </trkpt>
      <trkpt lat="46.47948" lon="-121.43344">
        <ele>1903.38</ele>
      </trkpt>
      <trkpt lat="46.47953" lon="-121.43342">
        <ele>1903.6</ele>
      </trkpt>
      <trkpt lat="46.47961" lon="-121.43334">
        <ele>1901.86</ele>
      </trkpt>
      <trkpt lat="46.4798" lon="-121.43324">
        <ele>1899.81</ele>
      </trkpt>
      <trkpt lat="46.47987" lon="-121.43319">
        <ele>1897.81</ele>
      </trkpt>
      <trkpt lat="46.47987" lon="-121.43316">
        <ele>1896.51</ele>
      </trkpt>
      <trkpt lat="46.47971" lon="-121.43318">
        <ele>1896.24</ele>
      </trkpt>
      <trkpt lat="46.47958" lon="-121.43317">
        <ele>1894.41</ele>
      </trkpt>
      <trkpt lat="46.47949" lon="-121.43315">
        <ele>1892.56</ele>
      </trkpt>
      <trkpt lat="46.47935" lon="-121.43315">
        <ele>1891.06</ele>
      </trkpt>
      <trkpt lat="46.4793" lon="-121.43315">
        <ele>1891.06</ele>
      </trkpt>
      <trkpt lat="46.47921" lon="-121.43319">
        <ele>1892.65</ele>
      </trkpt>
      <trkpt lat="46.47917" lon="-121.4332">
        <ele>1893.1</ele>
      </trkpt>
      <trkpt lat="46.47914" lon="-121.43319">
        <ele>1893.19</ele>
      </trkpt>
      <trkpt lat="46.47904" lon="-121.43315">
        <ele>1893.41</ele>
      </trkpt>
      <trkpt lat="46.47894" lon="-121.43303">
        <ele>1891.9</ele>
      </trkpt>
      <trkpt lat="46.47891" lon="-121.43297">
        <ele>1890.92</ele>
      </trkpt>
      <trkpt lat="46.47888" lon="-121.4328">
        <ele>1886.72</ele>
      </trkpt>
      <trkpt lat="46.47882" lon="-121.43274">
        <ele>1884.78</ele>
      </trkpt>
      <trkpt lat="46.47875" lon="-121.43264">
        <ele>1881.54</ele>
      </trkpt>
      <trkpt lat="46.47869" lon="-121.43261">
        <ele>1880.56</ele>
      </trkpt>
      <trkpt lat="46.47865" lon="-121.43263">
        <ele>1881.21</ele>
      </trkpt>
      <trkpt lat="46.47862" lon="-121.43265">
        <ele>1881.86</ele>
      </trkpt>
      <trkpt lat="46.47857" lon="-121.43266">
        <ele>1882.18</ele>
      </trkpt>
      <trkpt lat="46.47851" lon="-121.43263">
        <ele>1881.25</ele>
      </trkpt>
      <trkpt lat="46.47832" lon="-121.43261">
        <ele>1880.56</ele>
      </trkpt>
      <trkpt lat="46.4782" lon="-121.43254">
        <ele>1878.3</ele>
      </trkpt>
      <trkpt lat="46.47781" lon="-121.43246">
        <ele>1874.85</ele>
      </trkpt>
      <trkpt lat="46.47774" lon="-121.43247">
        <ele>1874.62</ele>
      </trkpt>
      <trkpt lat="46.4775" lon="-121.43255">
        <ele>1875.16</ele>
      </trkpt>
      <trkpt lat="46.47742" lon="-121.43254">
        <ele>1873.86</ele>
      </trkpt>
      <trkpt lat="46.47726" lon="-121.4325">
        <ele>1871.0</ele>
      </trkpt>
      <trkpt lat="46.47708" lon="-121.43244">
        <ele>1867.52</ele>
      </trkpt>
      <trkpt lat="46.47701" lon="-121.43245">
        <ele>1867.38</ele>
      </trkpt>
      <trkpt lat="46.47691" lon="-121.43242">
        <ele>1866.78</ele>
      </trkpt>
      <trkpt lat="46.47682" lon="-121.43242">
        <ele>1867.75</ele>
      </trkpt>
      <trkpt lat="46.47673" lon="-121.43244">
        <ele>1869.37</ele>
      </trkpt>
      <trkpt lat="46.47669" lon="-121.43242">
        <ele>1869.16</ele>
      </trkpt>
      <trkpt lat="46.47667" lon="-121.43238">
        <ele>1868.07</ele>
      </trkpt>
      <trkpt lat="46.47662" lon="-121.43235">
        <ele>1868.15</ele>
      </trkpt>
      <trkpt lat="46.47656" lon="-121.43234">
        <ele>1869.12</ele>
      </trkpt>
      <trkpt lat="46.47649" lon="-121.43234">
        <ele>1870.63</ele>
      </trkpt>
      <trkpt lat="46.47643" lon="-121.43231">
        <ele>1870.37</ele>
      </trkpt>
      <trkpt lat="46.47635" lon="-121.43226">
        <ele>1868.88</ele>
      </trkpt>
      <trkpt lat="46.47629" lon="-121.4322">
        <ele>1867.35</ele>
      </trkpt>
      <trkpt lat="46.47621" lon="-121.43215">
        <ele>1866.59</ele>
      </trkpt>
      <trkpt lat="46.47615" lon="-121.43214">
        <ele>1866.92</ele>
      </trkpt>
      <trkpt lat="46.47608" lon="-121.43215">
        <ele>1867.66</ele>
      </trkpt>
      <trkpt lat="46.47602" lon="-121.43213">
        <ele>1867.01</ele>
      </trkpt>
      <trkpt lat="46.47599" lon="-121.43211">
        <ele>1866.82</ele>
      </trkpt>
      <trkpt lat="46.47592" lon="-121.432">
        <ele>1863.86</ele>
      </trkpt>
      <trkpt lat="46.47587" lon="-121.43195">
        <ele>1862.78</ele>
      </trkpt>
      <trkpt lat="46.4757" lon="-121.43183">
        <ele>1859.29</ele>
      </trkpt>
      <trkpt lat="46.47562" lon="-121.43179">
        <ele>1857.69</ele>
      </trkpt>
      <trkpt lat="46.47556" lon="-121.43181">
        <ele>1857.69</ele>
      </trkpt>
      <trkpt lat="46.47542" lon="-121.43189">
        <ele>1858.09</ele>
      </trkpt>
      <trkpt lat="46.47532" lon="-121.43201">
        <ele>1858.62</ele>
      </trkpt>
      <trkpt lat="46.47527" lon="-121.43207">
        <ele>1858.54</ele>
      </trkpt>
      <trkpt lat="46.47523" lon="-121.4321">
        <ele>1858.33</ele>
      </trkpt>
      <trkpt lat="46.47516" lon="-121.4321">
        <ele>1856.82</ele>
      </trkpt>
      <trkpt lat="46.47505" lon="-121.43218">
        <ele>1856.63</ele>
      </trkpt>
      <trkpt lat="46.47498" lon="-121.43225">
        <ele>1857.9</ele>
      </trkpt>
      <trkpt lat="46.4749" lon="-121.43231">
        <ele>1859.76</ele>
      </trkpt>
      <trkpt lat="46.47482" lon="-121.43233">
        <ele>1859.54</ele>
      </trkpt>
      <trkpt lat="46.47377" lon="-121.4323">
        <ele>1857.93</ele>
      </trkpt>
      <trkpt lat="46.47367" lon="-121.43226">
        <ele>1858.58</ele>
      </trkpt>
      <trkpt lat="46.47342" lon="-121.43207">
        <ele>1858.2</ele>
      </trkpt>
      <trkpt lat="46.47323" lon="-121.43195">
        <ele>1858.41</ele>
      </trkpt>
      <trkpt lat="46.47316" lon="-121.43187">
        <ele>1858.14</ele>
      </trkpt>
      <trkpt lat="46.47305" lon="-121.43179">
        <ele>1858.78</ele>
      </trkpt>
      <trkpt lat="46.47299" lon="-121.43172">
        <ele>1858.57</ele>
      </trkpt>
      <trkpt lat="46.47294" lon="-121.43162">
        <ele>1857.24</ele>
      </trkpt>
      <trkpt lat="46.47289" lon="-121.43157">
        <ele>1856.69</ele>
      </trkpt>
      <trkpt lat="46.47257" lon="-121.43132">
        <ele>1856.94</ele>
      </trkpt>
      <trkpt lat="46.47251" lon="-121.43125">
        <ele>1856.84</ele>
      </trkpt>
      <trkpt lat="46.47244" lon="-121.4312">
        <ele>1856.59</ele>
      </trkpt>
      <trkpt lat="46.47238" lon="-121.43118">
        <ele>1857.04</ele>
      </trkpt>
      <trkpt lat="46.4722" lon="-121.43119">
        <ele>1858.0</ele>
      </trkpt>
      <trkpt lat="46.47199" lon="-121.43118">
        <ele>1857.11</ele>
      </trkpt>
      <trkpt lat="46.47191" lon="-121.43116">
        <ele>1855.9</ele>
      </trkpt>
      <trkpt lat="46.47158" lon="-121.43101">
        <ele>1851.4</ele>
      </trkpt>
      <trkpt lat="46.47112" lon="-121.43079">
        <ele>1845.12</ele>
      </trkpt>
      <trkpt lat="46.47089" lon="-121.43069">
        <ele>1843.87</ele>
      </trkpt>
      <trkpt lat="46.47056" lon="-121.4306">
        <ele>1841.63</ele>
      </trkpt>
      <trkpt lat="46.47028" lon="-121.4306">
        <ele>1836.13</ele>
      </trkpt>
      <trkpt lat="46.46999" lon="-121.43046">
        <ele>1836.91</ele>
      </trkpt>
      <trkpt lat="46.46987" lon="-121.43039">
        <ele>1837.75</ele>
      </trkpt>
      <trkpt lat="46.46981" lon="-121.43034">
        <ele>1838.9</ele>
      </trkpt>
      <trkpt lat="46.46974" lon="-121.43033">
        <ele>1838.04</ele>
      </trkpt>
      <trkpt lat="46.46929" lon="-121.43011">
        <ele>1836.1</ele>
      </trkpt>
      <trkpt lat="46.46917" lon="-121.43008">
        <ele>1835.45</ele>
      </trkpt>
      <trkpt lat="46.46901" lon="-121.43006">
        <ele>1832.67</ele>
      </trkpt>
      <trkpt lat="46.46893" lon="-121.43006">
        <ele>1830.94</ele>
      </trkpt>
      <trkpt lat="46.46879" lon="-121.43004">
        <ele>1828.54</ele>
      </trkpt>
      <trkpt lat="46.46869" lon="-121.43">
        <ele>1827.56</ele>
      </trkpt>
      <trkpt lat="46.46848" lon="-121.42999">
        <ele>1821.56</ele>
      </trkpt>
      <trkpt lat="46.46834" lon="-121.42993">
        <ele>1820.41</ele>
      </trkpt>
      <trkpt lat="46.46802" lon="-121.42984">
        <ele>1817.07</ele>
      </trkpt>
      <trkpt lat="46.4678" lon="-121.42985">
        <ele>1814.48</ele>
      </trkpt>
      <trkpt lat="46.4675" lon="-121.42979">
        <ele>1811.54</ele>
      </trkpt>
      <trkpt lat="46.46743" lon="-121.42975">
        <ele>1811.11</ele>
      </trkpt>
      <trkpt lat="46.46732" lon="-121.42968">
        <ele>1810.97</ele>
      </trkpt>
      <trkpt lat="46.46727" lon="-121.42963">
        <ele>1811.02</ele>
      </trkpt>
      <trkpt lat="46.4671" lon="-121.42953">
        <ele>1811.2</ele>
      </trkpt>
      <trkpt lat="46.467" lon="-121.42959">
        <ele>1809.46</ele>
      </trkpt>
      <trkpt lat="46.46694" lon="-121.42959">
        <ele>1808.81</ele>
      </trkpt>
      <trkpt lat="46.46682" lon="-121.42957">
        <ele>1807.94</ele>
      </trkpt>
      <trkpt lat="46.46674" lon="-121.42953">
        <ele>1807.94</ele>
      </trkpt>
      <trkpt lat="46.46656" lon="-121.42953">
        <ele>1806.0</ele>
      </trkpt>
      <trkpt lat="46.46648" lon="-121.42951">
        <ele>1805.57</ele>
      </trkpt>
      <trkpt lat="46.46631" lon="-121.42953">
        <ele>1802.51</ele>
      </trkpt>
      <trkpt lat="46.46627" lon="-121.42952">
        <ele>1802.27</ele>
      </trkpt>
      <trkpt lat="46.46615" lon="-121.42947">
        <ele>1803.17</ele>
      </trkpt>
      <trkpt lat="46.46596" lon="-121.42943">
        <ele>1805.47</ele>
      </trkpt>
      <trkpt lat="46.4659" lon="-121.42942">
        <ele>1805.79</ele>
      </trkpt>
      <trkpt lat="46.46581" lon="-121.42946">
        <ele>1804.33</ele>
      </trkpt>
      <trkpt lat="46.46578" lon="-121.42945">
        <ele>1804.76</ele>
      </trkpt>
      <trkpt lat="46.46534" lon="-121.42969">
        <ele>1795.51</ele>
      </trkpt>
      <trkpt lat="46.46498" lon="-121.42986">
        <ele>1789.67</ele>
      </trkpt>
      <trkpt lat="46.46486" lon="-121.42996">
        <ele>1785.95</ele>
      </trkpt>
      <trkpt lat="46.4647" lon="-121.43005">
        <ele>1783.08</ele>
      </trkpt>
      <trkpt lat="46.46433" lon="-121.43018">
        <ele>1781.4</ele>
      </trkpt>
      <trkpt lat="46.46415" lon="-121.43023">
        <ele>1780.64</ele>
      </trkpt>
      <trkpt lat="46.46415" lon="-121.43023">
        <ele>1780.64</ele>
      </trkpt>
      <trkpt lat="46.46386" lon="-121.43041">
        <ele>1775.47</ele>
      </trkpt>
      <trkpt lat="46.46367" lon="-121.43047">
        <ele>1774.14</ele>
      </trkpt>
      <trkpt lat="46.46342" lon="-121.4306">
        <ele>1771.14</ele>
      </trkpt>
      <trkpt lat="46.46333" lon="-121.43062">
        <ele>1771.25</ele>
      </trkpt>
      <trkpt lat="46.46317" lon="-121.43073">
        <ele>1768.23</ele>
      </trkpt>
      <trkpt lat="46.46298" lon="-121.43077">
        <ele>1767.42</ele>
      </trkpt>
      <trkpt lat="46.46241" lon="-121.4307">
        <ele>1767.79</ele>
      </trkpt>
      <trkpt lat="46.46202" lon="-121.43048">
        <ele>1772.08</ele>
      </trkpt>
      <trkpt lat="46.46159" lon="-121.43042">
        <ele>1772.95</ele>
      </trkpt>
      <trkpt lat="46.46132" lon="-121.43062">
        <ele>1764.22</ele>
      </trkpt>
      <trkpt lat="46.46112" lon="-121.43047">
        <ele>1770.77</ele>
      </trkpt>
      <trkpt lat="46.46092" lon="-121.43048">
        <ele>1768.07</ele>
      </trkpt>
      <trkpt lat="46.46081" lon="-121.4304">
        <ele>1767.79</ele>
      </trkpt>
      <trkpt lat="46.46074" lon="-121.43019">
        <ele>1776.71</ele>
      </trkpt>
      <trkpt lat="46.46067" lon="-121.43023">
        <ele>1776.76</ele>
      </trkpt>
      <trkpt lat="46.46061" lon="-121.43036">
        <ele>1773.14</ele>
      </trkpt>
      <trkpt lat="46.46013" lon="-121.43069">
        <ele>1772.93</ele>
      </trkpt>
      <trkpt lat="46.45992" lon="-121.43084">
        <ele>1765.84</ele>
      </trkpt>
      <trkpt lat="46.45985" lon="-121.43083">
        <ele>1765.54</ele>
      </trkpt>
      <trkpt lat="46.45978" lon="-121.43066">
        <ele>1771.74</ele>
      </trkpt>
      <trkpt lat="46.45972" lon="-121.43059">
        <ele>1774.2</ele>
      </trkpt>
      <trkpt lat="46.45948" lon="-121.431">
        <ele>1764.26</ele>
      </trkpt>
      <trkpt lat="46.459" lon="-121.43133">
        <ele>1760.78</ele>
      </trkpt>
      <trkpt lat="46.45843" lon="-121.43159">
        <ele>1750.14</ele>
      </trkpt>
      <trkpt lat="46.4581" lon="-121.43155">
        <ele>1752.04</ele>
      </trkpt>
      <trkpt lat="46.45772" lon="-121.43175">
        <ele>1746.96</ele>
      </trkpt>
      <trkpt lat="46.45732" lon="-121.43187">
        <ele>1746.16</ele>
      </trkpt>
      <trkpt lat="46.45714" lon="-121.4321">
        <ele>1740.66</ele>
      </trkpt>
      <trkpt lat="46.45694" lon="-121.43254">
        <ele>1731.46</ele>
      </trkpt>
      <trkpt lat="46.45674" lon="-121.43271">
        <ele>1732.76</ele>
      </trkpt>
      <trkpt lat="46.45651" lon="-121.43277">
        <ele>1736.72</ele>
      </trkpt>
      <trkpt lat="46.45635" lon="-121.43262">
        <ele>1744.94</ele>
      </trkpt>
      <trkpt lat="46.45592" lon="-121.4325">
        <ele>1749.87</ele>
      </trkpt>
      <trkpt lat="46.45576" lon="-121.43239">
        <ele>1750.81</ele>
      </trkpt>
      <trkpt lat="46.45556" lon="-121.43238">
        <ele>1747.95</ele>
      </trkpt>
      <trkpt lat="46.45519" lon="-121.43228">
        <ele>1743.86</ele>
      </trkpt>
      <trkpt lat="46.45478" lon="-121.432">
        <ele>1741.42</ele>
      </trkpt>
      <trkpt lat="46.4545" lon="-121.43169">
        <ele>1746.4</ele>
      </trkpt>
      <trkpt lat="46.4542" lon="-121.43174">
        <ele>1744.49</ele>
      </trkpt>
      <trkpt lat="46.45348" lon="-121.4314">
        <ele>1757.13</ele>
      </trkpt>
      <trkpt lat="46.45336" lon="-121.43137">
        <ele>1758.61</ele>
      </trkpt>
      <trkpt lat="46.45328" lon="-121.43137">
        <ele>1759.19</ele>
      </trkpt>
      <trkpt lat="46.45311" lon="-121.43146">
        <ele>1758.46</ele>
      </trkpt>
      <trkpt lat="46.45311" lon="-121.43209">
        <ele>1750.84</ele>
      </trkpt>
      <trkpt lat="46.4531" lon="-121.43223">
        <ele>1749.48</ele>
      </trkpt>
      <trkpt lat="46.45306" lon="-121.4323">
        <ele>1749.15</ele>
      </trkpt>
      <trkpt lat="46.45302" lon="-121.43234">
        <ele>1749.28</ele>
      </trkpt>
      <trkpt lat="46.45265" lon="-121.43235">
        <ele>1749.38</ele>
      </trkpt>
      <trkpt lat="46.45252" lon="-121.43231">
        <ele>1749.01</ele>
      </trkpt>
      <trkpt lat="46.4524" lon="-121.43231">
        <ele>1748.92</ele>
      </trkpt>
      <trkpt lat="46.45221" lon="-121.43244">
        <ele>1747.0</ele>
      </trkpt>
      <trkpt lat="46.45212" lon="-121.43245">
        <ele>1746.9</ele>
      </trkpt>
      <trkpt lat="46.45189" lon="-121.43238">
        <ele>1745.29</ele>
      </trkpt>
      <trkpt lat="46.45183" lon="-121.43238">
        <ele>1745.0</ele>
      </trkpt>
      <trkpt lat="46.45167" lon="-121.43245">
        <ele>1745.98</ele>
      </trkpt>
      <trkpt lat="46.45162" lon="-121.43256">
        <ele>1746.0</ele>
      </trkpt>
      <trkpt lat="46.45155" lon="-121.43261">
        <ele>1745.81</ele>
      </trkpt>
      <trkpt lat="46.45124" lon="-121.43274">
        <ele>1746.02</ele>
      </trkpt>
      <trkpt lat="46.45119" lon="-121.43272">
        <ele>1746.68</ele>
      </trkpt>
      <trkpt lat="46.45108" lon="-121.43255">
        <ele>1747.69</ele>
      </trkpt>
      <trkpt lat="46.45095" lon="-121.43246">
        <ele>1748.42</ele>
      </trkpt>
      <trkpt lat="46.45079" lon="-121.43231">
        <ele>1748.42</ele>
      </trkpt>
      <trkpt lat="46.45072" lon="-121.43223">
        <ele>1748.1</ele>
      </trkpt>
      <trkpt lat="46.45062" lon="-121.43215">
        <ele>1747.52</ele>
      </trkpt>
      <trkpt lat="46.45049" lon="-121.43215">
        <ele>1748.22</ele>
      </trkpt>
      <trkpt lat="46.45033" lon="-121.43229">
        <ele>1750.73</ele>
      </trkpt>
      <trkpt lat="46.45026" lon="-121.43251">
        <ele>1753.11</ele>
      </trkpt>
      <trkpt lat="46.45013" lon="-121.4327">
        <ele>1754.56</ele>
      </trkpt>
      <trkpt lat="46.44995" lon="-121.43282">
        <ele>1754.46</ele>
      </trkpt>
      <trkpt lat="46.44973" lon="-121.43284">
        <ele>1756.59</ele>
      </trkpt>
      <trkpt lat="46.44971" lon="-121.43287">
        <ele>1757.26</ele>
      </trkpt>
      <trkpt lat="46.44967" lon="-121.43298">
        <ele>1759.31</ele>
      </trkpt>
      <trkpt lat="46.4496" lon="-121.43305">
        <ele>1761.58</ele>
      </trkpt>
      <trkpt lat="46.44951" lon="-121.43307">
        <ele>1764.03</ele>
      </trkpt>
      <trkpt lat="46.44924" lon="-121.43307">
        <ele>1770.57</ele>
      </trkpt>
      <trkpt lat="46.44878" lon="-121.43327">
        <ele>1781.37</ele>
      </trkpt>
      <trkpt lat="46.44831" lon="-121.43353">
        <ele>1782.65</ele>
      </trkpt>
      <trkpt lat="46.44818" lon="-121.43387">
        <ele>1782.73</ele>
      </trkpt>
      <trkpt lat="46.448" lon="-121.43413">
        <ele>1779.55</ele>
      </trkpt>
      <trkpt lat="46.44789" lon="-121.43441">
        <ele>1776.87</ele>
      </trkpt>
      <trkpt lat="46.44773" lon="-121.43443">
        <ele>1777.76</ele>
      </trkpt>
      <trkpt lat="46.44763" lon="-121.43461">
        <ele>1780.66</ele>
      </trkpt>
      <trkpt lat="46.44729" lon="-121.4346">
        <ele>1776.68</ele>
      </trkpt>
      <trkpt lat="46.44716" lon="-121.43464">
        <ele>1774.51</ele>
      </trkpt>
      <trkpt lat="46.44654" lon="-121.43512">
        <ele>1770.78</ele>
      </trkpt>
      <trkpt lat="46.44619" lon="-121.4357">
        <ele>1774.15</ele>
      </trkpt>
      <trkpt lat="46.44604" lon="-121.43593">
        <ele>1773.05</ele>
      </trkpt>
      <trkpt lat="46.44547" lon="-121.43642">
        <ele>1768.26</ele>
      </trkpt>
      <trkpt lat="46.44523" lon="-121.43672">
        <ele>1770.76</ele>
      </trkpt>
      <trkpt lat="46.44492" lon="-121.43702">
        <ele>1770.97</ele>
      </trkpt>
      <trkpt lat="46.44458" lon="-121.43731">
        <ele>1769.24</ele>
      </trkpt>
      <trkpt lat="46.44444" lon="-121.43756">
        <ele>1771.77</ele>
      </trkpt>
      <trkpt lat="46.44427" lon="-121.43834">
        <ele>1774.35</ele>
      </trkpt>
      <trkpt lat="46.44426" lon="-121.4388">
        <ele>1768.98</ele>
      </trkpt>
      <trkpt lat="46.44424" lon="-121.43891">
        <ele>1767.56</ele>
      </trkpt>
      <trkpt lat="46.4441" lon="-121.4391">
        <ele>1764.0</ele>
      </trkpt>
      <trkpt lat="46.44403" lon="-121.43931">
        <ele>1761.24</ele>
      </trkpt>
      <trkpt lat="46.44377" lon="-121.43975">
        <ele>1755.7</ele>
      </trkpt>
      <trkpt lat="46.44371" lon="-121.44005">
        <ele>1751.49</ele>
      </trkpt>
      <trkpt lat="46.44366" lon="-121.44017">
        <ele>1750.16</ele>
      </trkpt>
      <trkpt lat="46.44359" lon="-121.44022">
        <ele>1750.0</ele>
      </trkpt>
      <trkpt lat="46.44335" lon="-121.44017">
        <ele>1748.05</ele>
      </trkpt>
      <trkpt lat="46.44324" lon="-121.44019">
        <ele>1748.05</ele>
      </trkpt>
      <trkpt lat="46.44296" lon="-121.44067">
        <ele>1751.2</ele>
      </trkpt>
      <trkpt lat="46.44276" lon="-121.44083">
        <ele>1749.58</ele>
      </trkpt>
      <trkpt lat="46.44264" lon="-121.44117">
        <ele>1751.81</ele>
      </trkpt>
      <trkpt lat="46.4424" lon="-121.4414">
        <ele>1749.0</ele>
      </trkpt>
      <trkpt lat="46.44233" lon="-121.44171">
        <ele>1753.43</ele>
      </trkpt>
      <trkpt lat="46.44211" lon="-121.44206">
        <ele>1754.07</ele>
      </trkpt>
      <trkpt lat="46.4419" lon="-121.44235">
        <ele>1754.8</ele>
      </trkpt>
      <trkpt lat="46.44162" lon="-121.44262">
        <ele>1754.88</ele>
      </trkpt>
      <trkpt lat="46.44135" lon="-121.44283">
        <ele>1754.43</ele>
      </trkpt>
      <trkpt lat="46.44117" lon="-121.44305">
        <ele>1754.77</ele>
      </trkpt>
      <trkpt lat="46.44105" lon="-121.44313">
        <ele>1752.77</ele>
      </trkpt>
      <trkpt lat="46.44095" lon="-121.44327">
        <ele>1752.99</ele>
      </trkpt>
      <trkpt lat="46.44083" lon="-121.44333">
        <ele>1749.75</ele>
      </trkpt>
      <trkpt lat="46.44032" lon="-121.44378">
        <ele>1746.12</ele>
      </trkpt>
      <trkpt lat="46.43936" lon="-121.44385">
        <ele>1731.79</ele>
      </trkpt>
      <trkpt lat="46.43907" lon="-121.44373">
        <ele>1727.85</ele>
      </trkpt>
      <trkpt lat="46.43885" lon="-121.44377">
        <ele>1729.98</ele>
      </trkpt>
      <trkpt lat="46.43864" lon="-121.44369">
        <ele>1726.56</ele>
      </trkpt>
      <trkpt lat="46.43827" lon="-121.44374">
        <ele>1722.54</ele>
      </trkpt>
      <trkpt lat="46.4382" lon="-121.44355">
        <ele>1718.9</ele>
      </trkpt>
      <trkpt lat="46.43805" lon="-121.44352">
        <ele>1717.94</ele>
      </trkpt>
      <trkpt lat="46.43769" lon="-121.44357">
        <ele>1719.5</ele>
      </trkpt>
      <trkpt lat="46.43756" lon="-121.44349">
        <ele>1719.94</ele>
      </trkpt>
      <trkpt lat="46.43725" lon="-121.44318">
        <ele>1717.88</ele>
      </trkpt>
      <trkpt lat="46.43658" lon="-121.44316">
        <ele>1712.38</ele>
      </trkpt>
      <trkpt lat="46.4363" lon="-121.44329">
        <ele>1711.65</ele>
      </trkpt>
      <trkpt lat="46.43486" lon="-121.44344">
        <ele>1708.53</ele>
      </trkpt>
      <trkpt lat="46.43456" lon="-121.44383">
        <ele>1718.86</ele>
      </trkpt>
      <trkpt lat="46.43429" lon="-121.44389">
        <ele>1716.71</ele>
      </trkpt>
      <trkpt lat="46.43396" lon="-121.44414">
        <ele>1723.33</ele>
      </trkpt>
      <trkpt lat="46.4331" lon="-121.44437">
        <ele>1730.56</ele>
      </trkpt>
      <trkpt lat="46.4326" lon="-121.4443">
        <ele>1727.24</ele>
      </trkpt>
      <trkpt lat="46.43216" lon="-121.44463">
        <ele>1728.32</ele>
      </trkpt>
      <trkpt lat="46.43185" lon="-121.44496">
        <ele>1724.07</ele>
      </trkpt>
      <trkpt lat="46.43178" lon="-121.44535">
        <ele>1729.06</ele>
      </trkpt>
      <trkpt lat="46.43161" lon="-121.4457">
        <ele>1729.55</ele>
      </trkpt>
      <trkpt lat="46.43139" lon="-121.44586">
        <ele>1724.32</ele>
      </trkpt>
      <trkpt lat="46.43133" lon="-121.44605">
        <ele>1724.31</ele>
      </trkpt>
      <trkpt lat="46.43139" lon="-121.44633">
        <ele>1726.04</ele>
      </trkpt>
      <trkpt lat="46.43132" lon="-121.44667">
        <ele>1721.73</ele>
      </trkpt>
      <trkpt lat="46.43159" lon="-121.44672">
        <ele>1730.11</ele>
      </trkpt>
      <trkpt lat="46.43185" lon="-121.44701">
        <ele>1736.23</ele>
      </trkpt>
      <trkpt lat="46.43211" lon="-121.44711">
        <ele>1743.58</ele>
      </trkpt>
      <trkpt lat="46.43227" lon="-121.44748">
        <ele>1746.66</ele>
      </trkpt>
      <trkpt lat="46.43261" lon="-121.44807">
        <ele>1760.56</ele>
      </trkpt>
      <trkpt lat="46.43269" lon="-121.44834">
        <ele>1764.28</ele>
      </trkpt>
      <trkpt lat="46.43258" lon="-121.44895">
        <ele>1766.21</ele>
      </trkpt>
      <trkpt lat="46.43244" lon="-121.44954">
        <ele>1773.13</ele>
      </trkpt>
      <trkpt lat="46.43228" lon="-121.44988">
        <ele>1777.61</ele>
      </trkpt>
      <trkpt lat="46.43237" lon="-121.45038">
        <ele>1784.53</ele>
      </trkpt>
      <trkpt lat="46.43243" lon="-121.45058">
        <ele>1782.47</ele>
      </trkpt>
      <trkpt lat="46.43282" lon="-121.45079">
        <ele>1777.19</ele>
      </trkpt>
      <trkpt lat="46.43296" lon="-121.45103">
        <ele>1769.66</ele>
      </trkpt>
      <trkpt lat="46.43347" lon="-121.45095">
        <ele>1766.83</ele>
      </trkpt>
      <trkpt lat="46.43368" lon="-121.45098">
        <ele>1766.99</ele>
      </trkpt>
      <trkpt lat="46.43386" lon="-121.45124">
        <ele>1760.51</ele>
      </trkpt>
      <trkpt lat="46.43391" lon="-121.45142">
        <ele>1755.3</ele>
      </trkpt>
      <trkpt lat="46.43387" lon="-121.45152">
        <ele>1751.55</ele>
      </trkpt>
      <trkpt lat="46.43364" lon="-121.45168">
        <ele>1744.71</ele>
      </trkpt>
      <trkpt lat="46.43351" lon="-121.4518">
        <ele>1742.65</ele>
      </trkpt>
      <trkpt lat="46.43361" lon="-121.45204">
        <ele>1739.97</ele>
      </trkpt>
      <trkpt lat="46.4339" lon="-121.45228">
        <ele>1735.42</ele>
      </trkpt>
      <trkpt lat="46.43416" lon="-121.4527">
        <ele>1728.69</ele>
      </trkpt>
      <trkpt lat="46.4345" lon="-121.45302">
        <ele>1724.98</ele>
      </trkpt>
      <trkpt lat="46.43452" lon="-121.45311">
        <ele>1723.64</ele>
      </trkpt>
      <trkpt lat="46.43399" lon="-121.45342">
        <ele>1717.97</ele>
      </trkpt>
      <trkpt lat="46.43386" lon="-121.45356">
        <ele>1718.18</ele>
      </trkpt>
      <trkpt lat="46.4338" lon="-121.454">
        <ele>1711.56</ele>
      </trkpt>
      <trkpt lat="46.43386" lon="-121.45412">
        <ele>1708.32</ele>
      </trkpt>
      <trkpt lat="46.43416" lon="-121.45417">
        <ele>1702.97</ele>
      </trkpt>
      <trkpt lat="46.43498" lon="-121.45473">
        <ele>1691.62</ele>
      </trkpt>
      <trkpt lat="46.4352" lon="-121.45519">
        <ele>1681.84</ele>
      </trkpt>
      <trkpt lat="46.43541" lon="-121.45541">
        <ele>1675.72</ele>
      </trkpt>
      <trkpt lat="46.43515" lon="-121.45558">
        <ele>1669.47</ele>
      </trkpt>
      <trkpt lat="46.43485" lon="-121.45558">
        <ele>1668.59</ele>
      </trkpt>
      <trkpt lat="46.43462" lon="-121.45568">
        <ele>1663.8</ele>
      </trkpt>
      <trkpt lat="46.43441" lon="-121.45585">
        <ele>1656.64</ele>
      </trkpt>
      <trkpt lat="46.43447" lon="-121.45599">
        <ele>1653.89</ele>
      </trkpt>
      <trkpt lat="46.43463" lon="-121.45616">
        <ele>1651.42</ele>
      </trkpt>
      <trkpt lat="46.43447" lon="-121.45652">
        <ele>1642.75</ele>
      </trkpt>
      <trkpt lat="46.4345" lon="-121.45695">
        <ele>1636.92</ele>
      </trkpt>
      <trkpt lat="46.43461" lon="-121.45714">
        <ele>1634.86</ele>
      </trkpt>
      <trkpt lat="46.43456" lon="-121.45731">
        <ele>1632.06</ele>
      </trkpt>
      <trkpt lat="46.43438" lon="-121.45752">
        <ele>1627.09</ele>
      </trkpt>
      <trkpt lat="46.43422" lon="-121.45758">
        <ele>1623.79</ele>
      </trkpt>
      <trkpt lat="46.434" lon="-121.45751">
        <ele>1618.49</ele>
      </trkpt>
      <trkpt lat="46.43406" lon="-121.4579">
        <ele>1615.22</ele>
      </trkpt>
      <trkpt lat="46.43406" lon="-121.45827">
        <ele>1611.65</ele>
      </trkpt>
      <trkpt lat="46.43392" lon="-121.45858">
        <ele>1607.01</ele>
      </trkpt>
      <trkpt lat="46.43366" lon="-121.45901">
        <ele>1599.75</ele>
      </trkpt>
      <trkpt lat="46.43356" lon="-121.45923">
        <ele>1595.21</ele>
      </trkpt>
      <trkpt lat="46.43357" lon="-121.45951">
        <ele>1592.09</ele>
      </trkpt>
      <trkpt lat="46.43368" lon="-121.46022">
        <ele>1582.09</ele>
      </trkpt>
      <trkpt lat="46.43381" lon="-121.46068">
        <ele>1575.75</ele>
      </trkpt>
      <trkpt lat="46.43413" lon="-121.46098">
        <ele>1569.23</ele>
      </trkpt>
      <trkpt lat="46.4344" lon="-121.46106">
        <ele>1563.85</ele>
      </trkpt>
      <trkpt lat="46.43436" lon="-121.46123">
        <ele>1559.69</ele>
      </trkpt>
      <trkpt lat="46.43404" lon="-121.46154">
        <ele>1554.47</ele>
      </trkpt>
      <trkpt lat="46.43347" lon="-121.46193">
        <ele>1547.91</ele>
      </trkpt>
      <trkpt lat="46.43305" lon="-121.46209">
        <ele>1539.76</ele>
      </trkpt>
      <trkpt lat="46.4331" lon="-121.46234">
        <ele>1533.94</ele>
      </trkpt>
      <trkpt lat="46.43322" lon="-121.46249">
        <ele>1531.02</ele>
      </trkpt>
      <trkpt lat="46.43353" lon="-121.46271">
        <ele>1524.07</ele>
      </trkpt>
      <trkpt lat="46.43422" lon="-121.46266">
        <ele>1511.24</ele>
      </trkpt>
      <trkpt lat="46.43486" lon="-121.46245">
        <ele>1501.92</ele>
      </trkpt>
      <trkpt lat="46.43427" lon="-121.4634">
        <ele>1485.86</ele>
      </trkpt>
      <trkpt lat="46.43382" lon="-121.46402">
        <ele>1475.67</ele>
      </trkpt>
      <trkpt lat="46.43334" lon="-121.46456">
        <ele>1464.94</ele>
      </trkpt>
      <trkpt lat="46.43259" lon="-121.46488">
        <ele>1449.84</ele>
      </trkpt>
      <trkpt lat="46.43224" lon="-121.46489">
        <ele>1441.95</ele>
      </trkpt>
      <trkpt lat="46.43202" lon="-121.46476">
        <ele>1438.41</ele>
      </trkpt>
      <trkpt lat="46.43195" lon="-121.46464">
        <ele>1439.84</ele>
      </trkpt>
      <trkpt lat="46.43178" lon="-121.46466">
        <ele>1441.64</ele>
      </trkpt>
      <trkpt lat="46.43174" lon="-121.46473">
        <ele>1440.04</ele>
      </trkpt>
      <trkpt lat="46.4317" lon="-121.46482">
        <ele>1438.53</ele>
      </trkpt>
      <trkpt lat="46.43167" lon="-121.46512">
        <ele>1431.41</ele>
      </trkpt>
      <trkpt lat="46.4315" lon="-121.46544">
        <ele>1424.74</ele>
      </trkpt>
      <trkpt lat="46.43119" lon="-121.46584">
        <ele>1409.49</ele>
      </trkpt>
      <trkpt lat="46.43104" lon="-121.46589">
        <ele>1404.63</ele>
      </trkpt>
      <trkpt lat="46.43068" lon="-121.4658">
        <ele>1398.11</ele>
      </trkpt>
      <trkpt lat="46.43023" lon="-121.4656">
        <ele>1388.49</ele>
      </trkpt>
      <trkpt lat="46.42985" lon="-121.46533">
        <ele>1383.63</ele>
      </trkpt>
      <trkpt lat="46.42954" lon="-121.46501">
        <ele>1381.85</ele>
      </trkpt>
      <trkpt lat="46.42919" lon="-121.46495">
        <ele>1373.84</ele>
      </trkpt>
      <trkpt lat="46.42907" lon="-121.46497">
        <ele>1370.56</ele>
      </trkpt>
      <trkpt lat="46.42863" lon="-121.46488">
        <ele>1366.0</ele>
      </trkpt>
      <trkpt lat="46.42844" lon="-121.46494">
        <ele>1361.25</ele>
      </trkpt>
      <trkpt lat="46.42841" lon="-121.46504">
        <ele>1357.79</ele>
      </trkpt>
      <trkpt lat="46.42853" lon="-121.46541">
        <ele>1351.39</ele>
      </trkpt>
      <trkpt lat="46.42853" lon="-121.46575">
        <ele>1341.92</ele>
      </trkpt>
      <trkpt lat="46.42854" lon="-121.46592">
        <ele>1338.58</ele>
      </trkpt>
      <trkpt lat="46.42861" lon="-121.46607">
        <ele>1337.87</ele>
      </trkpt>
      <trkpt lat="46.42875" lon="-121.46619">
        <ele>1339.22</ele>
      </trkpt>
      <trkpt lat="46.42875" lon="-121.46633">
        <ele>1336.95</ele>
      </trkpt>
      <trkpt lat="46.42851" lon="-121.46657">
        <ele>1328.86</ele>
      </trkpt>
      <trkpt lat="46.42831" lon="-121.46674">
        <ele>1321.7</ele>
      </trkpt>
      <trkpt lat="46.42806" lon="-121.46667">
        <ele>1317.98</ele>
      </trkpt>
      <trkpt lat="46.42784" lon="-121.46657">
        <ele>1316.07</ele>
      </trkpt>
      <trkpt lat="46.42746" lon="-121.46669">
        <ele>1309.74</ele>
      </trkpt>
      <trkpt lat="46.42731" lon="-121.46681">
        <ele>1305.83</ele>
      </trkpt>
      <trkpt lat="46.42727" lon="-121.46717">
        <ele>1300.08</ele>
      </trkpt>
      <trkpt lat="46.42732" lon="-121.46757">
        <ele>1295.26</ele>
      </trkpt>
      <trkpt lat="46.42725" lon="-121.46782">
        <ele>1290.71</ele>
      </trkpt>
      <trkpt lat="46.42699" lon="-121.46797">
        <ele>1285.38</ele>
      </trkpt>
      <trkpt lat="46.42654" lon="-121.46779">
        <ele>1282.05</ele>
      </trkpt>
      <trkpt lat="46.42602" lon="-121.46768">
        <ele>1274.14</ele>
      </trkpt>
      <trkpt lat="46.42537" lon="-121.4677">
        <ele>1262.84</ele>
      </trkpt>
      <trkpt lat="46.42471" lon="-121.46765">
        <ele>1255.25</ele>
      </trkpt>
      <trkpt lat="46.42452" lon="-121.4677">
        <ele>1251.79</ele>
      </trkpt>
      <trkpt lat="46.42436" lon="-121.46772">
        <ele>1249.71</ele>
      </trkpt>
      <trkpt lat="46.42422" lon="-121.46768">
        <ele>1247.63</ele>
      </trkpt>
      <trkpt lat="46.4238" lon="-121.46744">
        <ele>1242.07</ele>
      </trkpt>
      <trkpt lat="46.42371" lon="-121.46744">
        <ele>1241.07</ele>
      </trkpt>
      <trkpt lat="46.42363" lon="-121.46747">
        <ele>1240.2</ele>
      </trkpt>
      <trkpt lat="46.42355" lon="-121.46763">
        <ele>1238.07</ele>
      </trkpt>
      <trkpt lat="46.42339" lon="-121.46804">
        <ele>1234.61</ele>
      </trkpt>
      <trkpt lat="46.42294" lon="-121.46875">
        <ele>1218.5</ele>
      </trkpt>
      <trkpt lat="46.42291" lon="-121.46899">
        <ele>1216.24</ele>
      </trkpt>
      <trkpt lat="46.42293" lon="-121.4693">
        <ele>1214.85</ele>
      </trkpt>
      <trkpt lat="46.42287" lon="-121.46967">
        <ele>1210.99</ele>
      </trkpt>
      <trkpt lat="46.4228" lon="-121.46987">
        <ele>1208.79</ele>
      </trkpt>
      <trkpt lat="46.42272" lon="-121.46999">
        <ele>1206.82</ele>
      </trkpt>
      <trkpt lat="46.42287" lon="-121.4709">
        <ele>1203.27</ele>
      </trkpt>
      <trkpt lat="46.42297" lon="-121.47111">
        <ele>1203.09</ele>
      </trkpt>
      <trkpt lat="46.42294" lon="-121.4712">
        <ele>1202.75</ele>
      </trkpt>
      <trkpt lat="46.42294" lon="-121.47134">
        <ele>1201.75</ele>
      </trkpt>
      <trkpt lat="46.42297" lon="-121.47151">
        <ele>1201.72</ele>
      </trkpt>
      <trkpt lat="46.42301" lon="-121.47168">
        <ele>1201.43</ele>
      </trkpt>
      <trkpt lat="46.4231" lon="-121.47196">
        <ele>1200.91</ele>
      </trkpt>
      <trkpt lat="46.42315" lon="-121.47222">
        <ele>1201.0</ele>
      </trkpt>
      <trkpt lat="46.42318" lon="-121.47233">
        <ele>1200.34</ele>
      </trkpt>
      <trkpt lat="46.42309" lon="-121.47252">
        <ele>1200.0</ele>
      </trkpt>
      <trkpt lat="46.42304" lon="-121.47283">
        <ele>1199.0</ele>
      </trkpt>
      <trkpt lat="46.42304" lon="-121.47308">
        <ele>1199.0</ele>
      </trkpt>
      <trkpt lat="46.42301" lon="-121.4734">
        <ele>1199.0</ele>
      </trkpt>
      <trkpt lat="46.42298" lon="-121.47357">
        <ele>1198.9</ele>
      </trkpt>
      <trkpt lat="46.42287" lon="-121.47385">
        <ele>1198.42</ele>
      </trkpt>
      <trkpt lat="46.42286" lon="-121.47394">
        <ele>1198.0</ele>
      </trkpt>
      <trkpt lat="46.42294" lon="-121.47409">
        <ele>1197.96</ele>
      </trkpt>
      <trkpt lat="46.42298" lon="-121.47429">
        <ele>1197.0</ele>
      </trkpt>
      <trkpt lat="46.42289" lon="-121.4745">
        <ele>1196.0</ele>
      </trkpt>
      <trkpt lat="46.42279" lon="-121.47479">
        <ele>1196.0</ele>
      </trkpt>
      <trkpt lat="46.42278" lon="-121.475">
        <ele>1197.98</ele>
      </trkpt>
      <trkpt lat="46.4228" lon="-121.47516">
        <ele>1199.49</ele>
      </trkpt>
      <trkpt lat="46.42292" lon="-121.47551">
        <ele>1201.97</ele>
      </trkpt>
      <trkpt lat="46.42368" lon="-121.47756">
        <ele>1201.99</ele>
      </trkpt>
      <trkpt lat="46.42385" lon="-121.47794">
        <ele>1200.74</ele>
      </trkpt>
      <trkpt lat="46.42369" lon="-121.47818">
        <ele>1204.15</ele>
      </trkpt>
      <trkpt lat="46.4239" lon="-121.47871">
        <ele>1202.06</ele>
      </trkpt>
      <trkpt lat="46.42393" lon="-121.47898">
        <ele>1202.56</ele>
      </trkpt>
      <trkpt lat="46.42395" lon="-121.4793">
        <ele>1203.34</ele>
      </trkpt>
      <trkpt lat="46.42394" lon="-121.47975">
        <ele>1204.45</ele>
      </trkpt>
      <trkpt lat="46.42384" lon="-121.47993">
        <ele>1205.0</ele>
      </trkpt>
      <trkpt lat="46.4238" lon="-121.4803">
        <ele>1206.0</ele>
      </trkpt>
      <trkpt lat="46.42379" lon="-121.48095">
        <ele>1207.0</ele>
      </trkpt>
      <trkpt lat="46.4238" lon="-121.48136">
        <ele>1207.0</ele>
      </trkpt>
      <trkpt lat="46.42384" lon="-121.48168">
        <ele>1207.0</ele>
      </trkpt>
      <trkpt lat="46.42396" lon="-121.48225">
        <ele>1205.23</ele>
      </trkpt>
      <trkpt lat="46.42404" lon="-121.48272">
        <ele>1203.23</ele>
      </trkpt>
      <trkpt lat="46.42408" lon="-121.48306">
        <ele>1201.0</ele>
      </trkpt>
      <trkpt lat="46.42421" lon="-121.48343">
        <ele>1198.51</ele>
      </trkpt>
      <trkpt lat="46.4243" lon="-121.4838">
        <ele>1195.54</ele>
      </trkpt>
      <trkpt lat="46.42436" lon="-121.4842">
        <ele>1191.64</ele>
      </trkpt>
      <trkpt lat="46.42436" lon="-121.4842">
        <ele>1191.64</ele>
      </trkpt>
      <trkpt lat="46.42443" lon="-121.48456">
        <ele>1186.91</ele>
      </trkpt>
      <trkpt lat="46.42452" lon="-121.48482">
        <ele>1183.94</ele>
      </trkpt>
      <trkpt lat="46.42461" lon="-121.4853">
        <ele>1180.16</ele>
      </trkpt>
      <trkpt lat="46.42479" lon="-121.48582">
        <ele>1176.37</ele>
      </trkpt>
      <trkpt lat="46.42484" lon="-121.48611">
        <ele>1174.01</ele>
      </trkpt>
      <trkpt lat="46.42489" lon="-121.48633">
        <ele>1172.89</ele>
      </trkpt>
      <trkpt lat="46.42504" lon="-121.48658">
        <ele>1171.57</ele>
      </trkpt>
      <trkpt lat="46.42521" lon="-121.48705">
        <ele>1170.73</ele>
      </trkpt>
      <trkpt lat="46.42534" lon="-121.48726">
        <ele>1170.0</ele>
      </trkpt>
      <trkpt lat="46.42546" lon="-121.48805">
        <ele>1169.03</ele>
      </trkpt>
      <trkpt lat="46.42548" lon="-121.4885">
        <ele>1169.0</ele>
      </trkpt>
      <trkpt lat="46.42544" lon="-121.48887">
        <ele>1169.2</ele>
      </trkpt>
      <trkpt lat="46.42522" lon="-121.48889">
        <ele>1170.0</ele>
      </trkpt>
      <trkpt lat="46.42507" lon="-121.48899">
        <ele>1171.0</ele>
      </trkpt>
      <trkpt lat="46.42499" lon="-121.48916">
        <ele>1171.11</ele>
      </trkpt>
      <trkpt lat="46.42497" lon="-121.48934">
        <ele>1171.32</ele>
      </trkpt>
      <trkpt lat="46.42501" lon="-121.48952">
        <ele>1171.0</ele>
      </trkpt>
      <trkpt lat="46.42512" lon="-121.48972">
        <ele>1170.7</ele>
      </trkpt>
      <trkpt lat="46.42532" lon="-121.48999">
        <ele>1170.0</ele>
      </trkpt>
      <trkpt lat="46.4254" lon="-121.49019">
        <ele>1169.0</ele>
      </trkpt>
      <trkpt lat="46.42541" lon="-121.49043">
        <ele>1169.57</ele>
      </trkpt>
      <trkpt lat="46.42539" lon="-121.4908">
        <ele>1170.0</ele>
      </trkpt>
      <trkpt lat="46.42541" lon="-121.49114">
        <ele>1170.0</ele>
      </trkpt>
      <trkpt lat="46.42546" lon="-121.49129">
        <ele>1170.03</ele>
      </trkpt>
      <trkpt lat="46.42605" lon="-121.49188">
        <ele>1169.0</ele>
      </trkpt>
      <trkpt lat="46.42601" lon="-121.49191">
        <ele>1169.09</ele>
      </trkpt>
      <trkpt lat="46.42597" lon="-121.49198">
        <ele>1169.52</ele>
      </trkpt>
      <trkpt lat="46.42588" lon="-121.49216">
        <ele>1170.0</ele>
      </trkpt>
      <trkpt lat="46.42585" lon="-121.49243">
        <ele>1170.82</ele>
      </trkpt>
      <trkpt lat="46.42577" lon="-121.49254">
        <ele>1171.0</ele>
      </trkpt>
      <trkpt lat="46.42571" lon="-121.49277">
        <ele>1171.33</ele>
      </trkpt>
      <trkpt lat="46.4257" lon="-121.493">
        <ele>1171.66</ele>
      </trkpt>
      <trkpt lat="46.42566" lon="-121.49312">
        <ele>1172.0</ele>
      </trkpt>
      <trkpt lat="46.42553" lon="-121.49333">
        <ele>1173.27</ele>
      </trkpt>
      <trkpt lat="46.42528" lon="-121.49349">
        <ele>1174.98</ele>
      </trkpt>
      <trkpt lat="46.42493" lon="-121.49361">
        <ele>1177.0</ele>
      </trkpt>
      <trkpt lat="46.42478" lon="-121.49389">
        <ele>1178.38</ele>
      </trkpt>
      <trkpt lat="46.42462" lon="-121.49426">
        <ele>1180.0</ele>
      </trkpt>
      <trkpt lat="46.42438" lon="-121.49458">
        <ele>1182.32</ele>
      </trkpt>
      <trkpt lat="46.42419" lon="-121.49493">
        <ele>1184.18</ele>
      </trkpt>
      <trkpt lat="46.42408" lon="-121.49523">
        <ele>1185.94</ele>
      </trkpt>
      <trkpt lat="46.42401" lon="-121.49588">
        <ele>1186.0</ele>
      </trkpt>
      <trkpt lat="46.42422" lon="-121.49664">
        <ele>1182.71</ele>
      </trkpt>
      <trkpt lat="46.42419" lon="-121.49767">
        <ele>1178.12</ele>
      </trkpt>
      <trkpt lat="46.42389" lon="-121.49894">
        <ele>1174.0</ele>
      </trkpt>
      <trkpt lat="46.42362" lon="-121.49952">
        <ele>1171.18</ele>
      </trkpt>
      <trkpt lat="46.42358" lon="-121.49974">
        <ele>1168.81</ele>
      </trkpt>
      <trkpt lat="46.42358" lon="-121.50045">
        <ele>1159.14</ele>
      </trkpt>
      <trkpt lat="46.42334" lon="-121.50065">
        <ele>1157.89</ele>
      </trkpt>
      <trkpt lat="46.42331" lon="-121.5008">
        <ele>1155.61</ele>
      </trkpt>
      <trkpt lat="46.42339" lon="-121.50108">
        <ele>1151.59</ele>
      </trkpt>
      <trkpt lat="46.42361" lon="-121.50125">
        <ele>1149.01</ele>
      </trkpt>
      <trkpt lat="46.42377" lon="-121.50144">
        <ele>1146.73</ele>
      </trkpt>
      <trkpt lat="46.42383" lon="-121.50163">
        <ele>1143.65</ele>
      </trkpt>
      <trkpt lat="46.42384" lon="-121.50196">
        <ele>1138.66</ele>
      </trkpt>
      <trkpt lat="46.42381" lon="-121.50235">
        <ele>1130.09</ele>
      </trkpt>
      <trkpt lat="46.42373" lon="-121.50261">
        <ele>1125.34</ele>
      </trkpt>
      <trkpt lat="46.42371" lon="-121.50296">
        <ele>1119.0</ele>
      </trkpt>
      <trkpt lat="46.42364" lon="-121.5032">
        <ele>1115.74</ele>
      </trkpt>
      <trkpt lat="46.42361" lon="-121.50349">
        <ele>1111.31</ele>
      </trkpt>
      <trkpt lat="46.42383" lon="-121.50383">
        <ele>1103.91</ele>
      </trkpt>
      <trkpt lat="46.42415" lon="-121.50402">
        <ele>1096.76</ele>
      </trkpt>
      <trkpt lat="46.4242" lon="-121.50434">
        <ele>1092.77</ele>
      </trkpt>
      <trkpt lat="46.4244" lon="-121.50444">
        <ele>1088.58</ele>
      </trkpt>
      <trkpt lat="46.42463" lon="-121.50424">
        <ele>1088.2</ele>
      </trkpt>
      <trkpt lat="46.42475" lon="-121.50429">
        <ele>1085.07</ele>
      </trkpt>
      <trkpt lat="46.42479" lon="-121.50455">
        <ele>1081.4</ele>
      </trkpt>
      <trkpt lat="46.42455" lon="-121.50494">
        <ele>1080.51</ele>
      </trkpt>
      <trkpt lat="46.42449" lon="-121.5051">
        <ele>1079.39</ele>
      </trkpt>
      <trkpt lat="46.4244" lon="-121.50553">
        <ele>1077.96</ele>
      </trkpt>
      <trkpt lat="46.42438" lon="-121.50575">
        <ele>1077.32</ele>
      </trkpt>
      <trkpt lat="46.42441" lon="-121.50583">
        <ele>1076.39</ele>
      </trkpt>
      <trkpt lat="46.42446" lon="-121.50591">
        <ele>1075.66</ele>
      </trkpt>
      <trkpt lat="46.42454" lon="-121.50594">
        <ele>1073.72</ele>
      </trkpt>
      <trkpt lat="46.42464" lon="-121.50592">
        <ele>1069.73</ele>
      </trkpt>
      <trkpt lat="46.42488" lon="-121.506">
        <ele>1060.79</ele>
      </trkpt>
      <trkpt lat="46.42508" lon="-121.5061">
        <ele>1056.39</ele>
      </trkpt>
      <trkpt lat="46.42546" lon="-121.50603">
        <ele>1050.82</ele>
      </trkpt>
      <trkpt lat="46.42585" lon="-121.5055">
        <ele>1039.95</ele>
      </trkpt>
      <trkpt lat="46.4259" lon="-121.50544">
        <ele>1038.3</ele>
      </trkpt>
      <trkpt lat="46.42593" lon="-121.50537">
        <ele>1037.91</ele>
      </trkpt>
      <trkpt lat="46.42609" lon="-121.50513">
        <ele>1037.96</ele>
      </trkpt>
      <trkpt lat="46.42626" lon="-121.50519">
        <ele>1035.97</ele>
      </trkpt>
      <trkpt lat="46.42628" lon="-121.50533">
        <ele>1034.61</ele>
      </trkpt>
      <trkpt lat="46.42637" lon="-121.50543">
        <ele>1033.49</ele>
      </trkpt>
      <trkpt lat="46.42644" lon="-121.50547">
        <ele>1032.41</ele>
      </trkpt>
      <trkpt lat="46.42661" lon="-121.50565">
        <ele>1029.99</ele>
      </trkpt>
      <trkpt lat="46.42667" lon="-121.50577">
        <ele>1028.65</ele>
      </trkpt>
      <trkpt lat="46.42678" lon="-121.50579">
        <ele>1027.47</ele>
      </trkpt>
      <trkpt lat="46.42688" lon="-121.50592">
        <ele>1026.06</ele>
      </trkpt>
      <trkpt lat="46.42704" lon="-121.50599">
        <ele>1025.31</ele>
      </trkpt>
      <trkpt lat="46.42716" lon="-121.50584">
        <ele>1026.93</ele>
      </trkpt>
      <trkpt lat="46.42733" lon="-121.5058">
        <ele>1027.36</ele>
      </trkpt>
      <trkpt lat="46.42759" lon="-121.50568">
        <ele>1027.68</ele>
      </trkpt>
      <trkpt lat="46.42783" lon="-121.50546">
        <ele>1030.06</ele>
      </trkpt>
      <trkpt lat="46.42815" lon="-121.50543">
        <ele>1027.69</ele>
      </trkpt>
      <trkpt lat="46.42826" lon="-121.50548">
        <ele>1025.65</ele>
      </trkpt>
      <trkpt lat="46.42846" lon="-121.50576">
        <ele>1023.92</ele>
      </trkpt>
      <trkpt lat="46.42856" lon="-121.50592">
        <ele>1023.0</ele>
      </trkpt>
      <trkpt lat="46.42859" lon="-121.50623">
        <ele>1021.72</ele>
      </trkpt>
      <trkpt lat="46.4286" lon="-121.50652">
        <ele>1020.58</ele>
      </trkpt>
      <trkpt lat="46.42853" lon="-121.50666">
        <ele>1020.0</ele>
      </trkpt>
      <trkpt lat="46.42836" lon="-121.50685">
        <ele>1020.0</ele>
      </trkpt>
      <trkpt lat="46.42835" lon="-121.50713">
        <ele>1019.0</ele>
      </trkpt>
      <trkpt lat="46.42848" lon="-121.50731">
        <ele>1018.05</ele>
      </trkpt>
      <trkpt lat="46.42861" lon="-121.50746">
        <ele>1018.0</ele>
      </trkpt>
      <trkpt lat="46.42869" lon="-121.50773">
        <ele>1020.63</ele>
      </trkpt>
      <trkpt lat="46.42867" lon="-121.50798">
        <ele>1021.91</ele>
      </trkpt>
      <trkpt lat="46.4285" lon="-121.50818">
        <ele>1017.6</ele>
      </trkpt>
      <trkpt lat="46.42855" lon="-121.50831">
        <ele>1019.02</ele>
      </trkpt>
      <trkpt lat="46.42873" lon="-121.50838">
        <ele>1025.21</ele>
      </trkpt>
      <trkpt lat="46.42887" lon="-121.50864">
        <ele>1028.59</ele>
      </trkpt>
      <trkpt lat="46.42907" lon="-121.50956">
        <ele>1032.82</ele>
      </trkpt>
      <trkpt lat="46.42914" lon="-121.50968">
        <ele>1034.59</ele>
      </trkpt>
      <trkpt lat="46.42925" lon="-121.5097">
        <ele>1037.04</ele>
      </trkpt>
      <trkpt lat="46.4293" lon="-121.50958">
        <ele>1038.98</ele>
      </trkpt>
      <trkpt lat="46.42925" lon="-121.50947">
        <ele>1038.7</ele>
      </trkpt>
      <trkpt lat="46.42921" lon="-121.50911">
        <ele>1037.4</ele>
      </trkpt>
      <trkpt lat="46.42924" lon="-121.50892">
        <ele>1039.1</ele>
      </trkpt>
      <trkpt lat="46.42931" lon="-121.50892">
        <ele>1043.84</ele>
      </trkpt>
      <trkpt lat="46.42939" lon="-121.50911">
        <ele>1047.1</ele>
      </trkpt>
      <trkpt lat="46.42956" lon="-121.50916">
        <ele>1050.14</ele>
      </trkpt>
      <trkpt lat="46.42967" lon="-121.50913">
        <ele>1050.96</ele>
      </trkpt>
      <trkpt lat="46.4298" lon="-121.50897">
        <ele>1056.21</ele>
      </trkpt>
      <trkpt lat="46.43003" lon="-121.50878">
        <ele>1063.85</ele>
      </trkpt>
      <trkpt lat="46.43013" lon="-121.50858">
        <ele>1069.81</ele>
      </trkpt>
      <trkpt lat="46.43038" lon="-121.50856">
        <ele>1072.21</ele>
      </trkpt>
      <trkpt lat="46.43078" lon="-121.50833">
        <ele>1076.04</ele>
      </trkpt>
      <trkpt lat="46.43092" lon="-121.50829">
        <ele>1076.03</ele>
      </trkpt>
      <trkpt lat="46.43098" lon="-121.5084">
        <ele>1074.7</ele>
      </trkpt>
      <trkpt lat="46.43103" lon="-121.50851">
        <ele>1072.41</ele>
      </trkpt>
      <trkpt lat="46.43105" lon="-121.50853">
        <ele>1072.47</ele>
      </trkpt>
      <trkpt lat="46.43125" lon="-121.50853">
        <ele>1078.38</ele>
      </trkpt>
      <trkpt lat="46.43148" lon="-121.50857">
        <ele>1085.96</ele>
      </trkpt>
      <trkpt lat="46.43155" lon="-121.50855">
        <ele>1087.48</ele>
      </trkpt>
      <trkpt lat="46.43174" lon="-121.50847">
        <ele>1091.48</ele>
      </trkpt>
      <trkpt lat="46.4318" lon="-121.50838">
        <ele>1093.1</ele>
      </trkpt>
      <trkpt lat="46.43196" lon="-121.50822">
        <ele>1096.11</ele>
      </trkpt>
      <trkpt lat="46.4321" lon="-121.50816">
        <ele>1097.81</ele>
      </trkpt>
      <trkpt lat="46.43236" lon="-121.50819">
        <ele>1099.45</ele>
      </trkpt>
      <trkpt lat="46.4326" lon="-121.50829">
        <ele>1100.57</ele>
      </trkpt>
      <trkpt lat="46.43274" lon="-121.5083">
        <ele>1101.0</ele>
      </trkpt>
      <trkpt lat="46.43289" lon="-121.50824">
        <ele>1102.21</ele>
      </trkpt>
      <trkpt lat="46.43341" lon="-121.5078">
        <ele>1109.03</ele>
      </trkpt>
      <trkpt lat="46.43364" lon="-121.50758">
        <ele>1110.91</ele>
      </trkpt>
      <trkpt lat="46.43394" lon="-121.50731">
        <ele>1111.55</ele>
      </trkpt>
      <trkpt lat="46.43405" lon="-121.50713">
        <ele>1111.74</ele>
      </trkpt>
      <trkpt lat="46.43427" lon="-121.50697">
        <ele>1113.0</ele>
      </trkpt>
      <trkpt lat="46.43464" lon="-121.50687">
        <ele>1113.0</ele>
      </trkpt>
      <trkpt lat="46.43493" lon="-121.50664">
        <ele>1112.76</ele>
      </trkpt>
      <trkpt lat="46.4351" lon="-121.50647">
        <ele>1112.0</ele>
      </trkpt>
      <trkpt lat="46.43552" lon="-121.5062">
        <ele>1112.0</ele>
      </trkpt>
      <trkpt lat="46.43565" lon="-121.50615">
        <ele>1112.0</ele>
      </trkpt>
      <trkpt lat="46.43596" lon="-121.50611">
        <ele>1111.64</ele>
      </trkpt>
      <trkpt lat="46.43627" lon="-121.50614">
        <ele>1111.0</ele>
      </trkpt>
      <trkpt lat="46.43664" lon="-121.50585">
        <ele>1113.58</ele>
      </trkpt>
      <trkpt lat="46.43674" lon="-121.50586">
        <ele>1113.71</ele>
      </trkpt>
      <trkpt lat="46.43687" lon="-121.50563">
        <ele>1115.04</ele>
      </trkpt>
      <trkpt lat="46.43705" lon="-121.50555">
        <ele>1116.01</ele>
      </trkpt>
      <trkpt lat="46.43726" lon="-121.5053">
        <ele>1117.86</ele>
      </trkpt>
      <trkpt lat="46.43749" lon="-121.5053">
        <ele>1118.68</ele>
      </trkpt>
      <trkpt lat="46.4379" lon="-121.50555">
        <ele>1119.32</ele>
      </trkpt>
      <trkpt lat="46.43813" lon="-121.50594">
        <ele>1119.8</ele>
      </trkpt>
      <trkpt lat="46.43834" lon="-121.50618">
        <ele>1121.07</ele>
      </trkpt>
      <trkpt lat="46.43897" lon="-121.50713">
        <ele>1124.87</ele>
      </trkpt>
      <trkpt lat="46.43901" lon="-121.50738">
        <ele>1123.51</ele>
      </trkpt>
      <trkpt lat="46.43911" lon="-121.50763">
        <ele>1122.23</ele>
      </trkpt>
      <trkpt lat="46.4394" lon="-121.50783">
        <ele>1125.52</ele>
      </trkpt>
      <trkpt lat="46.43942" lon="-121.50805">
        <ele>1125.74</ele>
      </trkpt>
      <trkpt lat="46.43935" lon="-121.50824">
        <ele>1124.98</ele>
      </trkpt>
      <trkpt lat="46.4394" lon="-121.50846">
        <ele>1123.82</ele>
      </trkpt>
      <trkpt lat="46.43939" lon="-121.50873">
        <ele>1123.12</ele>
      </trkpt>
      <trkpt lat="46.43956" lon="-121.50889">
        <ele>1124.26</ele>
      </trkpt>
      <trkpt lat="46.43964" lon="-121.50907">
        <ele>1125.11</ele>
      </trkpt>
      <trkpt lat="46.43971" lon="-121.50942">
        <ele>1127.64</ele>
      </trkpt>
      <trkpt lat="46.43972" lon="-121.50965">
        <ele>1129.21</ele>
      </trkpt>
      <trkpt lat="46.43991" lon="-121.51038">
        <ele>1135.0</ele>
      </trkpt>
      <trkpt lat="46.43998" lon="-121.51073">
        <ele>1136.88</ele>
      </trkpt>
      <trkpt lat="46.44022" lon="-121.51113">
        <ele>1139.08</ele>
      </trkpt>
      <trkpt lat="46.44026" lon="-121.51158">
        <ele>1141.05</ele>
      </trkpt>
      <trkpt lat="46.44037" lon="-121.51177">
        <ele>1142.12</ele>
      </trkpt>
      <trkpt lat="46.44058" lon="-121.51184">
        <ele>1143.91</ele>
      </trkpt>
      <trkpt lat="46.44075" lon="-121.51202">
        <ele>1145.1</ele>
      </trkpt>
      <trkpt lat="46.44139" lon="-121.51205">
        <ele>1151.0</ele>
      </trkpt>
      <trkpt lat="46.44158" lon="-121.51217">
        <ele>1152.5</ele>
      </trkpt>
      <trkpt lat="46.44165" lon="-121.51241">
        <ele>1155.02</ele>
      </trkpt>
      <trkpt lat="46.4418" lon="-121.51266">
        <ele>1157.85</ele>
      </trkpt>
      <trkpt lat="46.44197" lon="-121.51271">
        <ele>1159.27</ele>
      </trkpt>
      <trkpt lat="46.44217" lon="-121.51298">
        <ele>1163.18</ele>
      </trkpt>
      <trkpt lat="46.44229" lon="-121.51332">
        <ele>1168.59</ele>
      </trkpt>
      <trkpt lat="46.44255" lon="-121.51346">
        <ele>1172.57</ele>
      </trkpt>
      <trkpt lat="46.44276" lon="-121.5139">
        <ele>1181.22</ele>
      </trkpt>
      <trkpt lat="46.44289" lon="-121.51399">
        <ele>1183.38</ele>
      </trkpt>
      <trkpt lat="46.44304" lon="-121.51397">
        <ele>1183.88</ele>
      </trkpt>
      <trkpt lat="46.44319" lon="-121.51402">
        <ele>1185.42</ele>
      </trkpt>
      <trkpt lat="46.44326" lon="-121.51421">
        <ele>1187.68</ele>
      </trkpt>
      <trkpt lat="46.44338" lon="-121.51449">
        <ele>1191.49</ele>
      </trkpt>
      <trkpt lat="46.4435" lon="-121.51457">
        <ele>1193.23</ele>
      </trkpt>
      <trkpt lat="46.44365" lon="-121.51473">
        <ele>1195.08</ele>
      </trkpt>
      <trkpt lat="46.4439" lon="-121.51472">
        <ele>1194.98</ele>
      </trkpt>
      <trkpt lat="46.4442" lon="-121.51488">
        <ele>1197.41</ele>
      </trkpt>
      <trkpt lat="46.44433" lon="-121.51513">
        <ele>1200.81</ele>
      </trkpt>
      <trkpt lat="46.44454" lon="-121.51531">
        <ele>1203.35</ele>
      </trkpt>
      <trkpt lat="46.44478" lon="-121.51583">
        <ele>1210.96</ele>
      </trkpt>
      <trkpt lat="46.44496" lon="-121.51606">
        <ele>1214.45</ele>
      </trkpt>
      <trkpt lat="46.44526" lon="-121.51665">
        <ele>1222.66</ele>
      </trkpt>
      <trkpt lat="46.44539" lon="-121.51684">
        <ele>1224.18</ele>
      </trkpt>
      <trkpt lat="46.44559" lon="-121.51684">
        <ele>1224.87</ele>
      </trkpt>
      <trkpt lat="46.44617" lon="-121.51653">
        <ele>1223.16</ele>
      </trkpt>
      <trkpt lat="46.44637" lon="-121.51666">
        <ele>1226.72</ele>
      </trkpt>
      <trkpt lat="46.44647" lon="-121.51698">
        <ele>1230.92</ele>
      </trkpt>
      <trkpt lat="46.44663" lon="-121.51704">
        <ele>1232.03</ele>
      </trkpt>
      <trkpt lat="46.44735" lon="-121.51682">
        <ele>1233.0</ele>
      </trkpt>
      <trkpt lat="46.44782" lon="-121.51678">
        <ele>1233.1</ele>
      </trkpt>
      <trkpt lat="46.44806" lon="-121.51661">
        <ele>1234.0</ele>
      </trkpt>
      <trkpt lat="46.44818" lon="-121.5166">
        <ele>1234.0</ele>
      </trkpt>
      <trkpt lat="46.44842" lon="-121.51648">
        <ele>1234.0</ele>
      </trkpt>
      <trkpt lat="46.44866" lon="-121.51643">
        <ele>1234.0</ele>
      </trkpt>
      <trkpt lat="46.44893" lon="-121.51656">
        <ele>1235.0</ele>
      </trkpt>
      <trkpt lat="46.4491" lon="-121.51679">
        <ele>1235.0</ele>
      </trkpt>
      <trkpt lat="46.44931" lon="-121.51744">
        <ele>1236.19</ele>
      </trkpt>
      <trkpt lat="46.44976" lon="-121.51836">
        <ele>1237.83</ele>
      </trkpt>
      <trkpt lat="46.45015" lon="-121.51938">
        <ele>1236.0</ele>
      </trkpt>
      <trkpt lat="46.45033" lon="-121.51958">
        <ele>1236.0</ele>
      </trkpt>
      <trkpt lat="46.45049" lon="-121.51978">
        <ele>1236.0</ele>
      </trkpt>
      <trkpt lat="46.45065" lon="-121.52012">
        <ele>1236.01</ele>
      </trkpt>
      <trkpt lat="46.45112" lon="-121.52069">
        <ele>1240.0</ele>
      </trkpt>
      <trkpt lat="46.45147" lon="-121.52092">
        <ele>1241.0</ele>
      </trkpt>
      <trkpt lat="46.45161" lon="-121.52112">
        <ele>1242.0</ele>
      </trkpt>
      <trkpt lat="46.45205" lon="-121.52213">
        <ele>1247.14</ele>
      </trkpt>
      <trkpt lat="46.45223" lon="-121.52234">
        <ele>1250.02</ele>
      </trkpt>
      <trkpt lat="46.45241" lon="-121.52237">
        <ele>1251.61</ele>
      </trkpt>
      <trkpt lat="46.4526" lon="-121.52223">
        <ele>1252.01</ele>
      </trkpt>
      <trkpt lat="46.45294" lon="-121.52222">
        <ele>1253.73</ele>
      </trkpt>
      <trkpt lat="46.45334" lon="-121.52196">
        <ele>1253.23</ele>
      </trkpt>
      <trkpt lat="46.45363" lon="-121.52192">
        <ele>1254.15</ele>
      </trkpt>
      <trkpt lat="46.45386" lon="-121.5221">
        <ele>1256.0</ele>
      </trkpt>
      <trkpt lat="46.45386" lon="-121.5224">
        <ele>1259.58</ele>
      </trkpt>
      <trkpt lat="46.45343" lon="-121.52319">
        <ele>1266.47</ele>
      </trkpt>
      <trkpt lat="46.45335" lon="-121.5235">
        <ele>1269.78</ele>
      </trkpt>
      <trkpt lat="46.45327" lon="-121.52392">
        <ele>1274.99</ele>
      </trkpt>
      <trkpt lat="46.45278" lon="-121.52501">
        <ele>1284.13</ele>
      </trkpt>
      <trkpt lat="46.45249" lon="-121.5255">
        <ele>1286.29</ele>
      </trkpt>
      <trkpt lat="46.45222" lon="-121.52617">
        <ele>1288.61</ele>
      </trkpt>
      <trkpt lat="46.45209" lon="-121.52661">
        <ele>1290.57</ele>
      </trkpt>
      <trkpt lat="46.452" lon="-121.52712">
        <ele>1292.6</ele>
      </trkpt>
      <trkpt lat="46.45206" lon="-121.52748">
        <ele>1295.19</ele>
      </trkpt>
      <trkpt lat="46.45224" lon="-121.52763">
        <ele>1297.19</ele>
      </trkpt>
      <trkpt lat="46.45252" lon="-121.52755">
        <ele>1299.76</ele>
      </trkpt>
      <trkpt lat="46.45261" lon="-121.52739">
        <ele>1300.19</ele>
      </trkpt>
      <trkpt lat="46.45272" lon="-121.52682">
        <ele>1298.62</ele>
      </trkpt>
      <trkpt lat="46.4528" lon="-121.52655">
        <ele>1297.98</ele>
      </trkpt>
      <trkpt lat="46.45307" lon="-121.52643">
        <ele>1299.6</ele>
      </trkpt>
      <trkpt lat="46.45335" lon="-121.52646">
        <ele>1302.95</ele>
      </trkpt>
      <trkpt lat="46.45345" lon="-121.52666">
        <ele>1305.19</ele>
      </trkpt>
      <trkpt lat="46.4536" lon="-121.52714">
        <ele>1308.99</ele>
      </trkpt>
      <trkpt lat="46.45371" lon="-121.52732">
        <ele>1311.07</ele>
      </trkpt>
      <trkpt lat="46.45385" lon="-121.52732">
        <ele>1313.16</ele>
      </trkpt>
      <trkpt lat="46.45397" lon="-121.52697">
        <ele>1314.79</ele>
      </trkpt>
      <trkpt lat="46.45416" lon="-121.52691">
        <ele>1317.86</ele>
      </trkpt>
      <trkpt lat="46.45438" lon="-121.52698">
        <ele>1320.61</ele>
      </trkpt>
      <trkpt lat="46.45498" lon="-121.52696">
        <ele>1328.78</ele>
      </trkpt>
      <trkpt lat="46.45514" lon="-121.52681">
        <ele>1331.51</ele>
      </trkpt>
      <trkpt lat="46.4553" lon="-121.52628">
        <ele>1334.04</ele>
      </trkpt>
      <trkpt lat="46.45538" lon="-121.52621">
        <ele>1334.94</ele>
      </trkpt>
      <trkpt lat="46.45548" lon="-121.52627">
        <ele>1335.18</ele>
      </trkpt>
      <trkpt lat="46.45566" lon="-121.52641">
        <ele>1337.13</ele>
      </trkpt>
      <trkpt lat="46.45577" lon="-121.52636">
        <ele>1338.32</ele>
      </trkpt>
      <trkpt lat="46.45586" lon="-121.52623">
        <ele>1339.0</ele>
      </trkpt>
      <trkpt lat="46.4559" lon="-121.52598">
        <ele>1339.72</ele>
      </trkpt>
      <trkpt lat="46.45602" lon="-121.52548">
        <ele>1341.03</ele>
      </trkpt>
      <trkpt lat="46.45612" lon="-121.52537">
        <ele>1343.1</ele>
      </trkpt>
      <trkpt lat="46.4562" lon="-121.52536">
        <ele>1343.96</ele>
      </trkpt>
      <trkpt lat="46.4563" lon="-121.52555">
        <ele>1345.04</ele>
      </trkpt>
      <trkpt lat="46.45649" lon="-121.5257">
        <ele>1347.09</ele>
      </trkpt>
      <trkpt lat="46.45671" lon="-121.5257">
        <ele>1350.17</ele>
      </trkpt>
      <trkpt lat="46.45683" lon="-121.52565">
        <ele>1351.76</ele>
      </trkpt>
      <trkpt lat="46.45691" lon="-121.52554">
        <ele>1352.73</ele>
      </trkpt>
      <trkpt lat="46.45716" lon="-121.52509">
        <ele>1356.33</ele>
      </trkpt>
      <trkpt lat="46.45749" lon="-121.52473">
        <ele>1359.89</ele>
      </trkpt>
      <trkpt lat="46.45754" lon="-121.52458">
        <ele>1360.97</ele>
      </trkpt>
      <trkpt lat="46.45765" lon="-121.52436">
        <ele>1363.53</ele>
      </trkpt>
      <trkpt lat="46.4577" lon="-121.52443">
        <ele>1363.29</ele>
      </trkpt>
      <trkpt lat="46.45796" lon="-121.52431">
        <ele>1364.45</ele>
      </trkpt>
      <trkpt lat="46.45881" lon="-121.52426">
        <ele>1369.29</ele>
      </trkpt>
      <trkpt lat="46.45919" lon="-121.52418">
        <ele>1374.25</ele>
      </trkpt>
      <trkpt lat="46.4594" lon="-121.52423">
        <ele>1376.52</ele>
      </trkpt>
      <trkpt lat="46.45961" lon="-121.52431">
        <ele>1377.45</ele>
      </trkpt>
      <trkpt lat="46.45976" lon="-121.52428">
        <ele>1377.78</ele>
      </trkpt>
      <trkpt lat="46.46029" lon="-121.52386">
        <ele>1381.31</ele>
      </trkpt>
      <trkpt lat="46.46073" lon="-121.52364">
        <ele>1383.69</ele>
      </trkpt>
      <trkpt lat="46.46107" lon="-121.52354">
        <ele>1384.77</ele>
      </trkpt>
      <trkpt lat="46.46134" lon="-121.52355">
        <ele>1385.66</ele>
      </trkpt>
      <trkpt lat="46.46159" lon="-121.52349">
        <ele>1387.48</ele>
      </trkpt>
      <trkpt lat="46.46173" lon="-121.52348">
        <ele>1389.1</ele>
      </trkpt>
      <trkpt lat="46.46206" lon="-121.52347">
        <ele>1395.02</ele>
      </trkpt>
      <trkpt lat="46.46258" lon="-121.52354">
        <ele>1403.97</ele>
      </trkpt>
      <trkpt lat="46.46315" lon="-121.52366">
        <ele>1406.0</ele>
      </trkpt>
      <trkpt lat="46.4633" lon="-121.52372">
        <ele>1405.82</ele>
      </trkpt>
      <trkpt lat="46.46346" lon="-121.52376">
        <ele>1406.14</ele>
      </trkpt>
      <trkpt lat="46.46374" lon="-121.5239">
        <ele>1407.27</ele>
      </trkpt>
      <trkpt lat="46.46386" lon="-121.52399">
        <ele>1408.28</ele>
      </trkpt>
      <trkpt lat="46.46397" lon="-121.52412">
        <ele>1408.81</ele>
      </trkpt>
      <trkpt lat="46.46418" lon="-121.52435">
        <ele>1411.31</ele>
      </trkpt>
      <trkpt lat="46.46435" lon="-121.52459">
        <ele>1412.97</ele>
      </trkpt>
      <trkpt lat="46.46473" lon="-121.52494">
        <ele>1417.08</ele>
      </trkpt>
      <trkpt lat="46.4656" lon="-121.52566">
        <ele>1419.35</ele>
      </trkpt>
      <trkpt lat="46.46573" lon="-121.5258">
        <ele>1420.2</ele>
      </trkpt>
      <trkpt lat="46.46584" lon="-121.52594">
        <ele>1420.92</ele>
      </trkpt>
      <trkpt lat="46.46627" lon="-121.52667">
        <ele>1419.71</ele>
      </trkpt>
      <trkpt lat="46.46646" lon="-121.52705">
        <ele>1419.63</ele>
      </trkpt>
      <trkpt lat="46.46664" lon="-121.52751">
        <ele>1417.97</ele>
      </trkpt>
      <trkpt lat="46.46669" lon="-121.52768">
        <ele>1417.29</ele>
      </trkpt>
      <trkpt lat="46.46675" lon="-121.52782">
        <ele>1416.54</ele>
      </trkpt>
      <trkpt lat="46.46686" lon="-121.52763">
        <ele>1418.05</ele>
      </trkpt>
      <trkpt lat="46.46708" lon="-121.52734">
        <ele>1420.73</ele>
      </trkpt>
      <trkpt lat="46.46713" lon="-121.52721">
        <ele>1422.14</ele>
      </trkpt>
      <trkpt lat="46.46722" lon="-121.52708">
        <ele>1424.51</ele>
      </trkpt>
      <trkpt lat="46.46732" lon="-121.5271">
        <ele>1424.32</ele>
      </trkpt>
      <trkpt lat="46.46737" lon="-121.52705">
        <ele>1424.86</ele>
      </trkpt>
      <trkpt lat="46.4674" lon="-121.52676">
        <ele>1429.9</ele>
      </trkpt>
      <trkpt lat="46.46751" lon="-121.52654">
        <ele>1434.84</ele>
      </trkpt>
      <trkpt lat="46.46764" lon="-121.52586">
        <ele>1445.22</ele>
      </trkpt>
      <trkpt lat="46.46769" lon="-121.52573">
        <ele>1447.21</ele>
      </trkpt>
      <trkpt lat="46.46777" lon="-121.52556">
        <ele>1449.87</ele>
      </trkpt>
      <trkpt lat="46.46796" lon="-121.52537">
        <ele>1454.94</ele>
      </trkpt>
      <trkpt lat="46.46799" lon="-121.52527">
        <ele>1455.64</ele>
      </trkpt>
      <trkpt lat="46.46802" lon="-121.52491">
        <ele>1458.21</ele>
      </trkpt>
      <trkpt lat="46.4681" lon="-121.52449">
        <ele>1461.96</ele>
      </trkpt>
      <trkpt lat="46.46816" lon="-121.52401">
        <ele>1464.38</ele>
      </trkpt>
      <trkpt lat="46.46818" lon="-121.52337">
        <ele>1467.43</ele>
      </trkpt>
      <trkpt lat="46.4682" lon="-121.52323">
        <ele>1468.85</ele>
      </trkpt>
      <trkpt lat="46.46819" lon="-121.52242">
        <ele>1481.08</ele>
      </trkpt>
      <trkpt lat="46.46817" lon="-121.52221">
        <ele>1483.84</ele>
      </trkpt>
      <trkpt lat="46.46812" lon="-121.52117">
        <ele>1491.34</ele>
      </trkpt>
      <trkpt lat="46.46806" lon="-121.52079">
        <ele>1494.06</ele>
      </trkpt>
      <trkpt lat="46.46809" lon="-121.52059">
        <ele>1497.74</ele>
      </trkpt>
      <trkpt lat="46.46834" lon="-121.52032">
        <ele>1510.72</ele>
      </trkpt>
      <trkpt lat="46.46844" lon="-121.5198">
        <ele>1515.15</ele>
      </trkpt>
      <trkpt lat="46.46864" lon="-121.51935">
        <ele>1516.62</ele>
      </trkpt>
      <trkpt lat="46.46871" lon="-121.51924">
        <ele>1516.87</ele>
      </trkpt>
      <trkpt lat="46.4693" lon="-121.51849">
        <ele>1521.57</ele>
      </trkpt>
      <trkpt lat="46.46939" lon="-121.51835">
        <ele>1522.0</ele>
      </trkpt>
      <trkpt lat="46.46957" lon="-121.51816">
        <ele>1524.2</ele>
      </trkpt>
      <trkpt lat="46.47017" lon="-121.51781">
        <ele>1539.86</ele>
      </trkpt>
      <trkpt lat="46.47067" lon="-121.51744">
        <ele>1551.14</ele>
      </trkpt>
      <trkpt lat="46.47087" lon="-121.51734">
        <ele>1557.02</ele>
      </trkpt>
      <trkpt lat="46.47109" lon="-121.51715">
        <ele>1561.76</ele>
      </trkpt>
      <trkpt lat="46.47152" lon="-121.51669">
        <ele>1565.17</ele>
      </trkpt>
      <trkpt lat="46.47189" lon="-121.5165">
        <ele>1576.64</ele>
      </trkpt>
      <trkpt lat="46.47249" lon="-121.51642">
        <ele>1591.46</ele>
      </trkpt>
      <trkpt lat="46.47257" lon="-121.51642">
        <ele>1592.68</ele>
      </trkpt>
      <trkpt lat="46.47274" lon="-121.51648">
        <ele>1597.55</ele>
      </trkpt>
      <trkpt lat="46.47288" lon="-121.51648">
        <ele>1600.07</ele>
      </trkpt>
      <trkpt lat="46.47302" lon="-121.51647">
        <ele>1601.37</ele>
      </trkpt>
      <trkpt lat="46.47316" lon="-121.51642">
        <ele>1601.8</ele>
      </trkpt>
      <trkpt lat="46.47343" lon="-121.51643">
        <ele>1605.38</ele>
      </trkpt>
      <trkpt lat="46.47369" lon="-121.5165">
        <ele>1609.4</ele>
      </trkpt>
      <trkpt lat="46.47391" lon="-121.51652">
        <ele>1611.29</ele>
      </trkpt>
      <trkpt lat="46.47413" lon="-121.51661">
        <ele>1617.98</ele>
      </trkpt>
      <trkpt lat="46.47419" lon="-121.51662">
        <ele>1619.5</ele>
      </trkpt>
      <trkpt lat="46.47453" lon="-121.51646">
        <ele>1621.46</ele>
      </trkpt>
      <trkpt lat="46.47469" lon="-121.51642">
        <ele>1621.67</ele>
      </trkpt>
      <trkpt lat="46.47488" lon="-121.51642">
        <ele>1625.55</ele>
      </trkpt>
      <trkpt lat="46.47541" lon="-121.51627">
        <ele>1633.17</ele>
      </trkpt>
      <trkpt lat="46.47578" lon="-121.51636">
        <ele>1638.62</ele>
      </trkpt>
      <trkpt lat="46.47626" lon="-121.51643">
        <ele>1650.27</ele>
      </trkpt>
      <trkpt lat="46.47653" lon="-121.51607">
        <ele>1655.34</ele>
      </trkpt>
      <trkpt lat="46.47659" lon="-121.51579">
        <ele>1657.52</ele>
      </trkpt>
      <trkpt lat="46.47671" lon="-121.51542">
        <ele>1662.87</ele>
      </trkpt>
      <trkpt lat="46.47687" lon="-121.51508">
        <ele>1667.76</ele>
      </trkpt>
      <trkpt lat="46.47708" lon="-121.51474">
        <ele>1672.39</ele>
      </trkpt>
      <trkpt lat="46.47718" lon="-121.51452">
        <ele>1676.19</ele>
      </trkpt>
      <trkpt lat="46.47727" lon="-121.51413">
        <ele>1679.55</ele>
      </trkpt>
      <trkpt lat="46.47738" lon="-121.51384">
        <ele>1682.11</ele>
      </trkpt>
      <trkpt lat="46.47744" lon="-121.51374">
        <ele>1683.31</ele>
      </trkpt>
      <trkpt lat="46.47756" lon="-121.51362">
        <ele>1686.36</ele>
      </trkpt>
      <trkpt lat="46.47766" lon="-121.51345">
        <ele>1688.44</ele>
      </trkpt>
      <trkpt lat="46.47802" lon="-121.51298">
        <ele>1698.53</ele>
      </trkpt>
      <trkpt lat="46.47815" lon="-121.51233">
        <ele>1701.24</ele>
      </trkpt>
      <trkpt lat="46.47819" lon="-121.51222">
        <ele>1702.34</ele>
      </trkpt>
      <trkpt lat="46.47827" lon="-121.51208">
        <ele>1704.41</ele>
      </trkpt>
      <trkpt lat="46.47845" lon="-121.51186">
        <ele>1707.87</ele>
      </trkpt>
      <trkpt lat="46.47871" lon="-121.51158">
        <ele>1711.2</ele>
      </trkpt>
      <trkpt lat="46.47895" lon="-121.51136">
        <ele>1714.01</ele>
      </trkpt>
      <trkpt lat="46.4793" lon="-121.51095">
        <ele>1718.88</ele>
      </trkpt>
      <trkpt lat="46.47938" lon="-121.51081">
        <ele>1720.91</ele>
      </trkpt>
      <trkpt lat="46.47955" lon="-121.51057">
        <ele>1726.42</ele>
      </trkpt>
      <trkpt lat="46.47962" lon="-121.5105">
        <ele>1728.69</ele>
      </trkpt>
      <trkpt lat="46.4798" lon="-121.5104">
        <ele>1732.95</ele>
      </trkpt>
      <trkpt lat="46.47994" lon="-121.51026">
        <ele>1735.86</ele>
      </trkpt>
      <trkpt lat="46.48016" lon="-121.5102">
        <ele>1741.62</ele>
      </trkpt>
      <trkpt lat="46.48033" lon="-121.51022">
        <ele>1745.5</ele>
      </trkpt>
      <trkpt lat="46.48039" lon="-121.51024">
        <ele>1747.02</ele>
      </trkpt>
      <trkpt lat="46.48045" lon="-121.51033">
        <ele>1749.28</ele>
      </trkpt>
      <trkpt lat="46.4806" lon="-121.51068">
        <ele>1755.62</ele>
      </trkpt>
      <trkpt lat="46.48067" lon="-121.5108">
        <ele>1758.35</ele>
      </trkpt>
      <trkpt lat="46.48079" lon="-121.51092">
        <ele>1762.6</ele>
      </trkpt>
      <trkpt lat="46.48103" lon="-121.51105">
        <ele>1770.55</ele>
      </trkpt>
      <trkpt lat="46.48112" lon="-121.51106">
        <ele>1772.38</ele>
      </trkpt>
      <trkpt lat="46.48122" lon="-121.51105">
        <ele>1776.53</ele>
      </trkpt>
      <trkpt lat="46.48132" lon="-121.51088">
        <ele>1779.64</ele>
      </trkpt>
      <trkpt lat="46.48143" lon="-121.51083">
        <ele>1780.91</ele>
      </trkpt>
      <trkpt lat="46.48158" lon="-121.51072">
        <ele>1775.33</ele>
      </trkpt>
      <trkpt lat="46.48173" lon="-121.51069">
        <ele>1775.72</ele>
      </trkpt>
      <trkpt lat="46.48197" lon="-121.51052">
        <ele>1782.06</ele>
      </trkpt>
      <trkpt lat="46.48206" lon="-121.5104">
        <ele>1782.63</ele>
      </trkpt>
      <trkpt lat="46.48219" lon="-121.51017">
        <ele>1785.79</ele>
      </trkpt>
      <trkpt lat="46.48244" lon="-121.50993">
        <ele>1790.35</ele>
      </trkpt>
      <trkpt lat="46.4826" lon="-121.50974">
        <ele>1794.06</ele>
      </trkpt>
      <trkpt lat="46.48281" lon="-121.50942">
        <ele>1794.17</ele>
      </trkpt>
      <trkpt lat="46.48299" lon="-121.50929">
        <ele>1793.29</ele>
      </trkpt>
      <trkpt lat="46.48326" lon="-121.5092">
        <ele>1793.27</ele>
      </trkpt>
      <trkpt lat="46.48336" lon="-121.5092">
        <ele>1795.36</ele>
      </trkpt>
      <trkpt lat="46.48342" lon="-121.50924">
        <ele>1795.79</ele>
      </trkpt>
      <trkpt lat="46.48371" lon="-121.50959">
        <ele>1796.58</ele>
      </trkpt>
      <trkpt lat="46.48389" lon="-121.50973">
        <ele>1797.23</ele>
      </trkpt>
      <trkpt lat="46.48407" lon="-121.50993">
        <ele>1801.73</ele>
      </trkpt>
      <trkpt lat="46.48414" lon="-121.50992">
        <ele>1802.83</ele>
      </trkpt>
      <trkpt lat="46.48421" lon="-121.50988">
        <ele>1803.81</ele>
      </trkpt>
      <trkpt lat="46.48433" lon="-121.50977">
        <ele>1806.09</ele>
      </trkpt>
      <trkpt lat="46.48455" lon="-121.50946">
        <ele>1806.48</ele>
      </trkpt>
      <trkpt lat="46.48466" lon="-121.50953">
        <ele>1808.52</ele>
      </trkpt>
      <trkpt lat="46.48475" lon="-121.50962">
        <ele>1809.49</ele>
      </trkpt>
      <trkpt lat="46.48487" lon="-121.50982">
        <ele>1810.92</ele>
      </trkpt>
      <trkpt lat="46.48496" lon="-121.50988">
        <ele>1810.27</ele>
      </trkpt>
      <trkpt lat="46.48504" lon="-121.5099">
        <ele>1808.94</ele>
      </trkpt>
      <trkpt lat="46.48563" lon="-121.50987">
        <ele>1796.12</ele>
      </trkpt>
      <trkpt lat="46.48582" lon="-121.50985">
        <ele>1792.91</ele>
      </trkpt>
      <trkpt lat="46.48594" lon="-121.50987">
        <ele>1790.81</ele>
      </trkpt>
      <trkpt lat="46.48679" lon="-121.51029">
        <ele>1786.76</ele>
      </trkpt>
      <trkpt lat="46.48729" lon="-121.5104">
        <ele>1790.67</ele>
      </trkpt>
      <trkpt lat="46.48732" lon="-121.5104">
        <ele>1790.4</ele>
      </trkpt>
      <trkpt lat="46.48732" lon="-121.5104">
        <ele>1790.4</ele>
      </trkpt>
      <trkpt lat="46.48781" lon="-121.51041">
        <ele>1781.21</ele>
      </trkpt>
      <trkpt lat="46.48799" lon="-121.51045">
        <ele>1780.7</ele>
      </trkpt>
      <trkpt lat="46.48814" lon="-121.51045">
        <ele>1781.61</ele>
      </trkpt>
      <trkpt lat="46.48825" lon="-121.51047">
        <ele>1781.73</ele>
      </trkpt>
      <trkpt lat="46.4885" lon="-121.51061">
        <ele>1777.65</ele>
      </trkpt>
      <trkpt lat="46.48857" lon="-121.51063">
        <ele>1776.68</ele>
      </trkpt>
      <trkpt lat="46.4887" lon="-121.51059">
        <ele>1776.32</ele>
      </trkpt>
      <trkpt lat="46.48886" lon="-121.51047">
        <ele>1773.78</ele>
      </trkpt>
      <trkpt lat="46.4892" lon="-121.51039">
        <ele>1765.78</ele>
      </trkpt>
      <trkpt lat="46.48934" lon="-121.51033">
        <ele>1764.13</ele>
      </trkpt>
      <trkpt lat="46.48952" lon="-121.51019">
        <ele>1763.26</ele>
      </trkpt>
      <trkpt lat="46.48962" lon="-121.51015">
        <ele>1762.35</ele>
      </trkpt>
      <trkpt lat="46.48971" lon="-121.51017">
        <ele>1759.9</ele>
      </trkpt>
      <trkpt lat="46.49024" lon="-121.51036">
        <ele>1756.04</ele>
      </trkpt>
      <trkpt lat="46.49029" lon="-121.51037">
        <ele>1756.15</ele>
      </trkpt>
      <trkpt lat="46.49038" lon="-121.51035">
        <ele>1757.78</ele>
      </trkpt>
      <trkpt lat="46.49067" lon="-121.51016">
        <ele>1761.52</ele>
      </trkpt>
      <trkpt lat="46.49083" lon="-121.51012">
        <ele>1760.84</ele>
      </trkpt>
      <trkpt lat="46.4909" lon="-121.51004">
        <ele>1764.42</ele>
      </trkpt>
      <trkpt lat="46.49093" lon="-121.50996">
        <ele>1766.91</ele>
      </trkpt>
      <trkpt lat="46.49096" lon="-121.50974">
        <ele>1771.11</ele>
      </trkpt>
      <trkpt lat="46.49087" lon="-121.509">
        <ele>1781.52</ele>
      </trkpt>
      <trkpt lat="46.49088" lon="-121.50878">
        <ele>1783.67</ele>
      </trkpt>
      <trkpt lat="46.49101" lon="-121.50815">
        <ele>1789.98</ele>
      </trkpt>
      <trkpt lat="46.4911" lon="-121.50781">
        <ele>1791.88</ele>
      </trkpt>
      <trkpt lat="46.49116" lon="-121.5077">
        <ele>1792.53</ele>
      </trkpt>
      <trkpt lat="46.49124" lon="-121.50765">
        <ele>1794.16</ele>
      </trkpt>
      <trkpt lat="46.49142" lon="-121.50761">
        <ele>1798.15</ele>
      </trkpt>
      <trkpt lat="46.49159" lon="-121.50762">
        <ele>1799.88</ele>
      </trkpt>
      <trkpt lat="46.49172" lon="-121.50758">
        <ele>1801.14</ele>
      </trkpt>
      <trkpt lat="46.49191" lon="-121.50739">
        <ele>1804.31</ele>
      </trkpt>
      <trkpt lat="46.49201" lon="-121.50736">
        <ele>1805.02</ele>
      </trkpt>
      <trkpt lat="46.49216" lon="-121.50736">
        <ele>1805.02</ele>
      </trkpt>
      <trkpt lat="46.49227" lon="-121.50732">
        <ele>1805.92</ele>
      </trkpt>
      <trkpt lat="46.49237" lon="-121.50725">
        <ele>1810.17</ele>
      </trkpt>
      <trkpt lat="46.49251" lon="-121.50709">
        <ele>1816.98</ele>
      </trkpt>
      <trkpt lat="46.49267" lon="-121.50682">
        <ele>1820.34</ele>
      </trkpt>
      <trkpt lat="46.49279" lon="-121.5067">
        <ele>1820.87</ele>
      </trkpt>
      <trkpt lat="46.49334" lon="-121.50632">
        <ele>1808.11</ele>
      </trkpt>
      <trkpt lat="46.49358" lon="-121.5061">
        <ele>1809.62</ele>
      </trkpt>
      <trkpt lat="46.4938" lon="-121.50593">
        <ele>1809.83</ele>
      </trkpt>
      <trkpt lat="46.49391" lon="-121.5058">
        <ele>1810.04</ele>
      </trkpt>
      <trkpt lat="46.49421" lon="-121.50533">
        <ele>1815.5</ele>
      </trkpt>
      <trkpt lat="46.49429" lon="-121.50526">
        <ele>1814.72</ele>
      </trkpt>
      <trkpt lat="46.49483" lon="-121.50492">
        <ele>1816.46</ele>
      </trkpt>
      <trkpt lat="46.49547" lon="-121.50464">
        <ele>1825.66</ele>
      </trkpt>
      <trkpt lat="46.4956" lon="-121.5046">
        <ele>1827.28</ele>
      </trkpt>
      <trkpt lat="46.49576" lon="-121.50463">
        <ele>1827.4</ele>
      </trkpt>
      <trkpt lat="46.49618" lon="-121.5048">
        <ele>1832.22</ele>
      </trkpt>
      <trkpt lat="46.49676" lon="-121.50478">
        <ele>1831.14</ele>
      </trkpt>
      <trkpt lat="46.49691" lon="-121.5048">
        <ele>1832.01</ele>
      </trkpt>
      <trkpt lat="46.49749" lon="-121.50505">
        <ele>1832.62</ele>
      </trkpt>
      <trkpt lat="46.49788" lon="-121.50516">
        <ele>1831.09</ele>
      </trkpt>
      <trkpt lat="46.49853" lon="-121.50516">
        <ele>1825.58</ele>
      </trkpt>
      <trkpt lat="46.49869" lon="-121.50519">
        <ele>1824.8</ele>
      </trkpt>
      <trkpt lat="46.49891" lon="-121.50527">
        <ele>1821.34</ele>
      </trkpt>
      <trkpt lat="46.49912" lon="-121.50539">
        <ele>1817.15</ele>
      </trkpt>
      <trkpt lat="46.49923" lon="-121.50543">
        <ele>1815.18</ele>
      </trkpt>
      <trkpt lat="46.4993" lon="-121.50543">
        <ele>1814.63</ele>
      </trkpt>
      <trkpt lat="46.49937" lon="-121.50537">
        <ele>1815.82</ele>
      </trkpt>
      <trkpt lat="46.49961" lon="-121.50511">
        <ele>1818.07</ele>
      </trkpt>
      <trkpt lat="46.50004" lon="-121.50471">
        <ele>1808.88</ele>
      </trkpt>
      <trkpt lat="46.50038" lon="-121.50433">
        <ele>1815.5</ele>
      </trkpt>
      <trkpt lat="46.50072" lon="-121.5041">
        <ele>1810.28</ele>
      </trkpt>
      <trkpt lat="46.50094" lon="-121.50398">
        <ele>1811.75</ele>
      </trkpt>
      <trkpt lat="46.50121" lon="-121.50392">
        <ele>1813.68</ele>
      </trkpt>
      <trkpt lat="46.50185" lon="-121.50392">
        <ele>1820.61</ele>
      </trkpt>
      <trkpt lat="46.50198" lon="-121.50395">
        <ele>1822.72</ele>
      </trkpt>
      <trkpt lat="46.50241" lon="-121.50397">
        <ele>1826.59</ele>
      </trkpt>
      <trkpt lat="46.50259" lon="-121.504">
        <ele>1822.24</ele>
      </trkpt>
      <trkpt lat="46.50277" lon="-121.504">
        <ele>1827.06</ele>
      </trkpt>
      <trkpt lat="46.50289" lon="-121.50402">
        <ele>1830.18</ele>
      </trkpt>
      <trkpt lat="46.50304" lon="-121.50411">
        <ele>1829.67</ele>
      </trkpt>
      <trkpt lat="46.50317" lon="-121.50424">
        <ele>1828.05</ele>
      </trkpt>
      <trkpt lat="46.50325" lon="-121.50429">
        <ele>1828.2</ele>
      </trkpt>
      <trkpt lat="46.50332" lon="-121.50431">
        <ele>1829.07</ele>
      </trkpt>
      <trkpt lat="46.50348" lon="-121.50428">
        <ele>1830.72</ele>
      </trkpt>
      <trkpt lat="46.5036" lon="-121.50423">
        <ele>1833.2</ele>
      </trkpt>
      <trkpt lat="46.50377" lon="-121.50411">
        <ele>1834.51</ele>
      </trkpt>
      <trkpt lat="46.50387" lon="-121.50399">
        <ele>1835.11</ele>
      </trkpt>
      <trkpt lat="46.50407" lon="-121.50362">
        <ele>1834.08</ele>
      </trkpt>
      <trkpt lat="46.50425" lon="-121.50339">
        <ele>1833.98</ele>
      </trkpt>
      <trkpt lat="46.50434" lon="-121.50321">
        <ele>1833.76</ele>
      </trkpt>
      <trkpt lat="46.50442" lon="-121.50309">
        <ele>1830.76</ele>
      </trkpt>
      <trkpt lat="46.50456" lon="-121.50293">
        <ele>1829.16</ele>
      </trkpt>
      <trkpt lat="46.50466" lon="-121.50278">
        <ele>1835.26</ele>
      </trkpt>
      <trkpt lat="46.50481" lon="-121.50259">
        <ele>1838.27</ele>
      </trkpt>
      <trkpt lat="46.50497" lon="-121.50236">
        <ele>1838.64</ele>
      </trkpt>
      <trkpt lat="46.50526" lon="-121.50211">
        <ele>1843.12</ele>
      </trkpt>
      <trkpt lat="46.50548" lon="-121.50188">
        <ele>1841.6</ele>
      </trkpt>
      <trkpt lat="46.50562" lon="-121.50177">
        <ele>1843.26</ele>
      </trkpt>
      <trkpt lat="46.50567" lon="-121.5017">
        <ele>1844.21</ele>
      </trkpt>
      <trkpt lat="46.50575" lon="-121.5015">
        <ele>1848.02</ele>
      </trkpt>
      <trkpt lat="46.50583" lon="-121.50144">
        <ele>1846.47</ele>
      </trkpt>
      <trkpt lat="46.50599" lon="-121.50142">
        <ele>1841.92</ele>
      </trkpt>
      <trkpt lat="46.50603" lon="-121.50139">
        <ele>1841.96</ele>
      </trkpt>
      <trkpt lat="46.50607" lon="-121.50131">
        <ele>1844.56</ele>
      </trkpt>
      <trkpt lat="46.50611" lon="-121.50116">
        <ele>1847.01</ele>
      </trkpt>
      <trkpt lat="46.50615" lon="-121.50108">
        <ele>1847.25</ele>
      </trkpt>
      <trkpt lat="46.50635" lon="-121.50102">
        <ele>1845.79</ele>
      </trkpt>
      <trkpt lat="46.50641" lon="-121.50096">
        <ele>1847.16</ele>
      </trkpt>
      <trkpt lat="46.50655" lon="-121.50073">
        <ele>1851.1</ele>
      </trkpt>
      <trkpt lat="46.50709" lon="-121.50029">
        <ele>1850.96</ele>
      </trkpt>
      <trkpt lat="46.50723" lon="-121.50021">
        <ele>1849.76</ele>
      </trkpt>
      <trkpt lat="46.50756" lon="-121.5001">
        <ele>1848.25</ele>
      </trkpt>
      <trkpt lat="46.50778" lon="-121.50009">
        <ele>1847.14</ele>
      </trkpt>
      <trkpt lat="46.50797" lon="-121.50005">
        <ele>1847.18</ele>
      </trkpt>
      <trkpt lat="46.5082" lon="-121.50005">
        <ele>1846.6</ele>
      </trkpt>
      <trkpt lat="46.50836" lon="-121.50009">
        <ele>1842.56</ele>
      </trkpt>
      <trkpt lat="46.50884" lon="-121.5001">
        <ele>1843.01</ele>
      </trkpt>
      <trkpt lat="46.50915" lon="-121.50018">
        <ele>1841.57</ele>
      </trkpt>
      <trkpt lat="46.50934" lon="-121.50018">
        <ele>1844.28</ele>
      </trkpt>
      <trkpt lat="46.5099" lon="-121.50027">
        <ele>1853.01</ele>
      </trkpt>
      <trkpt lat="46.51001" lon="-121.50024">
        <ele>1859.34</ele>
      </trkpt>
      <trkpt lat="46.5106" lon="-121.49996">
        <ele>1881.72</ele>
      </trkpt>
      <trkpt lat="46.51141" lon="-121.49977">
        <ele>1904.79</ele>
      </trkpt>
      <trkpt lat="46.5118" lon="-121.49957">
        <ele>1908.78</ele>
      </trkpt>
      <trkpt lat="46.51192" lon="-121.49954">
        <ele>1909.14</ele>
      </trkpt>
      <trkpt lat="46.51235" lon="-121.49951">
        <ele>1916.53</ele>
      </trkpt>
      <trkpt lat="46.51249" lon="-121.49953">
        <ele>1917.15</ele>
      </trkpt>
      <trkpt lat="46.51272" lon="-121.49946">
        <ele>1919.56</ele>
      </trkpt>
      <trkpt lat="46.51281" lon="-121.49938">
        <ele>1922.89</ele>
      </trkpt>
      <trkpt lat="46.51295" lon="-121.49913">
        <ele>1929.4</ele>
      </trkpt>
      <trkpt lat="46.51318" lon="-121.49878">
        <ele>1932.18</ele>
      </trkpt>
      <trkpt lat="46.51347" lon="-121.49839">
        <ele>1935.18</ele>
      </trkpt>
      <trkpt lat="46.51354" lon="-121.49835">
        <ele>1935.86</ele>
      </trkpt>
      <trkpt lat="46.51391" lon="-121.49833">
        <ele>1937.04</ele>
      </trkpt>
      <trkpt lat="46.51422" lon="-121.49826">
        <ele>1938.58</ele>
      </trkpt>
      <trkpt lat="46.51436" lon="-121.49819">
        <ele>1942.14</ele>
      </trkpt>
      <trkpt lat="46.51441" lon="-121.49812">
        <ele>1943.86</ele>
      </trkpt>
      <trkpt lat="46.51442" lon="-121.49802">
        <ele>1945.86</ele>
      </trkpt>
      <trkpt lat="46.5144" lon="-121.49792">
        <ele>1946.97</ele>
      </trkpt>
      <trkpt lat="46.5143" lon="-121.49764">
        <ele>1951.69</ele>
      </trkpt>
      <trkpt lat="46.51419" lon="-121.49741">
        <ele>1958.92</ele>
      </trkpt>
      <trkpt lat="46.51404" lon="-121.49726">
        <ele>1963.63</ele>
      </trkpt>
      <trkpt lat="46.51364" lon="-121.49713">
        <ele>1968.36</ele>
      </trkpt>
      <trkpt lat="46.51315" lon="-121.49711">
        <ele>1980.04</ele>
      </trkpt>
      <trkpt lat="46.51361" lon="-121.4968">
        <ele>1982.71</ele>
      </trkpt>
      <trkpt lat="46.51383" lon="-121.49669">
        <ele>1983.61</ele>
      </trkpt>
      <trkpt lat="46.5142" lon="-121.49658">
        <ele>1996.91</ele>
      </trkpt>
      <trkpt lat="46.51444" lon="-121.49657">
        <ele>2003.08</ele>
      </trkpt>
      <trkpt lat="46.51475" lon="-121.49648">
        <ele>2006.68</ele>
      </trkpt>
      <trkpt lat="46.51503" lon="-121.49653">
        <ele>2006.97</ele>
      </trkpt>
      <trkpt lat="46.51553" lon="-121.49654">
        <ele>2025.44</ele>
      </trkpt>
      <trkpt lat="46.5159" lon="-121.49634">
        <ele>2027.18</ele>
      </trkpt>
      <trkpt lat="46.51609" lon="-121.4963">
        <ele>2029.74</ele>
      </trkpt>
      <trkpt lat="46.51624" lon="-121.49615">
        <ele>2026.28</ele>
      </trkpt>
      <trkpt lat="46.51635" lon="-121.49608">
        <ele>2026.45</ele>
      </trkpt>
      <trkpt lat="46.5166" lon="-121.49598">
        <ele>2032.16</ele>
      </trkpt>
      <trkpt lat="46.51673" lon="-121.49583">
        <ele>2030.28</ele>
      </trkpt>
      <trkpt lat="46.51686" lon="-121.49565">
        <ele>2028.61</ele>
      </trkpt>
      <trkpt lat="46.51703" lon="-121.49532">
        <ele>2026.99</ele>
      </trkpt>
      <trkpt lat="46.51715" lon="-121.49514">
        <ele>2026.53</ele>
      </trkpt>
      <trkpt lat="46.5173" lon="-121.49495">
        <ele>2026.2</ele>
      </trkpt>
      <trkpt lat="46.51736" lon="-121.49482">
        <ele>2024.12</ele>
      </trkpt>
      <trkpt lat="46.51757" lon="-121.49417">
        <ele>2016.64</ele>
      </trkpt>
      <trkpt lat="46.51766" lon="-121.49396">
        <ele>2015.67</ele>
      </trkpt>
      <trkpt lat="46.51772" lon="-121.49377">
        <ele>2013.3</ele>
      </trkpt>
      <trkpt lat="46.51774" lon="-121.49353">
        <ele>2006.33</ele>
      </trkpt>
      <trkpt lat="46.51793" lon="-121.49316">
        <ele>2007.56</ele>
      </trkpt>
      <trkpt lat="46.51802" lon="-121.49301">
        <ele>2009.41</ele>
      </trkpt>
      <trkpt lat="46.51812" lon="-121.49289">
        <ele>2012.75</ele>
      </trkpt>
      <trkpt lat="46.5182" lon="-121.49274">
        <ele>2015.66</ele>
      </trkpt>
      <trkpt lat="46.51829" lon="-121.49245">
        <ele>2014.89</ele>
      </trkpt>
      <trkpt lat="46.51846" lon="-121.49235">
        <ele>2022.59</ele>
      </trkpt>
      <trkpt lat="46.51855" lon="-121.49224">
        <ele>2024.83</ele>
      </trkpt>
      <trkpt lat="46.51863" lon="-121.49206">
        <ele>2027.68</ele>
      </trkpt>
      <trkpt lat="46.51864" lon="-121.49187">
        <ele>2025.26</ele>
      </trkpt>
      <trkpt lat="46.51875" lon="-121.49165">
        <ele>2026.55</ele>
      </trkpt>
      <trkpt lat="46.51882" lon="-121.49134">
        <ele>2021.86</ele>
      </trkpt>
      <trkpt lat="46.51884" lon="-121.49112">
        <ele>2017.91</ele>
      </trkpt>
      <trkpt lat="46.51895" lon="-121.49065">
        <ele>2016.67</ele>
      </trkpt>
      <trkpt lat="46.51919" lon="-121.48985">
        <ele>2015.4</ele>
      </trkpt>
      <trkpt lat="46.51929" lon="-121.48967">
        <ele>2014.26</ele>
      </trkpt>
      <trkpt lat="46.51935" lon="-121.48951">
        <ele>2011.34</ele>
      </trkpt>
      <trkpt lat="46.51944" lon="-121.48879">
        <ele>2005.44</ele>
      </trkpt>
      <trkpt lat="46.51955" lon="-121.48845">
        <ele>1999.76</ele>
      </trkpt>
      <trkpt lat="46.51957" lon="-121.48826">
        <ele>1997.2</ele>
      </trkpt>
      <trkpt lat="46.51955" lon="-121.48802">
        <ele>1991.55</ele>
      </trkpt>
      <trkpt lat="46.51959" lon="-121.48793">
        <ele>1991.15</ele>
      </trkpt>
      <trkpt lat="46.51978" lon="-121.48774">
        <ele>1995.27</ele>
      </trkpt>
      <trkpt lat="46.51997" lon="-121.48764">
        <ele>1998.89</ele>
      </trkpt>
      <trkpt lat="46.52008" lon="-121.48755">
        <ele>1997.88</ele>
      </trkpt>
      <trkpt lat="46.51989" lon="-121.48733">
        <ele>1987.74</ele>
      </trkpt>
      <trkpt lat="46.51996" lon="-121.48722">
        <ele>1987.66</ele>
      </trkpt>
      <trkpt lat="46.51992" lon="-121.48709">
        <ele>1983.55</ele>
      </trkpt>
      <trkpt lat="46.5198" lon="-121.48698">
        <ele>1976.26</ele>
      </trkpt>
      <trkpt lat="46.51978" lon="-121.48689">
        <ele>1974.75</ele>
      </trkpt>
      <trkpt lat="46.51977" lon="-121.48678">
        <ele>1973.69</ele>
      </trkpt>
      <trkpt lat="46.51978" lon="-121.48661">
        <ele>1973.11</ele>
      </trkpt>
      <trkpt lat="46.51975" lon="-121.48644">
        <ele>1970.45</ele>
      </trkpt>
      <trkpt lat="46.51967" lon="-121.48629">
        <ele>1966.28</ele>
      </trkpt>
      <trkpt lat="46.51961" lon="-121.48627">
        <ele>1964.15</ele>
      </trkpt>
      <trkpt lat="46.51966" lon="-121.4862">
        <ele>1965.62</ele>
      </trkpt>
      <trkpt lat="46.51964" lon="-121.48612">
        <ele>1964.32</ele>
      </trkpt>
      <trkpt lat="46.51964" lon="-121.48601">
        <ele>1963.05</ele>
      </trkpt>
      <trkpt lat="46.51954" lon="-121.48578">
        <ele>1954.99</ele>
      </trkpt>
      <trkpt lat="46.51959" lon="-121.4857">
        <ele>1956.86</ele>
      </trkpt>
      <trkpt lat="46.51963" lon="-121.48552">
        <ele>1958.63</ele>
      </trkpt>
      <trkpt lat="46.51968" lon="-121.48539">
        <ele>1959.93</ele>
      </trkpt>
      <trkpt lat="46.51977" lon="-121.48535">
        <ele>1962.59</ele>
      </trkpt>
      <trkpt lat="46.51993" lon="-121.48546">
        <ele>1964.97</ele>
      </trkpt>
      <trkpt lat="46.52008" lon="-121.48545">
        <ele>1964.0</ele>
      </trkpt>
      <trkpt lat="46.52014" lon="-121.48542">
        <ele>1962.51</ele>
      </trkpt>
      <trkpt lat="46.5202" lon="-121.48535">
        <ele>1960.5</ele>
      </trkpt>
      <trkpt lat="46.5203" lon="-121.48514">
        <ele>1957.51</ele>
      </trkpt>
      <trkpt lat="46.52056" lon="-121.48483">
        <ele>1957.05</ele>
      </trkpt>
      <trkpt lat="46.52068" lon="-121.48463">
        <ele>1958.0</ele>
      </trkpt>
      <trkpt lat="46.52073" lon="-121.48447">
        <ele>1958.64</ele>
      </trkpt>
      <trkpt lat="46.52084" lon="-121.48439">
        <ele>1959.59</ele>
      </trkpt>
      <trkpt lat="46.52097" lon="-121.48437">
        <ele>1958.47</ele>
      </trkpt>
      <trkpt lat="46.52096" lon="-121.48423">
        <ele>1958.9</ele>
      </trkpt>
      <trkpt lat="46.52085" lon="-121.48411">
        <ele>1959.71</ele>
      </trkpt>
      <trkpt lat="46.52074" lon="-121.48408">
        <ele>1959.06</ele>
      </trkpt>
      <trkpt lat="46.52069" lon="-121.48391">
        <ele>1958.37</ele>
      </trkpt>
      <trkpt lat="46.52068" lon="-121.48383">
        <ele>1958.78</ele>
      </trkpt>
      <trkpt lat="46.52057" lon="-121.48365">
        <ele>1959.63</ele>
      </trkpt>
      <trkpt lat="46.52055" lon="-121.48357">
        <ele>1960.74</ele>
      </trkpt>
      <trkpt lat="46.52049" lon="-121.48304">
        <ele>1963.34</ele>
      </trkpt>
      <trkpt lat="46.52045" lon="-121.4829">
        <ele>1962.16</ele>
      </trkpt>
      <trkpt lat="46.52034" lon="-121.48272">
        <ele>1955.24</ele>
      </trkpt>
      <trkpt lat="46.52027" lon="-121.48252">
        <ele>1951.33</ele>
      </trkpt>
      <trkpt lat="46.52024" lon="-121.48236">
        <ele>1948.84</ele>
      </trkpt>
      <trkpt lat="46.52027" lon="-121.48203">
        <ele>1949.58</ele>
      </trkpt>
      <trkpt lat="46.52021" lon="-121.48165">
        <ele>1950.88</ele>
      </trkpt>
      <trkpt lat="46.52014" lon="-121.48143">
        <ele>1953.47</ele>
      </trkpt>
      <trkpt lat="46.52" lon="-121.48119">
        <ele>1949.3</ele>
      </trkpt>
      <trkpt lat="46.51997" lon="-121.4811">
        <ele>1948.93</ele>
      </trkpt>
      <trkpt lat="46.51983" lon="-121.48046">
        <ele>1947.19</ele>
      </trkpt>
      <trkpt lat="46.51972" lon="-121.48014">
        <ele>1940.32</ele>
      </trkpt>
      <trkpt lat="46.51968" lon="-121.47985">
        <ele>1938.09</ele>
      </trkpt>
      <trkpt lat="46.51963" lon="-121.47972">
        <ele>1936.07</ele>
      </trkpt>
      <trkpt lat="46.51929" lon="-121.47909">
        <ele>1937.87</ele>
      </trkpt>
      <trkpt lat="46.51886" lon="-121.4786">
        <ele>1928.62</ele>
      </trkpt>
      <trkpt lat="46.51866" lon="-121.47847">
        <ele>1928.63</ele>
      </trkpt>
      <trkpt lat="46.51835" lon="-121.47819">
        <ele>1924.54</ele>
      </trkpt>
      <trkpt lat="46.51823" lon="-121.47805">
        <ele>1923.94</ele>
      </trkpt>
      <trkpt lat="46.51807" lon="-121.47778">
        <ele>1925.57</ele>
      </trkpt>
      <trkpt lat="46.5179" lon="-121.47761">
        <ele>1917.05</ele>
      </trkpt>
      <trkpt lat="46.51757" lon="-121.47717">
        <ele>1914.59</ele>
      </trkpt>
      <trkpt lat="46.51752" lon="-121.47707">
        <ele>1913.0</ele>
      </trkpt>
      <trkpt lat="46.51748" lon="-121.47695">
        <ele>1910.92</ele>
      </trkpt>
      <trkpt lat="46.51743" lon="-121.47684">
        <ele>1909.32</ele>
      </trkpt>
      <trkpt lat="46.5173" lon="-121.47665">
        <ele>1904.59</ele>
      </trkpt>
      <trkpt lat="46.5171" lon="-121.47643">
        <ele>1900.19</ele>
      </trkpt>
      <trkpt lat="46.51704" lon="-121.47629">
        <ele>1900.29</ele>
      </trkpt>
      <trkpt lat="46.51693" lon="-121.47593">
        <ele>1897.71</ele>
      </trkpt>
      <trkpt lat="46.51686" lon="-121.47577">
        <ele>1894.86</ele>
      </trkpt>
      <trkpt lat="46.5168" lon="-121.47569">
        <ele>1895.83</ele>
      </trkpt>
      <trkpt lat="46.51673" lon="-121.47564">
        <ele>1896.38</ele>
      </trkpt>
      <trkpt lat="46.51685" lon="-121.47526">
        <ele>1916.88</ele>
      </trkpt>
      <trkpt lat="46.51684" lon="-121.47519">
        <ele>1920.23</ele>
      </trkpt>
      <trkpt lat="46.51679" lon="-121.47503">
        <ele>1925.71</ele>
      </trkpt>
      <trkpt lat="46.51664" lon="-121.4748">
        <ele>1929.62</ele>
      </trkpt>
      <trkpt lat="46.51656" lon="-121.47472">
        <ele>1929.76</ele>
      </trkpt>
      <trkpt lat="46.51648" lon="-121.47466">
        <ele>1929.29</ele>
      </trkpt>
      <trkpt lat="46.51632" lon="-121.47428">
        <ele>1930.54</ele>
      </trkpt>
      <trkpt lat="46.51615" lon="-121.47399">
        <ele>1927.5</ele>
      </trkpt>
      <trkpt lat="46.51612" lon="-121.47385">
        <ele>1931.89</ele>
      </trkpt>
      <trkpt lat="46.51613" lon="-121.47356">
        <ele>1942.22</ele>
      </trkpt>
      <trkpt lat="46.51609" lon="-121.47345">
        <ele>1945.22</ele>
      </trkpt>
      <trkpt lat="46.51612" lon="-121.47328">
        <ele>1950.73</ele>
      </trkpt>
      <trkpt lat="46.51608" lon="-121.47314">
        <ele>1955.35</ele>
      </trkpt>
      <trkpt lat="46.51598" lon="-121.47306">
        <ele>1958.41</ele>
      </trkpt>
      <trkpt lat="46.51568" lon="-121.47282">
        <ele>1959.78</ele>
      </trkpt>
      <trkpt lat="46.51555" lon="-121.47238">
        <ele>1965.24</ele>
      </trkpt>
      <trkpt lat="46.51555" lon="-121.47218">
        <ele>1967.37</ele>
      </trkpt>
      <trkpt lat="46.51557" lon="-121.47198">
        <ele>1968.31</ele>
      </trkpt>
      <trkpt lat="46.51564" lon="-121.47191">
        <ele>1969.48</ele>
      </trkpt>
      <trkpt lat="46.51576" lon="-121.4717">
        <ele>1969.78</ele>
      </trkpt>
      <trkpt lat="46.51584" lon="-121.47146">
        <ele>1969.16</ele>
      </trkpt>
      <trkpt lat="46.51592" lon="-121.47108">
        <ele>1975.88</ele>
      </trkpt>
      <trkpt lat="46.51592" lon="-121.47093">
        <ele>1980.74</ele>
      </trkpt>
      <trkpt lat="46.51587" lon="-121.47072">
        <ele>1985.64</ele>
      </trkpt>
      <trkpt lat="46.51586" lon="-121.47064">
        <ele>1987.01</ele>
      </trkpt>
      <trkpt lat="46.51589" lon="-121.4705">
        <ele>1990.42</ele>
      </trkpt>
      <trkpt lat="46.51601" lon="-121.47023">
        <ele>1996.85</ele>
      </trkpt>
      <trkpt lat="46.51607" lon="-121.47002">
        <ele>2003.12</ele>
      </trkpt>
      <trkpt lat="46.51607" lon="-121.46999">
        <ele>2003.93</ele>
      </trkpt>
      <trkpt lat="46.51602" lon="-121.46992">
        <ele>2004.63</ele>
      </trkpt>
      <trkpt lat="46.51597" lon="-121.46979">
        <ele>2008.36</ele>
      </trkpt>
      <trkpt lat="46.51595" lon="-121.46971">
        <ele>2010.44</ele>
      </trkpt>
      <trkpt lat="46.51595" lon="-121.46968">
        <ele>2011.41</ele>
      </trkpt>
      <trkpt lat="46.51601" lon="-121.46951">
        <ele>2020.53</ele>
      </trkpt>
      <trkpt lat="46.51601" lon="-121.46943">
        <ele>2023.21</ele>
      </trkpt>
      <trkpt lat="46.516" lon="-121.46935">
        <ele>2025.64</ele>
      </trkpt>
      <trkpt lat="46.51598" lon="-121.4693">
        <ele>2026.52</ele>
      </trkpt>
      <trkpt lat="46.51594" lon="-121.46924">
        <ele>2027.6</ele>
      </trkpt>
      <trkpt lat="46.51586" lon="-121.46914">
        <ele>2028.44</ele>
      </trkpt>
      <trkpt lat="46.51581" lon="-121.46904">
        <ele>2030.6</ele>
      </trkpt>
      <trkpt lat="46.51575" lon="-121.46859">
        <ele>2046.81</ele>
      </trkpt>
      <trkpt lat="46.51568" lon="-121.46851">
        <ele>2047.87</ele>
      </trkpt>
      <trkpt lat="46.51563" lon="-121.46848">
        <ele>2047.44</ele>
      </trkpt>
      <trkpt lat="46.51559" lon="-121.46839">
        <ele>2048.28</ele>
      </trkpt>
      <trkpt lat="46.5156" lon="-121.46789">
        <ele>2054.81</ele>
      </trkpt>
      <trkpt lat="46.51557" lon="-121.46769">
        <ele>2053.93</ele>
      </trkpt>
      <trkpt lat="46.51571" lon="-121.46759">
        <ele>2062.37</ele>
      </trkpt>
      <trkpt lat="46.51573" lon="-121.46734">
        <ele>2066.88</ele>
      </trkpt>
      <trkpt lat="46.51577" lon="-121.4672">
        <ele>2072.43</ele>
      </trkpt>
      <trkpt lat="46.5157" lon="-121.46696">
        <ele>2076.71</ele>
      </trkpt>
      <trkpt lat="46.5157" lon="-121.4668">
        <ele>2080.24</ele>
      </trkpt>
      <trkpt lat="46.51572" lon="-121.46639">
        <ele>2092.83</ele>
      </trkpt>
      <trkpt lat="46.51571" lon="-121.46635">
        <ele>2093.74</ele>
      </trkpt>
      <trkpt lat="46.51569" lon="-121.46634">
        <ele>2093.13</ele>
      </trkpt>
      <trkpt lat="46.51566" lon="-121.46631">
        <ele>2092.94</ele>
      </trkpt>
      <trkpt lat="46.51567" lon="-121.46624">
        <ele>2095.62</ele>
      </trkpt>
      <trkpt lat="46.51566" lon="-121.46622">
        <ele>2095.88</ele>
      </trkpt>
      <trkpt lat="46.51564" lon="-121.4662">
        <ele>2096.04</ele>
      </trkpt>
      <trkpt lat="46.51563" lon="-121.46618">
        <ele>2096.62</ele>
      </trkpt>
      <trkpt lat="46.51564" lon="-121.46612">
        <ele>2098.7</ele>
      </trkpt>
      <trkpt lat="46.51566" lon="-121.46609">
        <ele>2100.11</ele>
      </trkpt>
      <trkpt lat="46.51563" lon="-121.46597">
        <ele>2104.48</ele>
      </trkpt>
      <trkpt lat="46.51551" lon="-121.46576">
        <ele>2111.48</ele>
      </trkpt>
      <trkpt lat="46.51539" lon="-121.46565">
        <ele>2115.71</ele>
      </trkpt>
      <trkpt lat="46.51514" lon="-121.46551">
        <ele>2120.73</ele>
      </trkpt>
      <trkpt lat="46.51511" lon="-121.46545">
        <ele>2122.72</ele>
      </trkpt>
      <trkpt lat="46.51508" lon="-121.46535">
        <ele>2126.88</ele>
      </trkpt>
      <trkpt lat="46.51503" lon="-121.46524">
        <ele>2131.91</ele>
      </trkpt>
      <trkpt lat="46.51474" lon="-121.46499">
        <ele>2148.52</ele>
      </trkpt>
      <trkpt lat="46.51462" lon="-121.46482">
        <ele>2156.67</ele>
      </trkpt>
      <trkpt lat="46.51446" lon="-121.46464">
        <ele>2160.79</ele>
      </trkpt>
      <trkpt lat="46.51444" lon="-121.46445">
        <ele>2161.0</ele>
      </trkpt>
      <trkpt lat="46.51445" lon="-121.4638">
        <ele>2160.0</ele>
      </trkpt>
      <trkpt lat="46.51449" lon="-121.46367">
        <ele>2160.0</ele>
      </trkpt>
      <trkpt lat="46.51449" lon="-121.46367">
        <ele>2160.0</ele>
      </trkpt>
      <trkpt lat="46.51453" lon="-121.46356">
        <ele>2160.0</ele>
      </trkpt>
      <trkpt lat="46.51457" lon="-121.46331">
        <ele>2160.36</ele>
      </trkpt>
      <trkpt lat="46.51458" lon="-121.46304">
        <ele>2160.55</ele>
      </trkpt>
      <trkpt lat="46.51466" lon="-121.46288">
        <ele>2160.97</ele>
      </trkpt>
      <trkpt lat="46.51467" lon="-121.46281">
        <ele>2161.0</ele>
      </trkpt>
      <trkpt lat="46.51464" lon="-121.46264">
        <ele>2161.0</ele>
      </trkpt>
      <trkpt lat="46.51451" lon="-121.46236">
        <ele>2160.71</ele>
      </trkpt>
      <trkpt lat="46.51445" lon="-121.46213">
        <ele>2162.0</ele>
      </trkpt>
      <trkpt lat="46.51444" lon="-121.46189">
        <ele>2166.22</ele>
      </trkpt>
      <trkpt lat="46.51448" lon="-121.4616">
        <ele>2168.84</ele>
      </trkpt>
      <trkpt lat="46.51439" lon="-121.46133">
        <ele>2177.04</ele>
      </trkpt>
      <trkpt lat="46.51435" lon="-121.46111">
        <ele>2184.06</ele>
      </trkpt>
      <trkpt lat="46.51437" lon="-121.46079">
        <ele>2187.68</ele>
      </trkpt>
      <trkpt lat="46.5143" lon="-121.4602">
        <ele>2199.23</ele>
      </trkpt>
      <trkpt lat="46.51433" lon="-121.45987">
        <ele>2202.26</ele>
      </trkpt>
      <trkpt lat="46.51457" lon="-121.45932">
        <ele>2201.29</ele>
      </trkpt>
      <trkpt lat="46.51477" lon="-121.45896">
        <ele>2203.66</ele>
      </trkpt>
      <trkpt lat="46.51508" lon="-121.45861">
        <ele>2196.15</ele>
      </trkpt>
      <trkpt lat="46.51545" lon="-121.45831">
        <ele>2184.35</ele>
      </trkpt>
      <trkpt lat="46.51583" lon="-121.45788">
        <ele>2185.83</ele>
      </trkpt>
      <trkpt lat="46.51591" lon="-121.45783">
        <ele>2186.16</ele>
      </trkpt>
      <trkpt lat="46.51691" lon="-121.45756">
        <ele>2162.19</ele>
      </trkpt>
      <trkpt lat="46.51715" lon="-121.45758">
        <ele>2147.42</ele>
      </trkpt>
      <trkpt lat="46.5174" lon="-121.45768">
        <ele>2142.25</ele>
      </trkpt>
      <trkpt lat="46.51752" lon="-121.45765">
        <ele>2146.14</ele>
      </trkpt>
      <trkpt lat="46.51759" lon="-121.45759">
        <ele>2151.08</ele>
      </trkpt>
      <trkpt lat="46.51766" lon="-121.4575">
        <ele>2155.0</ele>
      </trkpt>
      <trkpt lat="46.51777" lon="-121.45722">
        <ele>2164.16</ele>
      </trkpt>
      <trkpt lat="46.51782" lon="-121.45703">
        <ele>2168.83</ele>
      </trkpt>
      <trkpt lat="46.51792" lon="-121.45681">
        <ele>2170.05</ele>
      </trkpt>
      <trkpt lat="46.518" lon="-121.45642">
        <ele>2173.46</ele>
      </trkpt>
      <trkpt lat="46.51814" lon="-121.45606">
        <ele>2173.5</ele>
      </trkpt>
      <trkpt lat="46.51821" lon="-121.45586">
        <ele>2176.07</ele>
      </trkpt>
      <trkpt lat="46.51838" lon="-121.45558">
        <ele>2174.91</ele>
      </trkpt>
      <trkpt lat="46.51879" lon="-121.45524">
        <ele>2164.27</ele>
      </trkpt>
      <trkpt lat="46.51909" lon="-121.45521">
        <ele>2155.82</ele>
      </trkpt>
      <trkpt lat="46.51951" lon="-121.45527">
        <ele>2143.84</ele>
      </trkpt>
      <trkpt lat="46.51979" lon="-121.45526">
        <ele>2140.32</ele>
      </trkpt>
      <trkpt lat="46.5202" lon="-121.45518">
        <ele>2129.69</ele>
      </trkpt>
      <trkpt lat="46.52066" lon="-121.45528">
        <ele>2117.57</ele>
      </trkpt>
      <trkpt lat="46.52072" lon="-121.45523">
        <ele>2115.79</ele>
      </trkpt>
      <trkpt lat="46.52078" lon="-121.45512">
        <ele>2112.9</ele>
      </trkpt>
      <trkpt lat="46.52088" lon="-121.45504">
        <ele>2108.13</ele>
      </trkpt>
      <trkpt lat="46.52115" lon="-121.45493">
        <ele>2101.14</ele>
      </trkpt>
      <trkpt lat="46.52125" lon="-121.45485">
        <ele>2100.69</ele>
      </trkpt>
      <trkpt lat="46.52134" lon="-121.45476">
        <ele>2100.1</ele>
      </trkpt>
      <trkpt lat="46.52151" lon="-121.45472">
        <ele>2099.05</ele>
      </trkpt>
      <trkpt lat="46.52155" lon="-121.45468">
        <ele>2097.88</ele>
      </trkpt>
      <trkpt lat="46.52175" lon="-121.45455">
        <ele>2092.07</ele>
      </trkpt>
      <trkpt lat="46.52219" lon="-121.45434">
        <ele>2091.57</ele>
      </trkpt>
      <trkpt lat="46.52235" lon="-121.45433">
        <ele>2091.85</ele>
      </trkpt>
      <trkpt lat="46.52254" lon="-121.45428">
        <ele>2094.96</ele>
      </trkpt>
      <trkpt lat="46.52284" lon="-121.45433">
        <ele>2101.5</ele>
      </trkpt>
      <trkpt lat="46.52291" lon="-121.45435">
        <ele>2103.31</ele>
      </trkpt>
      <trkpt lat="46.52294" lon="-121.45435">
        <ele>2104.29</ele>
      </trkpt>
      <trkpt lat="46.52299" lon="-121.45425">
        <ele>2108.17</ele>
      </trkpt>
      <trkpt lat="46.52305" lon="-121.45418">
        <ele>2110.76</ele>
      </trkpt>
      <trkpt lat="46.52319" lon="-121.45417">
        <ele>2113.47</ele>
      </trkpt>
      <trkpt lat="46.52341" lon="-121.45424">
        <ele>2120.14</ele>
      </trkpt>
      <trkpt lat="46.5236" lon="-121.45432">
        <ele>2125.38</ele>
      </trkpt>
      <trkpt lat="46.52374" lon="-121.4544">
        <ele>2126.68</ele>
      </trkpt>
      <trkpt lat="46.52384" lon="-121.45443">
        <ele>2127.0</ele>
      </trkpt>
      <trkpt lat="46.52398" lon="-121.45442">
        <ele>2127.0</ele>
      </trkpt>
      <trkpt lat="46.52404" lon="-121.45438">
        <ele>2126.37</ele>
      </trkpt>
      <trkpt lat="46.52415" lon="-121.45425">
        <ele>2126.74</ele>
      </trkpt>
      <trkpt lat="46.52432" lon="-121.45388">
        <ele>2126.22</ele>
      </trkpt>
      <trkpt lat="46.52436" lon="-121.45369">
        <ele>2125.09</ele>
      </trkpt>
      <trkpt lat="46.52443" lon="-121.45356">
        <ele>2125.67</ele>
      </trkpt>
      <trkpt lat="46.52454" lon="-121.4534">
        <ele>2126.78</ele>
      </trkpt>
      <trkpt lat="46.52458" lon="-121.45337">
        <ele>2127.32</ele>
      </trkpt>
      <trkpt lat="46.52465" lon="-121.45334">
        <ele>2128.04</ele>
      </trkpt>
      <trkpt lat="46.52485" lon="-121.45331">
        <ele>2129.46</ele>
      </trkpt>
      <trkpt lat="46.52492" lon="-121.45327">
        <ele>2129.19</ele>
      </trkpt>
      <trkpt lat="46.5252" lon="-121.45308">
        <ele>2129.53</ele>
      </trkpt>
      <trkpt lat="46.52525" lon="-121.453">
        <ele>2128.7</ele>
      </trkpt>
      <trkpt lat="46.52551" lon="-121.4528">
        <ele>2127.98</ele>
      </trkpt>
      <trkpt lat="46.52563" lon="-121.45275">
        <ele>2126.8</ele>
      </trkpt>
      <trkpt lat="46.52599" lon="-121.45275">
        <ele>2109.14</ele>
      </trkpt>
      <trkpt lat="46.52612" lon="-121.45276">
        <ele>2104.89</ele>
      </trkpt>
      <trkpt lat="46.5262" lon="-121.45275">
        <ele>2103.75</ele>
      </trkpt>
      <trkpt lat="46.52625" lon="-121.45271">
        <ele>2102.77</ele>
      </trkpt>
      <trkpt lat="46.52634" lon="-121.4527">
        <ele>2102.16</ele>
      </trkpt>
      <trkpt lat="46.52647" lon="-121.45271">
        <ele>2102.27</ele>
      </trkpt>
      <trkpt lat="46.52651" lon="-121.45274">
        <ele>2102.59</ele>
      </trkpt>
      <trkpt lat="46.52661" lon="-121.45274">
        <ele>2102.36</ele>
      </trkpt>
      <trkpt lat="46.52661" lon="-121.45272">
        <ele>2102.23</ele>
      </trkpt>
      <trkpt lat="46.52667" lon="-121.45268">
        <ele>2101.93</ele>
      </trkpt>
      <trkpt lat="46.52682" lon="-121.45268">
        <ele>2103.64</ele>
      </trkpt>
      <trkpt lat="46.52686" lon="-121.45263">
        <ele>2104.26</ele>
      </trkpt>
      <trkpt lat="46.52689" lon="-121.45251">
        <ele>2104.34</ele>
      </trkpt>
      <trkpt lat="46.52692" lon="-121.45251">
        <ele>2105.32</ele>
      </trkpt>
      <trkpt lat="46.52692" lon="-121.45258">
        <ele>2106.07</ele>
      </trkpt>
      <trkpt lat="46.52694" lon="-121.45261">
        <ele>2106.86</ele>
      </trkpt>
      <trkpt lat="46.52697" lon="-121.45263">
        <ele>2107.83</ele>
      </trkpt>
      <trkpt lat="46.52704" lon="-121.45265">
        <ele>2110.1</ele>
      </trkpt>
      <trkpt lat="46.5271" lon="-121.45262">
        <ele>2112.04</ele>
      </trkpt>
      <trkpt lat="46.52746" lon="-121.45254">
        <ele>2121.7</ele>
      </trkpt>
      <trkpt lat="46.52762" lon="-121.45258">
        <ele>2127.38</ele>
      </trkpt>
      <trkpt lat="46.52781" lon="-121.45258">
        <ele>2131.1</ele>
      </trkpt>
      <trkpt lat="46.52766" lon="-121.45246">
        <ele>2128.63</ele>
      </trkpt>
      <trkpt lat="46.52756" lon="-121.45236">
        <ele>2122.39</ele>
      </trkpt>
      <trkpt lat="46.52768" lon="-121.45237">
        <ele>2127.97</ele>
      </trkpt>
      <trkpt lat="46.52783" lon="-121.45245">
        <ele>2134.74</ele>
      </trkpt>
      <trkpt lat="46.52799" lon="-121.45238">
        <ele>2139.29</ele>
      </trkpt>
      <trkpt lat="46.52813" lon="-121.45237">
        <ele>2142.68</ele>
      </trkpt>
      <trkpt lat="46.52821" lon="-121.45237">
        <ele>2145.59</ele>
      </trkpt>
      <trkpt lat="46.52842" lon="-121.45247">
        <ele>2151.94</ele>
      </trkpt>
      <trkpt lat="46.52865" lon="-121.45248">
        <ele>2155.29</ele>
      </trkpt>
      <trkpt lat="46.52874" lon="-121.45243">
        <ele>2156.88</ele>
      </trkpt>
      <trkpt lat="46.52894" lon="-121.45243">
        <ele>2163.66</ele>
      </trkpt>
      <trkpt lat="46.52906" lon="-121.45235">
        <ele>2167.13</ele>
      </trkpt>
      <trkpt lat="46.52908" lon="-121.45218">
        <ele>2166.55</ele>
      </trkpt>
      <trkpt lat="46.52916" lon="-121.45206">
        <ele>2167.56</ele>
      </trkpt>
      <trkpt lat="46.52923" lon="-121.45198">
        <ele>2167.93</ele>
      </trkpt>
      <trkpt lat="46.52935" lon="-121.45196">
        <ele>2174.08</ele>
      </trkpt>
      <trkpt lat="46.52954" lon="-121.45173">
        <ele>2162.76</ele>
      </trkpt>
      <trkpt lat="46.52969" lon="-121.45167">
        <ele>2163.98</ele>
      </trkpt>
      <trkpt lat="46.53015" lon="-121.45163">
        <ele>2162.57</ele>
      </trkpt>
      <trkpt lat="46.53055" lon="-121.45143">
        <ele>2152.64</ele>
      </trkpt>
      <trkpt lat="46.53073" lon="-121.4514">
        <ele>2136.2</ele>
      </trkpt>
      <trkpt lat="46.53093" lon="-121.4513">
        <ele>2135.63</ele>
      </trkpt>
      <trkpt lat="46.5311" lon="-121.45128">
        <ele>2131.85</ele>
      </trkpt>
      <trkpt lat="46.53126" lon="-121.45122">
        <ele>2132.69</ele>
      </trkpt>
      <trkpt lat="46.53249" lon="-121.45114">
        <ele>2117.66</ele>
      </trkpt>
      <trkpt lat="46.5329" lon="-121.45116">
        <ele>2113.51</ele>
      </trkpt>
      <trkpt lat="46.53361" lon="-121.45151">
        <ele>2092.7</ele>
      </trkpt>
      <trkpt lat="46.53392" lon="-121.45175">
        <ele>2090.5</ele>
      </trkpt>
      <trkpt lat="46.53403" lon="-121.45181">
        <ele>2090.43</ele>
      </trkpt>
      <trkpt lat="46.53421" lon="-121.45182">
        <ele>2091.65</ele>
      </trkpt>
      <trkpt lat="46.53429" lon="-121.45186">
        <ele>2091.85</ele>
      </trkpt>
      <trkpt lat="46.53445" lon="-121.45201">
        <ele>2092.35</ele>
      </trkpt>
      <trkpt lat="46.53468" lon="-121.45213">
        <ele>2095.62</ele>
      </trkpt>
      <trkpt lat="46.53477" lon="-121.45215">
        <ele>2097.82</ele>
      </trkpt>
      <trkpt lat="46.53499" lon="-121.45216">
        <ele>2101.18</ele>
      </trkpt>
      <trkpt lat="46.53542" lon="-121.4524">
        <ele>2115.18</ele>
      </trkpt>
      <trkpt lat="46.53566" lon="-121.45241">
        <ele>2124.92</ele>
      </trkpt>
      <trkpt lat="46.53587" lon="-121.45248">
        <ele>2124.43</ele>
      </trkpt>
      <trkpt lat="46.53627" lon="-121.45279">
        <ele>2106.45</ele>
      </trkpt>
      <trkpt lat="46.53649" lon="-121.4529">
        <ele>2098.4</ele>
      </trkpt>
      <trkpt lat="46.53682" lon="-121.45301">
        <ele>2094.97</ele>
      </trkpt>
      <trkpt lat="46.53695" lon="-121.45311">
        <ele>2090.65</ele>
      </trkpt>
      <trkpt lat="46.53705" lon="-121.45318">
        <ele>2087.39</ele>
      </trkpt>
      <trkpt lat="46.53718" lon="-121.4533">
        <ele>2081.54</ele>
      </trkpt>
      <trkpt lat="46.53729" lon="-121.45335">
        <ele>2079.46</ele>
      </trkpt>
      <trkpt lat="46.53734" lon="-121.45336">
        <ele>2078.67</ele>
      </trkpt>
      <trkpt lat="46.53737" lon="-121.45339">
        <ele>2077.34</ele>
      </trkpt>
      <trkpt lat="46.53738" lon="-121.45349">
        <ele>2074.22</ele>
      </trkpt>
      <trkpt lat="46.53739" lon="-121.45369">
        <ele>2065.59</ele>
      </trkpt>
      <trkpt lat="46.53747" lon="-121.45379">
        <ele>2062.88</ele>
      </trkpt>
      <trkpt lat="46.53756" lon="-121.45387">
        <ele>2060.61</ele>
      </trkpt>
      <trkpt lat="46.53761" lon="-121.45395">
        <ele>2058.68</ele>
      </trkpt>
      <trkpt lat="46.53766" lon="-121.45412">
        <ele>2054.74</ele>
      </trkpt>
      <trkpt lat="46.53767" lon="-121.45418">
        <ele>2053.55</ele>
      </trkpt>
      <trkpt lat="46.53768" lon="-121.45428">
        <ele>2051.26</ele>
      </trkpt>
      <trkpt lat="46.53771" lon="-121.45435">
        <ele>2049.59</ele>
      </trkpt>
      <trkpt lat="46.53784" lon="-121.45447">
        <ele>2048.75</ele>
      </trkpt>
      <trkpt lat="46.5379" lon="-121.4545">
        <ele>2048.2</ele>
      </trkpt>
      <trkpt lat="46.53795" lon="-121.45455">
        <ele>2046.56</ele>
      </trkpt>
      <trkpt lat="46.53834" lon="-121.45503">
        <ele>2038.42</ele>
      </trkpt>
      <trkpt lat="46.53858" lon="-121.45519">
        <ele>2037.56</ele>
      </trkpt>
      <trkpt lat="46.53868" lon="-121.45519">
        <ele>2038.68</ele>
      </trkpt>
      <trkpt lat="46.53888" lon="-121.45543">
        <ele>2036.88</ele>
      </trkpt>
      <trkpt lat="46.53899" lon="-121.45545">
        <ele>2038.36</ele>
      </trkpt>
      <trkpt lat="46.5391" lon="-121.45552">
        <ele>2038.33</ele>
      </trkpt>
      <trkpt lat="46.53914" lon="-121.45561">
        <ele>2037.08</ele>
      </trkpt>
      <trkpt lat="46.53936" lon="-121.45568">
        <ele>2040.77</ele>
      </trkpt>
      <trkpt lat="46.53965" lon="-121.45601">
        <ele>2041.29</ele>
      </trkpt>
      <trkpt lat="46.5398" lon="-121.45608">
        <ele>2041.05</ele>
      </trkpt>
      <trkpt lat="46.53985" lon="-121.45615">
        <ele>2041.0</ele>
      </trkpt>
      <trkpt lat="46.53988" lon="-121.4563">
        <ele>2039.61</ele>
      </trkpt>
      <trkpt lat="46.54015" lon="-121.45693">
        <ele>2036.79</ele>
      </trkpt>
      <trkpt lat="46.54058" lon="-121.45775">
        <ele>2025.99</ele>
      </trkpt>
      <trkpt lat="46.54125" lon="-121.45835">
        <ele>2021.46</ele>
      </trkpt>
      <trkpt lat="46.54134" lon="-121.45837">
        <ele>2023.23</ele>
      </trkpt>
      <trkpt lat="46.5414" lon="-121.45828">
        <ele>2027.9</ele>
      </trkpt>
      <trkpt lat="46.54142" lon="-121.45815">
        <ele>2031.95</ele>
      </trkpt>
      <trkpt lat="46.54142" lon="-121.45805">
        <ele>2034.43</ele>
      </trkpt>
      <trkpt lat="46.54143" lon="-121.45796">
        <ele>2035.72</ele>
      </trkpt>
      <trkpt lat="46.54151" lon="-121.45776">
        <ele>2034.65</ele>
      </trkpt>
      <trkpt lat="46.54155" lon="-121.45755">
        <ele>2035.02</ele>
      </trkpt>
      <trkpt lat="46.54165" lon="-121.45727">
        <ele>2031.17</ele>
      </trkpt>
      <trkpt lat="46.54182" lon="-121.45687">
        <ele>2021.0</ele>
      </trkpt>
      <trkpt lat="46.54193" lon="-121.45648">
        <ele>2014.09</ele>
      </trkpt>
      <trkpt lat="46.54195" lon="-121.45627">
        <ele>2012.97</ele>
      </trkpt>
      <trkpt lat="46.54193" lon="-121.45603">
        <ele>2015.94</ele>
      </trkpt>
      <trkpt lat="46.54198" lon="-121.45563">
        <ele>2006.92</ele>
      </trkpt>
      <trkpt lat="46.54198" lon="-121.45525">
        <ele>2001.6</ele>
      </trkpt>
      <trkpt lat="46.54202" lon="-121.45493">
        <ele>1993.1</ele>
      </trkpt>
      <trkpt lat="46.54207" lon="-121.45479">
        <ele>1989.11</ele>
      </trkpt>
      <trkpt lat="46.54227" lon="-121.45453">
        <ele>1980.33</ele>
      </trkpt>
      <trkpt lat="46.54232" lon="-121.45439">
        <ele>1977.38</ele>
      </trkpt>
      <trkpt lat="46.54245" lon="-121.45416">
        <ele>1971.89</ele>
      </trkpt>
      <trkpt lat="46.54248" lon="-121.45399">
        <ele>1968.4</ele>
      </trkpt>
      <trkpt lat="46.54259" lon="-121.45381">
        <ele>1965.3</ele>
      </trkpt>
      <trkpt lat="46.54259" lon="-121.45367">
        <ele>1963.64</ele>
      </trkpt>
      <trkpt lat="46.54258" lon="-121.45358">
        <ele>1962.66</ele>
      </trkpt>
      <trkpt lat="46.54249" lon="-121.45345">
        <ele>1961.18</ele>
      </trkpt>
      <trkpt lat="46.54237" lon="-121.45333">
        <ele>1958.56</ele>
      </trkpt>
      <trkpt lat="46.54205" lon="-121.45314">
        <ele>1952.9</ele>
      </trkpt>
      <trkpt lat="46.54195" lon="-121.45305">
        <ele>1950.94</ele>
      </trkpt>
      <trkpt lat="46.54186" lon="-121.45294">
        <ele>1948.26</ele>
      </trkpt>
      <trkpt lat="46.54181" lon="-121.45282">
        <ele>1944.37</ele>
      </trkpt>
      <trkpt lat="46.54166" lon="-121.45239">
        <ele>1936.55</ele>
      </trkpt>
      <trkpt lat="46.54155" lon="-121.45214">
        <ele>1929.96</ele>
      </trkpt>
      <trkpt lat="46.54148" lon="-121.45203">
        <ele>1926.92</ele>
      </trkpt>
      <trkpt lat="46.54127" lon="-121.45179">
        <ele>1921.1</ele>
      </trkpt>
      <trkpt lat="46.54115" lon="-121.45162">
        <ele>1915.62</ele>
      </trkpt>
      <trkpt lat="46.54106" lon="-121.45166">
        <ele>1915.34</ele>
      </trkpt>
      <trkpt lat="46.54098" lon="-121.45167">
        <ele>1914.61</ele>
      </trkpt>
      <trkpt lat="46.54093" lon="-121.45162">
        <ele>1913.54</ele>
      </trkpt>
      <trkpt lat="46.54083" lon="-121.45147">
        <ele>1913.0</ele>
      </trkpt>
      <trkpt lat="46.54074" lon="-121.45145">
        <ele>1912.66</ele>
      </trkpt>
      <trkpt lat="46.54068" lon="-121.45139">
        <ele>1912.66</ele>
      </trkpt>
      <trkpt lat="46.54064" lon="-121.45132">
        <ele>1912.32</ele>
      </trkpt>
      <trkpt lat="46.54061" lon="-121.45121">
        <ele>1912.03</ele>
      </trkpt>
      <trkpt lat="46.54058" lon="-121.45093">
        <ele>1911.75</ele>
      </trkpt>
      <trkpt lat="46.54058" lon="-121.45027">
        <ele>1912.14</ele>
      </trkpt>
      <trkpt lat="46.54055" lon="-121.45002">
        <ele>1911.96</ele>
      </trkpt>
      <trkpt lat="46.54055" lon="-121.44985">
        <ele>1906.38</ele>
      </trkpt>
      <trkpt lat="46.54057" lon="-121.44976">
        <ele>1903.44</ele>
      </trkpt>
      <trkpt lat="46.54064" lon="-121.44962">
        <ele>1901.82</ele>
      </trkpt>
      <trkpt lat="46.54066" lon="-121.4496">
        <ele>1901.72</ele>
      </trkpt>
      <trkpt lat="46.54067" lon="-121.44956">
        <ele>1901.43</ele>
      </trkpt>
      <trkpt lat="46.54066" lon="-121.44952">
        <ele>1901.1</ele>
      </trkpt>
      <trkpt lat="46.54062" lon="-121.44949">
        <ele>1901.0</ele>
      </trkpt>
      <trkpt lat="46.54057" lon="-121.44942">
        <ele>1900.74</ele>
      </trkpt>
      <trkpt lat="46.54049" lon="-121.44934">
        <ele>1900.62</ele>
      </trkpt>
      <trkpt lat="46.54038" lon="-121.44914">
        <ele>1900.64</ele>
      </trkpt>
      <trkpt lat="46.54013" lon="-121.4484">
        <ele>1899.89</ele>
      </trkpt>
      <trkpt lat="46.54002" lon="-121.44812">
        <ele>1899.72</ele>
      </trkpt>
      <trkpt lat="46.53985" lon="-121.44744">
        <ele>1897.59</ele>
      </trkpt>
      <trkpt lat="46.53984" lon="-121.44707">
        <ele>1893.17</ele>
      </trkpt>
      <trkpt lat="46.53985" lon="-121.44699">
        <ele>1891.42</ele>
      </trkpt>
      <trkpt lat="46.53989" lon="-121.44683">
        <ele>1887.9</ele>
      </trkpt>
      <trkpt lat="46.5399" lon="-121.44662">
        <ele>1883.66</ele>
      </trkpt>
      <trkpt lat="46.53999" lon="-121.44647">
        <ele>1879.09</ele>
      </trkpt>
      <trkpt lat="46.54001" lon="-121.44638">
        <ele>1877.49</ele>
      </trkpt>
      <trkpt lat="46.54002" lon="-121.4462">
        <ele>1874.28</ele>
      </trkpt>
      <trkpt lat="46.54007" lon="-121.44583">
        <ele>1866.21</ele>
      </trkpt>
      <trkpt lat="46.54011" lon="-121.44566">
        <ele>1862.9</ele>
      </trkpt>
      <trkpt lat="46.54015" lon="-121.44554">
        <ele>1859.15</ele>
      </trkpt>
      <trkpt lat="46.54024" lon="-121.44531">
        <ele>1854.1</ele>
      </trkpt>
      <trkpt lat="46.54026" lon="-121.44522">
        <ele>1851.82</ele>
      </trkpt>
      <trkpt lat="46.54026" lon="-121.44515">
        <ele>1849.86</ele>
      </trkpt>
      <trkpt lat="46.54022" lon="-121.44507">
        <ele>1847.27</ele>
      </trkpt>
      <trkpt lat="46.5402" lon="-121.44504">
        <ele>1846.3</ele>
      </trkpt>
      <trkpt lat="46.54011" lon="-121.44497">
        <ele>1844.9</ele>
      </trkpt>
      <trkpt lat="46.54007" lon="-121.44493">
        <ele>1843.92</ele>
      </trkpt>
      <trkpt lat="46.54005" lon="-121.44489">
        <ele>1843.19</ele>
      </trkpt>
      <trkpt lat="46.54001" lon="-121.44462">
        <ele>1840.9</ele>
      </trkpt>
      <trkpt lat="46.53999" lon="-121.44457">
        <ele>1840.32</ele>
      </trkpt>
      <trkpt lat="46.53995" lon="-121.44456">
        <ele>1840.11</ele>
      </trkpt>
      <trkpt lat="46.5399" lon="-121.44458">
        <ele>1840.0</ele>
      </trkpt>
      <trkpt lat="46.5398" lon="-121.44465">
        <ele>1840.22</ele>
      </trkpt>
      <trkpt lat="46.53976" lon="-121.44465">
        <ele>1840.22</ele>
      </trkpt>
      <trkpt lat="46.53973" lon="-121.44462">
        <ele>1840.0</ele>
      </trkpt>
      <trkpt lat="46.53969" lon="-121.44452">
        <ele>1839.82</ele>
      </trkpt>
      <trkpt lat="46.53963" lon="-121.44417">
        <ele>1837.04</ele>
      </trkpt>
      <trkpt lat="46.53962" lon="-121.44401">
        <ele>1835.93</ele>
      </trkpt>
      <trkpt lat="46.53961" lon="-121.44393">
        <ele>1835.23</ele>
      </trkpt>
      <trkpt lat="46.53957" lon="-121.44381">
        <ele>1834.05</ele>
      </trkpt>
      <trkpt lat="46.53952" lon="-121.44376">
        <ele>1833.42</ele>
      </trkpt>
      <trkpt lat="46.5395" lon="-121.44371">
        <ele>1832.67</ele>
      </trkpt>
      <trkpt lat="46.53951" lon="-121.44363">
        <ele>1832.71</ele>
      </trkpt>
      <trkpt lat="46.53958" lon="-121.44336">
        <ele>1831.62</ele>
      </trkpt>
      <trkpt lat="46.53959" lon="-121.44325">
        <ele>1831.57</ele>
      </trkpt>
      <trkpt lat="46.53959" lon="-121.44315">
        <ele>1831.01</ele>
      </trkpt>
      <trkpt lat="46.53957" lon="-121.44309">
        <ele>1830.6</ele>
      </trkpt>
      <trkpt lat="46.53953" lon="-121.44305">
        <ele>1829.73</ele>
      </trkpt>
      <trkpt lat="46.53938" lon="-121.44308">
        <ele>1826.87</ele>
      </trkpt>
      <trkpt lat="46.53931" lon="-121.44312">
        <ele>1825.65</ele>
      </trkpt>
      <trkpt lat="46.53921" lon="-121.44328">
        <ele>1825.05</ele>
      </trkpt>
      <trkpt lat="46.53916" lon="-121.44332">
        <ele>1824.56</ele>
      </trkpt>
      <trkpt lat="46.5391" lon="-121.44334">
        <ele>1823.68</ele>
      </trkpt>
      <trkpt lat="46.53897" lon="-121.44333">
        <ele>1821.93</ele>
      </trkpt>
      <trkpt lat="46.53889" lon="-121.44328">
        <ele>1820.85</ele>
      </trkpt>
      <trkpt lat="46.53884" lon="-121.44323">
        <ele>1820.3</ele>
      </trkpt>
      <trkpt lat="46.53875" lon="-121.44319">
        <ele>1820.18</ele>
      </trkpt>
      <trkpt lat="46.5387" lon="-121.44313">
        <ele>1819.61</ele>
      </trkpt>
      <trkpt lat="46.53865" lon="-121.44305">
        <ele>1817.88</ele>
      </trkpt>
      <trkpt lat="46.53858" lon="-121.44286">
        <ele>1813.37</ele>
      </trkpt>
      <trkpt lat="46.53848" lon="-121.44271">
        <ele>1809.12</ele>
      </trkpt>
      <trkpt lat="46.53843" lon="-121.44244">
        <ele>1803.73</ele>
      </trkpt>
      <trkpt lat="46.5384" lon="-121.4424">
        <ele>1802.92</ele>
      </trkpt>
      <trkpt lat="46.53827" lon="-121.44231">
        <ele>1801.95</ele>
      </trkpt>
      <trkpt lat="46.53815" lon="-121.44217">
        <ele>1800.86</ele>
      </trkpt>
      <trkpt lat="46.5381" lon="-121.44215">
        <ele>1800.85</ele>
      </trkpt>
      <trkpt lat="46.53798" lon="-121.44219">
        <ele>1801.65</ele>
      </trkpt>
      <trkpt lat="46.53793" lon="-121.44218">
        <ele>1801.9</ele>
      </trkpt>
      <trkpt lat="46.53791" lon="-121.44216">
        <ele>1801.9</ele>
      </trkpt>
      <trkpt lat="46.5379" lon="-121.44212">
        <ele>1801.4</ele>
      </trkpt>
      <trkpt lat="46.53786" lon="-121.44209">
        <ele>1800.83</ele>
      </trkpt>
      <trkpt lat="46.53785" lon="-121.44207">
        <ele>1800.29</ele>
      </trkpt>
      <trkpt lat="46.53784" lon="-121.44195">
        <ele>1795.57</ele>
      </trkpt>
      <trkpt lat="46.53786" lon="-121.44188">
        <ele>1793.64</ele>
      </trkpt>
      <trkpt lat="46.53786" lon="-121.44182">
        <ele>1792.66</ele>
      </trkpt>
      <trkpt lat="46.53788" lon="-121.4417">
        <ele>1791.4</ele>
      </trkpt>
      <trkpt lat="46.53792" lon="-121.4416">
        <ele>1790.61</ele>
      </trkpt>
      <trkpt lat="46.53792" lon="-121.44154">
        <ele>1789.9</ele>
      </trkpt>
      <trkpt lat="46.53792" lon="-121.44149">
        <ele>1789.07</ele>
      </trkpt>
      <trkpt lat="46.53796" lon="-121.44148">
        <ele>1788.05</ele>
      </trkpt>
      <trkpt lat="46.53797" lon="-121.44146">
        <ele>1787.67</ele>
      </trkpt>
      <trkpt lat="46.53796" lon="-121.44142">
        <ele>1787.42</ele>
      </trkpt>
      <trkpt lat="46.53797" lon="-121.4414">
        <ele>1786.98</ele>
      </trkpt>
      <trkpt lat="46.53799" lon="-121.4414">
        <ele>1786.57</ele>
      </trkpt>
      <trkpt lat="46.53801" lon="-121.44138">
        <ele>1785.84</ele>
      </trkpt>
      <trkpt lat="46.53801" lon="-121.44135">
        <ele>1785.36</ele>
      </trkpt>
      <trkpt lat="46.53799" lon="-121.44133">
        <ele>1785.33</ele>
      </trkpt>
      <trkpt lat="46.53799" lon="-121.44131">
        <ele>1784.96</ele>
      </trkpt>
      <trkpt lat="46.53801" lon="-121.44127">
        <ele>1783.78</ele>
      </trkpt>
      <trkpt lat="46.53806" lon="-121.44128">
        <ele>1783.34</ele>
      </trkpt>
      <trkpt lat="46.53807" lon="-121.44125">
        <ele>1782.11</ele>
      </trkpt>
      <trkpt lat="46.53806" lon="-121.44122">
        <ele>1781.42</ele>
      </trkpt>
      <trkpt lat="46.53806" lon="-121.44115">
        <ele>1779.14</ele>
      </trkpt>
      <trkpt lat="46.53808" lon="-121.4411">
        <ele>1776.73</ele>
      </trkpt>
      <trkpt lat="46.53808" lon="-121.44104">
        <ele>1774.14</ele>
      </trkpt>
      <trkpt lat="46.53811" lon="-121.44102">
        <ele>1772.3</ele>
      </trkpt>
      <trkpt lat="46.53819" lon="-121.44103">
        <ele>1770.48</ele>
      </trkpt>
      <trkpt lat="46.5382" lon="-121.44101">
        <ele>1769.6</ele>
      </trkpt>
      <trkpt lat="46.53819" lon="-121.44088">
        <ele>1766.15</ele>
      </trkpt>
      <trkpt lat="46.5382" lon="-121.44084">
        <ele>1764.91</ele>
      </trkpt>
      <trkpt lat="46.53829" lon="-121.44084">
        <ele>1761.62</ele>
      </trkpt>
      <trkpt lat="46.53832" lon="-121.44083">
        <ele>1760.35</ele>
      </trkpt>
      <trkpt lat="46.53835" lon="-121.44071">
        <ele>1756.98</ele>
      </trkpt>
      <trkpt lat="46.53834" lon="-121.44066">
        <ele>1756.11</ele>
      </trkpt>
      <trkpt lat="46.53829" lon="-121.44058">
        <ele>1756.2</ele>
      </trkpt>
      <trkpt lat="46.53829" lon="-121.4405">
        <ele>1755.62</ele>
      </trkpt>
      <trkpt lat="46.5383" lon="-121.44042">
        <ele>1755.54</ele>
      </trkpt>
      <trkpt lat="46.53833" lon="-121.44033">
        <ele>1755.56</ele>
      </trkpt>
      <trkpt lat="46.53834" lon="-121.44022">
        <ele>1756.36</ele>
      </trkpt>
      <trkpt lat="46.53837" lon="-121.44015">
        <ele>1755.8</ele>
      </trkpt>
      <trkpt lat="46.5384" lon="-121.44005">
        <ele>1755.71</ele>
      </trkpt>
      <trkpt lat="46.53843" lon="-121.44004">
        <ele>1754.39</ele>
      </trkpt>
      <trkpt lat="46.53848" lon="-121.43998">
        <ele>1752.88</ele>
      </trkpt>
      <trkpt lat="46.53853" lon="-121.43988">
        <ele>1751.38</ele>
      </trkpt>
      <trkpt lat="46.53861" lon="-121.43959">
        <ele>1748.05</ele>
      </trkpt>
      <trkpt lat="46.53868" lon="-121.43937">
        <ele>1745.02</ele>
      </trkpt>
      <trkpt lat="46.53873" lon="-121.4393">
        <ele>1743.15</ele>
      </trkpt>
      <trkpt lat="46.53875" lon="-121.43913">
        <ele>1742.5</ele>
      </trkpt>
      <trkpt lat="46.53882" lon="-121.43892">
        <ele>1739.48</ele>
      </trkpt>
      <trkpt lat="46.53887" lon="-121.43887">
        <ele>1737.61</ele>
      </trkpt>
      <trkpt lat="46.53888" lon="-121.43879">
        <ele>1737.23</ele>
      </trkpt>
      <trkpt lat="46.53911" lon="-121.43836">
        <ele>1731.76</ele>
      </trkpt>
      <trkpt lat="46.53927" lon="-121.43801">
        <ele>1733.69</ele>
      </trkpt>
      <trkpt lat="46.53937" lon="-121.4377">
        <ele>1732.41</ele>
      </trkpt>
      <trkpt lat="46.53943" lon="-121.43759">
        <ele>1730.31</ele>
      </trkpt>
      <trkpt lat="46.53945" lon="-121.43749">
        <ele>1729.88</ele>
      </trkpt>
      <trkpt lat="46.53948" lon="-121.43743">
        <ele>1729.23</ele>
      </trkpt>
      <trkpt lat="46.53948" lon="-121.43738">
        <ele>1729.41</ele>
      </trkpt>
      <trkpt lat="46.53947" lon="-121.43725">
        <ele>1730.37</ele>
      </trkpt>
      <trkpt lat="46.53951" lon="-121.43708">
        <ele>1730.41</ele>
      </trkpt>
      <trkpt lat="46.53953" lon="-121.43704">
        <ele>1730.2</ele>
      </trkpt>
      <trkpt lat="46.53954" lon="-121.43696">
        <ele>1729.9</ele>
      </trkpt>
      <trkpt lat="46.53953" lon="-121.43687">
        <ele>1730.97</ele>
      </trkpt>
      <trkpt lat="46.53954" lon="-121.43665">
        <ele>1730.94</ele>
      </trkpt>
      <trkpt lat="46.5395" lon="-121.43645">
        <ele>1732.14</ele>
      </trkpt>
      <trkpt lat="46.53929" lon="-121.43606">
        <ele>1748.56</ele>
      </trkpt>
      <trkpt lat="46.53923" lon="-121.43588">
        <ele>1752.44</ele>
      </trkpt>
      <trkpt lat="46.53923" lon="-121.43581">
        <ele>1753.2</ele>
      </trkpt>
      <trkpt lat="46.53926" lon="-121.43572">
        <ele>1753.2</ele>
      </trkpt>
      <trkpt lat="46.53939" lon="-121.43547">
        <ele>1752.18</ele>
      </trkpt>
      <trkpt lat="46.53941" lon="-121.43537">
        <ele>1752.75</ele>
      </trkpt>
      <trkpt lat="46.53954" lon="-121.43519">
        <ele>1751.85</ele>
      </trkpt>
      <trkpt lat="46.53954" lon="-121.43514">
        <ele>1752.39</ele>
      </trkpt>
      <trkpt lat="46.5395" lon="-121.43514">
        <ele>1753.29</ele>
      </trkpt>
      <trkpt lat="46.53943" lon="-121.43519">
        <ele>1754.1</ele>
      </trkpt>
      <trkpt lat="46.53934" lon="-121.43527">
        <ele>1754.34</ele>
      </trkpt>
      <trkpt lat="46.53891" lon="-121.43558">
        <ele>1766.62</ele>
      </trkpt>
      <trkpt lat="46.53874" lon="-121.43585">
        <ele>1769.14</ele>
      </trkpt>
      <trkpt lat="46.53871" lon="-121.43584">
        <ele>1770.59</ele>
      </trkpt>
      <trkpt lat="46.53872" lon="-121.4358">
        <ele>1771.25</ele>
      </trkpt>
      <trkpt lat="46.53877" lon="-121.4357">
        <ele>1770.58</ele>
      </trkpt>
      <trkpt lat="46.53885" lon="-121.43544">
        <ele>1771.35</ele>
      </trkpt>
      <trkpt lat="46.539" lon="-121.43514">
        <ele>1768.79</ele>
      </trkpt>
      <trkpt lat="46.53922" lon="-121.43479">
        <ele>1770.81</ele>
      </trkpt>
      <trkpt lat="46.53938" lon="-121.43474">
        <ele>1766.21</ele>
      </trkpt>
      <trkpt lat="46.5394" lon="-121.4347">
        <ele>1766.64</ele>
      </trkpt>
      <trkpt lat="46.53936" lon="-121.43468">
        <ele>1769.02</ele>
      </trkpt>
      <trkpt lat="46.53926" lon="-121.4347">
        <ele>1771.7</ele>
      </trkpt>
      <trkpt lat="46.53911" lon="-121.43468">
        <ele>1776.14</ele>
      </trkpt>
      <trkpt lat="46.5388" lon="-121.43486">
        <ele>1774.02</ele>
      </trkpt>
      <trkpt lat="46.5387" lon="-121.43489">
        <ele>1774.76</ele>
      </trkpt>
      <trkpt lat="46.53869" lon="-121.43483">
        <ele>1773.89</ele>
      </trkpt>
      <trkpt lat="46.53871" lon="-121.43476">
        <ele>1773.45</ele>
      </trkpt>
      <trkpt lat="46.53877" lon="-121.43468">
        <ele>1773.72</ele>
      </trkpt>
      <trkpt lat="46.5388" lon="-121.43456">
        <ele>1774.11</ele>
      </trkpt>
      <trkpt lat="46.53884" lon="-121.43439">
        <ele>1773.99</ele>
      </trkpt>
      <trkpt lat="46.5389" lon="-121.43417">
        <ele>1774.63</ele>
      </trkpt>
      <trkpt lat="46.53892" lon="-121.43401">
        <ele>1774.88</ele>
      </trkpt>
      <trkpt lat="46.53893" lon="-121.43385">
        <ele>1773.8</ele>
      </trkpt>
      <trkpt lat="46.53892" lon="-121.43371">
        <ele>1772.68</ele>
      </trkpt>
      <trkpt lat="46.53893" lon="-121.43355">
        <ele>1773.78</ele>
      </trkpt>
      <trkpt lat="46.53891" lon="-121.43331">
        <ele>1770.89</ele>
      </trkpt>
      <trkpt lat="46.53892" lon="-121.43282">
        <ele>1770.5</ele>
      </trkpt>
      <trkpt lat="46.53901" lon="-121.43247">
        <ele>1767.05</ele>
      </trkpt>
      <trkpt lat="46.539" lon="-121.43212">
        <ele>1757.92</ele>
      </trkpt>
      <trkpt lat="46.53895" lon="-121.43174">
        <ele>1755.03</ele>
      </trkpt>
      <trkpt lat="46.53897" lon="-121.43143">
        <ele>1756.38</ele>
      </trkpt>
      <trkpt lat="46.53898" lon="-121.43129">
        <ele>1755.93</ele>
      </trkpt>
      <trkpt lat="46.53903" lon="-121.43112">
        <ele>1757.67</ele>
      </trkpt>
      <trkpt lat="46.53913" lon="-121.43093">
        <ele>1758.65</ele>
      </trkpt>
      <trkpt lat="46.53918" lon="-121.43086">
        <ele>1757.72</ele>
      </trkpt>
      <trkpt lat="46.53924" lon="-121.43081">
        <ele>1757.29</ele>
      </trkpt>
      <trkpt lat="46.53936" lon="-121.43081">
        <ele>1757.41</ele>
      </trkpt>
      <trkpt lat="46.53971" lon="-121.43093">
        <ele>1753.31</ele>
      </trkpt>
      <trkpt lat="46.53989" lon="-121.43104">
        <ele>1750.98</ele>
      </trkpt>
      <trkpt lat="46.53992" lon="-121.43109">
        <ele>1751.27</ele>
      </trkpt>
      <trkpt lat="46.53994" lon="-121.43106">
        <ele>1750.19</ele>
      </trkpt>
      <trkpt lat="46.53988" lon="-121.43096">
        <ele>1750.07</ele>
      </trkpt>
      <trkpt lat="46.53975" lon="-121.43064">
        <ele>1748.31</ele>
      </trkpt>
      <trkpt lat="46.53971" lon="-121.43057">
        <ele>1748.31</ele>
      </trkpt>
      <trkpt lat="46.53965" lon="-121.4304">
        <ele>1746.88</ele>
      </trkpt>
      <trkpt lat="46.53958" lon="-121.43019">
        <ele>1745.15</ele>
      </trkpt>
      <trkpt lat="46.53956" lon="-121.42983">
        <ele>1736.08</ele>
      </trkpt>
      <trkpt lat="46.53961" lon="-121.42963">
        <ele>1733.22</ele>
      </trkpt>
      <trkpt lat="46.53962" lon="-121.42956">
        <ele>1731.6</ele>
      </trkpt>
      <trkpt lat="46.53961" lon="-121.42949">
        <ele>1730.2</ele>
      </trkpt>
      <trkpt lat="46.53949" lon="-121.42926">
        <ele>1725.51</ele>
      </trkpt>
      <trkpt lat="46.53942" lon="-121.42915">
        <ele>1722.11</ele>
      </trkpt>
      <trkpt lat="46.53932" lon="-121.42906">
        <ele>1718.01</ele>
      </trkpt>
      <trkpt lat="46.53924" lon="-121.42904">
        <ele>1715.85</ele>
      </trkpt>
      <trkpt lat="46.53913" lon="-121.42906">
        <ele>1713.57</ele>
      </trkpt>
      <trkpt lat="46.53904" lon="-121.42912">
        <ele>1711.71</ele>
      </trkpt>
      <trkpt lat="46.53895" lon="-121.42921">
        <ele>1709.11</ele>
      </trkpt>
      <trkpt lat="46.53888" lon="-121.42938">
        <ele>1709.91</ele>
      </trkpt>
      <trkpt lat="46.53883" lon="-121.42936">
        <ele>1709.26</ele>
      </trkpt>
      <trkpt lat="46.53883" lon="-121.42906">
        <ele>1701.11</ele>
      </trkpt>
      <trkpt lat="46.53886" lon="-121.42893">
        <ele>1700.02</ele>
      </trkpt>
      <trkpt lat="46.53896" lon="-121.42879">
        <ele>1703.42</ele>
      </trkpt>
      <trkpt lat="46.53903" lon="-121.42866">
        <ele>1702.16</ele>
      </trkpt>
      <trkpt lat="46.53911" lon="-121.42843">
        <ele>1696.91</ele>
      </trkpt>
      <trkpt lat="46.53916" lon="-121.42787">
        <ele>1694.71</ele>
      </trkpt>
      <trkpt lat="46.53908" lon="-121.42759">
        <ele>1687.36</ele>
      </trkpt>
      <trkpt lat="46.53906" lon="-121.42746">
        <ele>1684.22</ele>
      </trkpt>
      <trkpt lat="46.53907" lon="-121.42709">
        <ele>1676.97</ele>
      </trkpt>
      <trkpt lat="46.5391" lon="-121.42694">
        <ele>1675.76</ele>
      </trkpt>
      <trkpt lat="46.53915" lon="-121.42682">
        <ele>1676.22</ele>
      </trkpt>
      <trkpt lat="46.53915" lon="-121.42666">
        <ele>1675.33</ele>
      </trkpt>
      <trkpt lat="46.53907" lon="-121.42646">
        <ele>1671.74</ele>
      </trkpt>
      <trkpt lat="46.53906" lon="-121.42631">
        <ele>1671.09</ele>
      </trkpt>
      <trkpt lat="46.53912" lon="-121.42571">
        <ele>1667.65</ele>
      </trkpt>
      <trkpt lat="46.53917" lon="-121.42542">
        <ele>1663.25</ele>
      </trkpt>
      <trkpt lat="46.53924" lon="-121.42513">
        <ele>1661.77</ele>
      </trkpt>
      <trkpt lat="46.53924" lon="-121.42481">
        <ele>1656.91</ele>
      </trkpt>
      <trkpt lat="46.5392" lon="-121.42478">
        <ele>1654.42</ele>
      </trkpt>
      <trkpt lat="46.53912" lon="-121.42496">
        <ele>1652.84</ele>
      </trkpt>
      <trkpt lat="46.53904" lon="-121.4251">
        <ele>1651.69</ele>
      </trkpt>
      <trkpt lat="46.53892" lon="-121.42527">
        <ele>1649.87</ele>
      </trkpt>
      <trkpt lat="46.53885" lon="-121.42546">
        <ele>1649.84</ele>
      </trkpt>
      <trkpt lat="46.53881" lon="-121.42564">
        <ele>1650.5</ele>
      </trkpt>
      <trkpt lat="46.53874" lon="-121.42581">
        <ele>1650.06</ele>
      </trkpt>
      <trkpt lat="46.53859" lon="-121.42618">
        <ele>1644.12</ele>
      </trkpt>
      <trkpt lat="46.53855" lon="-121.42612">
        <ele>1642.6</ele>
      </trkpt>
      <trkpt lat="46.53862" lon="-121.42583">
        <ele>1643.5</ele>
      </trkpt>
      <trkpt lat="46.53863" lon="-121.42564">
        <ele>1639.16</ele>
      </trkpt>
      <trkpt lat="46.53863" lon="-121.42428">
        <ele>1617.07</ele>
      </trkpt>
      <trkpt lat="46.53865" lon="-121.42413">
        <ele>1615.96</ele>
      </trkpt>
      <trkpt lat="46.5387" lon="-121.42397">
        <ele>1616.68</ele>
      </trkpt>
      <trkpt lat="46.53885" lon="-121.42379">
        <ele>1623.79</ele>
      </trkpt>
      <trkpt lat="46.53899" lon="-121.42353">
        <ele>1625.62</ele>
      </trkpt>
      <trkpt lat="46.5392" lon="-121.4233">
        <ele>1627.23</ele>
      </trkpt>
      <trkpt lat="46.53947" lon="-121.42295">
        <ele>1623.13</ele>
      </trkpt>
      <trkpt lat="46.5396" lon="-121.4227">
        <ele>1618.52</ele>
      </trkpt>
      <trkpt lat="46.53973" lon="-121.42233">
        <ele>1607.58</ele>
      </trkpt>
      <trkpt lat="46.5398" lon="-121.42226">
        <ele>1606.16</ele>
      </trkpt>
      <trkpt lat="46.53997" lon="-121.42222">
        <ele>1605.94</ele>
      </trkpt>
      <trkpt lat="46.54007" lon="-121.42216">
        <ele>1605.66</ele>
      </trkpt>
      <trkpt lat="46.54017" lon="-121.42216">
        <ele>1607.66</ele>
      </trkpt>
      <trkpt lat="46.54017" lon="-121.42208">
        <ele>1605.06</ele>
      </trkpt>
      <trkpt lat="46.54" lon="-121.42202">
        <ele>1600.45</ele>
      </trkpt>
      <trkpt lat="46.53992" lon="-121.42193">
        <ele>1597.53</ele>
      </trkpt>
      <trkpt lat="46.53963" lon="-121.42185">
        <ele>1592.92</ele>
      </trkpt>
      <trkpt lat="46.53952" lon="-121.42169">
        <ele>1586.27</ele>
      </trkpt>
      <trkpt lat="46.53943" lon="-121.42169">
        <ele>1585.1</ele>
      </trkpt>
      <trkpt lat="46.53936" lon="-121.42171">
        <ele>1584.56</ele>
      </trkpt>
      <trkpt lat="46.53908" lon="-121.42191">
        <ele>1584.69</ele>
      </trkpt>
      <trkpt lat="46.53899" lon="-121.42196">
        <ele>1585.18</ele>
      </trkpt>
      <trkpt lat="46.53889" lon="-121.42192">
        <ele>1583.75</ele>
      </trkpt>
      <trkpt lat="46.53889" lon="-121.42177">
        <ele>1582.13</ele>
      </trkpt>
      <trkpt lat="46.53885" lon="-121.42151">
        <ele>1579.89</ele>
      </trkpt>
      <trkpt lat="46.53889" lon="-121.42117">
        <ele>1577.0</ele>
      </trkpt>
      <trkpt lat="46.53892" lon="-121.42105">
        <ele>1576.0</ele>
      </trkpt>
      <trkpt lat="46.53896" lon="-121.42096">
        <ele>1575.09</ele>
      </trkpt>
      <trkpt lat="46.5391" lon="-121.42082">
        <ele>1572.96</ele>
      </trkpt>
      <trkpt lat="46.53923" lon="-121.42082">
        <ele>1572.86</ele>
      </trkpt>
      <trkpt lat="46.53936" lon="-121.42076">
        <ele>1572.02</ele>
      </trkpt>
      <trkpt lat="46.53951" lon="-121.42067">
        <ele>1570.53</ele>
      </trkpt>
      <trkpt lat="46.53967" lon="-121.42065">
        <ele>1569.59</ele>
      </trkpt>
      <trkpt lat="46.53983" lon="-121.42068">
        <ele>1569.34</ele>
      </trkpt>
      <trkpt lat="46.54003" lon="-121.42085">
        <ele>1572.36</ele>
      </trkpt>
      <trkpt lat="46.54027" lon="-121.42099">
        <ele>1574.41</ele>
      </trkpt>
      <trkpt lat="46.54044" lon="-121.42117">
        <ele>1577.0</ele>
      </trkpt>
      <trkpt lat="46.54052" lon="-121.42121">
        <ele>1577.52</ele>
      </trkpt>
      <trkpt lat="46.54066" lon="-121.42122">
        <ele>1576.12</ele>
      </trkpt>
      <trkpt lat="46.54083" lon="-121.42119">
        <ele>1572.89</ele>
      </trkpt>
      <trkpt lat="46.54102" lon="-121.42118">
        <ele>1570.46</ele>
      </trkpt>
      <trkpt lat="46.54113" lon="-121.42122">
        <ele>1568.94</ele>
      </trkpt>
      <trkpt lat="46.54122" lon="-121.42123">
        <ele>1567.27</ele>
      </trkpt>
      <trkpt lat="46.54135" lon="-121.4212">
        <ele>1564.92</ele>
      </trkpt>
      <trkpt lat="46.54147" lon="-121.42113">
        <ele>1564.28</ele>
      </trkpt>
      <trkpt lat="46.54161" lon="-121.42095">
        <ele>1562.36</ele>
      </trkpt>
      <trkpt lat="46.54173" lon="-121.42073">
        <ele>1560.17</ele>
      </trkpt>
      <trkpt lat="46.54191" lon="-121.42052">
        <ele>1560.49</ele>
      </trkpt>
      <trkpt lat="46.54202" lon="-121.42018">
        <ele>1555.53</ele>
      </trkpt>
      <trkpt lat="46.54208" lon="-121.41996">
        <ele>1553.06</ele>
      </trkpt>
      <trkpt lat="46.54219" lon="-121.41978">
        <ele>1552.93</ele>
      </trkpt>
      <trkpt lat="46.54225" lon="-121.41961">
        <ele>1552.18</ele>
      </trkpt>
      <trkpt lat="46.54243" lon="-121.41927">
        <ele>1548.69</ele>
      </trkpt>
      <trkpt lat="46.54255" lon="-121.41896">
        <ele>1544.85</ele>
      </trkpt>
      <trkpt lat="46.54268" lon="-121.41873">
        <ele>1544.17</ele>
      </trkpt>
      <trkpt lat="46.54275" lon="-121.41858">
        <ele>1543.06</ele>
      </trkpt>
      <trkpt lat="46.54287" lon="-121.41848">
        <ele>1543.58</ele>
      </trkpt>
      <trkpt lat="46.543" lon="-121.41836">
        <ele>1543.8</ele>
      </trkpt>
      <trkpt lat="46.54337" lon="-121.41809">
        <ele>1542.99</ele>
      </trkpt>
      <trkpt lat="46.54346" lon="-121.41806">
        <ele>1543.05</ele>
      </trkpt>
      <trkpt lat="46.54367" lon="-121.41802">
        <ele>1541.62</ele>
      </trkpt>
      <trkpt lat="46.54372" lon="-121.41798">
        <ele>1541.18</ele>
      </trkpt>
      <trkpt lat="46.54382" lon="-121.41782">
        <ele>1538.46</ele>
      </trkpt>
      <trkpt lat="46.54389" lon="-121.41769">
        <ele>1538.02</ele>
      </trkpt>
      <trkpt lat="46.54398" lon="-121.41765">
        <ele>1540.34</ele>
      </trkpt>
      <trkpt lat="46.54408" lon="-121.41767">
        <ele>1543.36</ele>
      </trkpt>
      <trkpt lat="46.54417" lon="-121.41778">
        <ele>1546.07</ele>
      </trkpt>
      <trkpt lat="46.5442" lon="-121.41801">
        <ele>1546.36</ele>
      </trkpt>
      <trkpt lat="46.54428" lon="-121.41812">
        <ele>1547.29</ele>
      </trkpt>
      <trkpt lat="46.54454" lon="-121.41839">
        <ele>1550.04</ele>
      </trkpt>
      <trkpt lat="46.54462" lon="-121.41854">
        <ele>1550.58</ele>
      </trkpt>
      <trkpt lat="46.54476" lon="-121.41872">
        <ele>1552.82</ele>
      </trkpt>
      <trkpt lat="46.54493" lon="-121.41884">
        <ele>1555.49</ele>
      </trkpt>
      <trkpt lat="46.54508" lon="-121.41907">
        <ele>1557.73</ele>
      </trkpt>
      <trkpt lat="46.54532" lon="-121.4196">
        <ele>1557.78</ele>
      </trkpt>
      <trkpt lat="46.54538" lon="-121.41981">
        <ele>1556.16</ele>
      </trkpt>
      <trkpt lat="46.54549" lon="-121.41996">
        <ele>1555.32</ele>
      </trkpt>
      <trkpt lat="46.54562" lon="-121.42026">
        <ele>1552.02</ele>
      </trkpt>
      <trkpt lat="46.54571" lon="-121.42036">
        <ele>1551.85</ele>
      </trkpt>
      <trkpt lat="46.54582" lon="-121.42041">
        <ele>1552.92</ele>
      </trkpt>
      <trkpt lat="46.54594" lon="-121.42039">
        <ele>1554.73</ele>
      </trkpt>
      <trkpt lat="46.54612" lon="-121.42028">
        <ele>1557.95</ele>
      </trkpt>
      <trkpt lat="46.5463" lon="-121.42021">
        <ele>1559.73</ele>
      </trkpt>
      <trkpt lat="46.54638" lon="-121.42011">
        <ele>1561.62</ele>
      </trkpt>
      <trkpt lat="46.54642" lon="-121.42015">
        <ele>1561.3</ele>
      </trkpt>
      <trkpt lat="46.54639" lon="-121.42034">
        <ele>1558.35</ele>
      </trkpt>
      <trkpt lat="46.54639" lon="-121.42052">
        <ele>1555.8</ele>
      </trkpt>
      <trkpt lat="46.54636" lon="-121.42067">
        <ele>1552.9</ele>
      </trkpt>
      <trkpt lat="46.54638" lon="-121.42072">
        <ele>1552.26</ele>
      </trkpt>
      <trkpt lat="46.54645" lon="-121.4207">
        <ele>1554.57</ele>
      </trkpt>
      <trkpt lat="46.54667" lon="-121.42073">
        <ele>1559.16</ele>
      </trkpt>
      <trkpt lat="46.54671" lon="-121.42094">
        <ele>1556.24</ele>
      </trkpt>
      <trkpt lat="46.54672" lon="-121.42109">
        <ele>1553.94</ele>
      </trkpt>
      <trkpt lat="46.5467" lon="-121.42125">
        <ele>1551.18</ele>
      </trkpt>
      <trkpt lat="46.54676" lon="-121.42138">
        <ele>1549.2</ele>
      </trkpt>
      <trkpt lat="46.54684" lon="-121.42141">
        <ele>1549.42</ele>
      </trkpt>
      <trkpt lat="46.54693" lon="-121.42141">
        <ele>1550.39</ele>
      </trkpt>
      <trkpt lat="46.54702" lon="-121.4214">
        <ele>1550.76</ele>
      </trkpt>
      <trkpt lat="46.54714" lon="-121.42135">
        <ele>1551.84</ele>
      </trkpt>
      <trkpt lat="46.54718" lon="-121.42128">
        <ele>1553.35</ele>
      </trkpt>
      <trkpt lat="46.54721" lon="-121.42118">
        <ele>1555.51</ele>
      </trkpt>
      <trkpt lat="46.54726" lon="-121.42105">
        <ele>1558.32</ele>
      </trkpt>
      <trkpt lat="46.5474" lon="-121.42102">
        <ele>1558.05</ele>
      </trkpt>
      <trkpt lat="46.54751" lon="-121.42091">
        <ele>1560.25</ele>
      </trkpt>
      <trkpt lat="46.54773" lon="-121.42081">
        <ele>1562.24</ele>
      </trkpt>
      <trkpt lat="46.54785" lon="-121.42083">
        <ele>1563.67</ele>
      </trkpt>
      <trkpt lat="46.54794" lon="-121.4209">
        <ele>1564.06</ele>
      </trkpt>
      <trkpt lat="46.54799" lon="-121.4211">
        <ele>1559.91</ele>
      </trkpt>
      <trkpt lat="46.54807" lon="-121.42116">
        <ele>1559.42</ele>
      </trkpt>
      <trkpt lat="46.5482" lon="-121.42116">
        <ele>1559.42</ele>
      </trkpt>
      <trkpt lat="46.54846" lon="-121.42104">
        <ele>1561.02</ele>
      </trkpt>
      <trkpt lat="46.54867" lon="-121.42091">
        <ele>1565.15</ele>
      </trkpt>
      <trkpt lat="46.54877" lon="-121.4209">
        <ele>1566.56</ele>
      </trkpt>
      <trkpt lat="46.54882" lon="-121.42096">
        <ele>1565.15</ele>
      </trkpt>
      <trkpt lat="46.54878" lon="-121.4212">
        <ele>1558.11</ele>
      </trkpt>
      <trkpt lat="46.54882" lon="-121.4213">
        <ele>1554.88</ele>
      </trkpt>
      <trkpt lat="46.54892" lon="-121.42131">
        <ele>1554.89</ele>
      </trkpt>
      <trkpt lat="46.54906" lon="-121.42122">
        <ele>1558.62</ele>
      </trkpt>
      <trkpt lat="46.54919" lon="-121.42118">
        <ele>1560.51</ele>
      </trkpt>
      <trkpt lat="46.54928" lon="-121.42119">
        <ele>1560.3</ele>
      </trkpt>
      <trkpt lat="46.54939" lon="-121.42125">
        <ele>1559.0</ele>
      </trkpt>
      <trkpt lat="46.54947" lon="-121.42126">
        <ele>1558.51</ele>
      </trkpt>
      <trkpt lat="46.54966" lon="-121.4212">
        <ele>1557.75</ele>
      </trkpt>
      <trkpt lat="46.54977" lon="-121.42111">
        <ele>1558.51</ele>
      </trkpt>
      <trkpt lat="46.54992" lon="-121.42124">
        <ele>1555.08</ele>
      </trkpt>
      <trkpt lat="46.5501" lon="-121.42115">
        <ele>1556.16</ele>
      </trkpt>
      <trkpt lat="46.55014" lon="-121.42118">
        <ele>1555.51</ele>
      </trkpt>
      <trkpt lat="46.55016" lon="-121.4213">
        <ele>1552.92</ele>
      </trkpt>
      <trkpt lat="46.55023" lon="-121.42143">
        <ele>1550.83</ele>
      </trkpt>
      <trkpt lat="46.55032" lon="-121.42154">
        <ele>1549.37</ele>
      </trkpt>
      <trkpt lat="46.55058" lon="-121.42172">
        <ele>1549.69</ele>
      </trkpt>
      <trkpt lat="46.55066" lon="-121.4218">
        <ele>1549.69</ele>
      </trkpt>
      <trkpt lat="46.55075" lon="-121.4219">
        <ele>1549.58</ele>
      </trkpt>
      <trkpt lat="46.55084" lon="-121.42209">
        <ele>1548.5</ele>
      </trkpt>
      <trkpt lat="46.55089" lon="-121.42226">
        <ele>1545.8</ele>
      </trkpt>
      <trkpt lat="46.5509" lon="-121.42245">
        <ele>1541.8</ele>
      </trkpt>
      <trkpt lat="46.55082" lon="-121.4226">
        <ele>1537.7</ele>
      </trkpt>
      <trkpt lat="46.55078" lon="-121.42275">
        <ele>1534.32</ele>
      </trkpt>
      <trkpt lat="46.5508" lon="-121.42284">
        <ele>1532.94</ele>
      </trkpt>
      <trkpt lat="46.55084" lon="-121.42293">
        <ele>1531.78</ele>
      </trkpt>
      <trkpt lat="46.55105" lon="-121.42314">
        <ele>1529.55</ele>
      </trkpt>
      <trkpt lat="46.55124" lon="-121.42329">
        <ele>1526.4</ele>
      </trkpt>
      <trkpt lat="46.55138" lon="-121.42339">
        <ele>1524.07</ele>
      </trkpt>
      <trkpt lat="46.55155" lon="-121.42344">
        <ele>1520.8</ele>
      </trkpt>
      <trkpt lat="46.55167" lon="-121.42343">
        <ele>1519.8</ele>
      </trkpt>
      <trkpt lat="46.55193" lon="-121.42321">
        <ele>1519.98</ele>
      </trkpt>
      <trkpt lat="46.55201" lon="-121.42315">
        <ele>1519.54</ele>
      </trkpt>
      <trkpt lat="46.55203" lon="-121.42305">
        <ele>1521.27</ele>
      </trkpt>
      <trkpt lat="46.55203" lon="-121.4229">
        <ele>1524.46</ele>
      </trkpt>
      <trkpt lat="46.55207" lon="-121.42286">
        <ele>1524.08</ele>
      </trkpt>
      <trkpt lat="46.55232" lon="-121.42285">
        <ele>1516.05</ele>
      </trkpt>
      <trkpt lat="46.5525" lon="-121.4227">
        <ele>1510.84</ele>
      </trkpt>
      <trkpt lat="46.5526" lon="-121.4227">
        <ele>1506.45</ele>
      </trkpt>
      <trkpt lat="46.5527" lon="-121.42274">
        <ele>1501.43</ele>
      </trkpt>
      <trkpt lat="46.55281" lon="-121.42286">
        <ele>1496.96</ele>
      </trkpt>
      <trkpt lat="46.5529" lon="-121.42289">
        <ele>1494.04</ele>
      </trkpt>
      <trkpt lat="46.55299" lon="-121.42281">
        <ele>1491.12</ele>
      </trkpt>
      <trkpt lat="46.553" lon="-121.42265">
        <ele>1490.17</ele>
      </trkpt>
      <trkpt lat="46.55295" lon="-121.42248">
        <ele>1491.56</ele>
      </trkpt>
      <trkpt lat="46.55294" lon="-121.42242">
        <ele>1491.99</ele>
      </trkpt>
      <trkpt lat="46.553" lon="-121.42236">
        <ele>1488.89</ele>
      </trkpt>
      <trkpt lat="46.55304" lon="-121.42225">
        <ele>1486.67</ele>
      </trkpt>
      <trkpt lat="46.55306" lon="-121.42201">
        <ele>1486.09</ele>
      </trkpt>
      <trkpt lat="46.55301" lon="-121.42146">
        <ele>1491.46</ele>
      </trkpt>
      <trkpt lat="46.55302" lon="-121.42109">
        <ele>1491.92</ele>
      </trkpt>
      <trkpt lat="46.55301" lon="-121.42051">
        <ele>1492.21</ele>
      </trkpt>
      <trkpt lat="46.55299" lon="-121.42027">
        <ele>1491.54</ele>
      </trkpt>
      <trkpt lat="46.55301" lon="-121.42007">
        <ele>1489.1</ele>
      </trkpt>
      <trkpt lat="46.5531" lon="-121.41992">
        <ele>1482.74</ele>
      </trkpt>
      <trkpt lat="46.55317" lon="-121.41976">
        <ele>1477.23</ele>
      </trkpt>
      <trkpt lat="46.55338" lon="-121.41979">
        <ele>1466.72</ele>
      </trkpt>
      <trkpt lat="46.55365" lon="-121.42005">
        <ele>1460.16</ele>
      </trkpt>
      <trkpt lat="46.55377" lon="-121.42012">
        <ele>1457.27</ele>
      </trkpt>
      <trkpt lat="46.55388" lon="-121.42006">
        <ele>1456.45</ele>
      </trkpt>
      <trkpt lat="46.55399" lon="-121.42006">
        <ele>1456.35</ele>
      </trkpt>
      <trkpt lat="46.55429" lon="-121.42042">
        <ele>1454.64</ele>
      </trkpt>
      <trkpt lat="46.55442" lon="-121.42052">
        <ele>1454.84</ele>
      </trkpt>
      <trkpt lat="46.5546" lon="-121.42044">
        <ele>1456.17</ele>
      </trkpt>
      <trkpt lat="46.55466" lon="-121.42047">
        <ele>1455.92</ele>
      </trkpt>
      <trkpt lat="46.55464" lon="-121.42075">
        <ele>1452.9</ele>
      </trkpt>
      <trkpt lat="46.55473" lon="-121.42085">
        <ele>1451.74</ele>
      </trkpt>
      <trkpt lat="46.55482" lon="-121.42087">
        <ele>1450.58</ele>
      </trkpt>
      <trkpt lat="46.5549" lon="-121.42087">
        <ele>1450.24</ele>
      </trkpt>
      <trkpt lat="46.5551" lon="-121.4209">
        <ele>1448.22</ele>
      </trkpt>
      <trkpt lat="46.5553" lon="-121.42088">
        <ele>1447.99</ele>
      </trkpt>
      <trkpt lat="46.55541" lon="-121.4208">
        <ele>1449.09</ele>
      </trkpt>
      <trkpt lat="46.55549" lon="-121.42078">
        <ele>1449.15</ele>
      </trkpt>
      <trkpt lat="46.55553" lon="-121.42086">
        <ele>1447.42</ele>
      </trkpt>
      <trkpt lat="46.5556" lon="-121.42086">
        <ele>1447.42</ele>
      </trkpt>
      <trkpt lat="46.55572" lon="-121.42075">
        <ele>1449.8</ele>
      </trkpt>
      <trkpt lat="46.55578" lon="-121.42075">
        <ele>1449.84</ele>
      </trkpt>
      <trkpt lat="46.55581" lon="-121.4208">
        <ele>1449.2</ele>
      </trkpt>
      <trkpt lat="46.55579" lon="-121.42093">
        <ele>1447.47</ele>
      </trkpt>
      <trkpt lat="46.55583" lon="-121.42103">
        <ele>1446.8</ele>
      </trkpt>
      <trkpt lat="46.5559" lon="-121.42109">
        <ele>1447.67</ele>
      </trkpt>
      <trkpt lat="46.55596" lon="-121.42103">
        <ele>1449.61</ele>
      </trkpt>
      <trkpt lat="46.55614" lon="-121.42093">
        <ele>1454.58</ele>
      </trkpt>
      <trkpt lat="46.55624" lon="-121.42088">
        <ele>1457.47</ele>
      </trkpt>
      <trkpt lat="46.55634" lon="-121.42089">
        <ele>1459.72</ele>
      </trkpt>
      <trkpt lat="46.5564" lon="-121.42094">
        <ele>1460.19</ele>
      </trkpt>
      <trkpt lat="46.5565" lon="-121.42102">
        <ele>1461.38</ele>
      </trkpt>
      <trkpt lat="46.55671" lon="-121.42132">
        <ele>1461.42</ele>
      </trkpt>
      <trkpt lat="46.55679" lon="-121.42139">
        <ele>1461.65</ele>
      </trkpt>
      <trkpt lat="46.55686" lon="-121.42142">
        <ele>1462.9</ele>
      </trkpt>
      <trkpt lat="46.55696" lon="-121.42141">
        <ele>1466.22</ele>
      </trkpt>
      <trkpt lat="46.55706" lon="-121.42153">
        <ele>1468.34</ele>
      </trkpt>
      <trkpt lat="46.55719" lon="-121.42157">
        <ele>1472.04</ele>
      </trkpt>
      <trkpt lat="46.55724" lon="-121.42165">
        <ele>1471.74</ele>
      </trkpt>
      <trkpt lat="46.55724" lon="-121.42179">
        <ele>1469.59</ele>
      </trkpt>
      <trkpt lat="46.55723" lon="-121.422">
        <ele>1465.93</ele>
      </trkpt>
      <trkpt lat="46.55727" lon="-121.42218">
        <ele>1463.22</ele>
      </trkpt>
      <trkpt lat="46.55734" lon="-121.42229">
        <ele>1463.35</ele>
      </trkpt>
      <trkpt lat="46.55746" lon="-121.42243">
        <ele>1466.46</ele>
      </trkpt>
      <trkpt lat="46.55756" lon="-121.42259">
        <ele>1468.62</ele>
      </trkpt>
      <trkpt lat="46.55763" lon="-121.42279">
        <ele>1468.08</ele>
      </trkpt>
      <trkpt lat="46.55784" lon="-121.42306">
        <ele>1470.92</ele>
      </trkpt>
      <trkpt lat="46.55796" lon="-121.42315">
        <ele>1472.88</ele>
      </trkpt>
      <trkpt lat="46.55816" lon="-121.42336">
        <ele>1476.06</ele>
      </trkpt>
      <trkpt lat="46.55836" lon="-121.42354">
        <ele>1477.82</ele>
      </trkpt>
      <trkpt lat="46.55849" lon="-121.4236">
        <ele>1477.24</ele>
      </trkpt>
      <trkpt lat="46.55866" lon="-121.4236">
        <ele>1478.24</ele>
      </trkpt>
      <trkpt lat="46.55884" lon="-121.42354">
        <ele>1479.43</ele>
      </trkpt>
      <trkpt lat="46.55902" lon="-121.42344">
        <ele>1480.63</ele>
      </trkpt>
      <trkpt lat="46.55924" lon="-121.42339">
        <ele>1480.37</ele>
      </trkpt>
      <trkpt lat="46.55944" lon="-121.42331">
        <ele>1481.52</ele>
      </trkpt>
      <trkpt lat="46.55949" lon="-121.42337">
        <ele>1481.98</ele>
      </trkpt>
      <trkpt lat="46.55948" lon="-121.42349">
        <ele>1481.54</ele>
      </trkpt>
      <trkpt lat="46.55942" lon="-121.42378">
        <ele>1480.55</ele>
      </trkpt>
      <trkpt lat="46.55944" lon="-121.42393">
        <ele>1482.25</ele>
      </trkpt>
      <trkpt lat="46.55949" lon="-121.42406">
        <ele>1484.97</ele>
      </trkpt>
      <trkpt lat="46.55959" lon="-121.42419">
        <ele>1487.89</ele>
      </trkpt>
      <trkpt lat="46.5598" lon="-121.42435">
        <ele>1488.86</ele>
      </trkpt>
      <trkpt lat="46.56004" lon="-121.42443">
        <ele>1487.31</ele>
      </trkpt>
      <trkpt lat="46.56031" lon="-121.42449">
        <ele>1487.36</ele>
      </trkpt>
      <trkpt lat="46.56064" lon="-121.42462">
        <ele>1486.21</ele>
      </trkpt>
      <trkpt lat="46.56077" lon="-121.42463">
        <ele>1485.99</ele>
      </trkpt>
      <trkpt lat="46.56105" lon="-121.42455">
        <ele>1487.25</ele>
      </trkpt>
      <trkpt lat="46.5611" lon="-121.4245">
        <ele>1488.28</ele>
      </trkpt>
      <trkpt lat="46.56115" lon="-121.42456">
        <ele>1489.26</ele>
      </trkpt>
      <trkpt lat="46.56113" lon="-121.42498">
        <ele>1488.61</ele>
      </trkpt>
      <trkpt lat="46.56117" lon="-121.4251">
        <ele>1488.46</ele>
      </trkpt>
      <trkpt lat="46.56126" lon="-121.42518">
        <ele>1490.88</ele>
      </trkpt>
      <trkpt lat="46.56132" lon="-121.42536">
        <ele>1489.99</ele>
      </trkpt>
      <trkpt lat="46.56143" lon="-121.42557">
        <ele>1489.11</ele>
      </trkpt>
      <trkpt lat="46.56151" lon="-121.42568">
        <ele>1489.24</ele>
      </trkpt>
      <trkpt lat="46.56161" lon="-121.42577">
        <ele>1489.83</ele>
      </trkpt>
      <trkpt lat="46.56179" lon="-121.42582">
        <ele>1489.43</ele>
      </trkpt>
      <trkpt lat="46.5619" lon="-121.42583">
        <ele>1488.59</ele>
      </trkpt>
      <trkpt lat="46.56202" lon="-121.42581">
        <ele>1487.73</ele>
      </trkpt>
      <trkpt lat="46.56216" lon="-121.42576">
        <ele>1486.79</ele>
      </trkpt>
      <trkpt lat="46.56223" lon="-121.42576">
        <ele>1485.57</ele>
      </trkpt>
      <trkpt lat="46.56239" lon="-121.42581">
        <ele>1482.94</ele>
      </trkpt>
      <trkpt lat="46.56244" lon="-121.42583">
        <ele>1482.1</ele>
      </trkpt>
      <trkpt lat="46.56252" lon="-121.42577">
        <ele>1483.15</ele>
      </trkpt>
      <trkpt lat="46.56263" lon="-121.42565">
        <ele>1483.17</ele>
      </trkpt>
      <trkpt lat="46.56268" lon="-121.42554">
        <ele>1484.28</ele>
      </trkpt>
      <trkpt lat="46.5627" lon="-121.42536">
        <ele>1485.54</ele>
      </trkpt>
      <trkpt lat="46.56279" lon="-121.42518">
        <ele>1483.78</ele>
      </trkpt>
      <trkpt lat="46.56285" lon="-121.42489">
        <ele>1482.66</ele>
      </trkpt>
      <trkpt lat="46.56287" lon="-121.42453">
        <ele>1482.01</ele>
      </trkpt>
      <trkpt lat="46.56284" lon="-121.42423">
        <ele>1486.99</ele>
      </trkpt>
      <trkpt lat="46.56289" lon="-121.4242">
        <ele>1487.99</ele>
      </trkpt>
      <trkpt lat="46.56306" lon="-121.42436">
        <ele>1487.87</ele>
      </trkpt>
      <trkpt lat="46.56325" lon="-121.42439">
        <ele>1488.18</ele>
      </trkpt>
      <trkpt lat="46.56335" lon="-121.42442">
        <ele>1487.53</ele>
      </trkpt>
      <trkpt lat="46.56353" lon="-121.42469">
        <ele>1479.37</ele>
      </trkpt>
      <trkpt lat="46.56363" lon="-121.42477">
        <ele>1480.48</ele>
      </trkpt>
      <trkpt lat="46.56374" lon="-121.42478">
        <ele>1482.92</ele>
      </trkpt>
      <trkpt lat="46.56382" lon="-121.42476">
        <ele>1484.44</ele>
      </trkpt>
      <trkpt lat="46.5639" lon="-121.42468">
        <ele>1486.51</ele>
      </trkpt>
      <trkpt lat="46.56402" lon="-121.42448">
        <ele>1489.62</ele>
      </trkpt>
      <trkpt lat="46.56412" lon="-121.42438">
        <ele>1491.05</ele>
      </trkpt>
      <trkpt lat="46.56426" lon="-121.42431">
        <ele>1491.44</ele>
      </trkpt>
      <trkpt lat="46.56456" lon="-121.42425">
        <ele>1489.85</ele>
      </trkpt>
      <trkpt lat="46.5648" lon="-121.42415">
        <ele>1488.19</ele>
      </trkpt>
      <trkpt lat="46.56507" lon="-121.42398">
        <ele>1488.0</ele>
      </trkpt>
      <trkpt lat="46.56534" lon="-121.42375">
        <ele>1489.0</ele>
      </trkpt>
      <trkpt lat="46.56544" lon="-121.42376">
        <ele>1489.24</ele>
      </trkpt>
      <trkpt lat="46.56568" lon="-121.42385">
        <ele>1491.11</ele>
      </trkpt>
      <trkpt lat="46.56578" lon="-121.42386">
        <ele>1492.74</ele>
      </trkpt>
      <trkpt lat="46.56586" lon="-121.42385">
        <ele>1493.59</ele>
      </trkpt>
      <trkpt lat="46.56595" lon="-121.42376">
        <ele>1494.65</ele>
      </trkpt>
      <trkpt lat="46.56602" lon="-121.42371">
        <ele>1495.93</ele>
      </trkpt>
      <trkpt lat="46.56604" lon="-121.42366">
        <ele>1496.11</ele>
      </trkpt>
      <trkpt lat="46.56613" lon="-121.42339">
        <ele>1498.0</ele>
      </trkpt>
      <trkpt lat="46.56616" lon="-121.42322">
        <ele>1499.0</ele>
      </trkpt>
      <trkpt lat="46.56619" lon="-121.4231">
        <ele>1499.52</ele>
      </trkpt>
      <trkpt lat="46.56628" lon="-121.42308">
        <ele>1499.95</ele>
      </trkpt>
      <trkpt lat="46.56642" lon="-121.42309">
        <ele>1500.63</ele>
      </trkpt>
      <trkpt lat="46.56655" lon="-121.42315">
        <ele>1499.99</ele>
      </trkpt>
      <trkpt lat="46.56679" lon="-121.42348">
        <ele>1498.42</ele>
      </trkpt>
      <trkpt lat="46.56687" lon="-121.42354">
        <ele>1497.77</ele>
      </trkpt>
      <trkpt lat="46.56703" lon="-121.42359">
        <ele>1497.23</ele>
      </trkpt>
      <trkpt lat="46.56721" lon="-121.42356">
        <ele>1497.55</ele>
      </trkpt>
      <trkpt lat="46.56743" lon="-121.42327">
        <ele>1499.68</ele>
      </trkpt>
      <trkpt lat="46.56754" lon="-121.42318">
        <ele>1500.28</ele>
      </trkpt>
      <trkpt lat="46.56768" lon="-121.42331">
        <ele>1500.0</ele>
      </trkpt>
      <trkpt lat="46.56766" lon="-121.42362">
        <ele>1498.0</ele>
      </trkpt>
      <trkpt lat="46.56762" lon="-121.42372">
        <ele>1497.88</ele>
      </trkpt>
      <trkpt lat="46.56769" lon="-121.42402">
        <ele>1496.64</ele>
      </trkpt>
      <trkpt lat="46.56777" lon="-121.42415">
        <ele>1496.92</ele>
      </trkpt>
      <trkpt lat="46.56786" lon="-121.42426">
        <ele>1498.66</ele>
      </trkpt>
      <trkpt lat="46.56808" lon="-121.42442">
        <ele>1496.26</ele>
      </trkpt>
      <trkpt lat="46.56823" lon="-121.42442">
        <ele>1494.06</ele>
      </trkpt>
      <trkpt lat="46.56851" lon="-121.42434">
        <ele>1498.35</ele>
      </trkpt>
      <trkpt lat="46.56883" lon="-121.42426">
        <ele>1498.99</ele>
      </trkpt>
      <trkpt lat="46.56907" lon="-121.42395">
        <ele>1501.0</ele>
      </trkpt>
      <trkpt lat="46.56919" lon="-121.42377">
        <ele>1502.0</ele>
      </trkpt>
      <trkpt lat="46.56942" lon="-121.42316">
        <ele>1503.0</ele>
      </trkpt>
      <trkpt lat="46.56952" lon="-121.42276">
        <ele>1500.47</ele>
      </trkpt>
      <trkpt lat="46.56958" lon="-121.42258">
        <ele>1497.86</ele>
      </trkpt>
      <trkpt lat="46.56966" lon="-121.42245">
        <ele>1496.46</ele>
      </trkpt>
      <trkpt lat="46.5697" lon="-121.42235">
        <ele>1495.38</ele>
      </trkpt>
      <trkpt lat="46.56969" lon="-121.42221">
        <ele>1494.52</ele>
      </trkpt>
      <trkpt lat="46.56975" lon="-121.42171">
        <ele>1487.91</ele>
      </trkpt>
      <trkpt lat="46.56986" lon="-121.42116">
        <ele>1489.95</ele>
      </trkpt>
      <trkpt lat="46.56997" lon="-121.4203">
        <ele>1487.62</ele>
      </trkpt>
      <trkpt lat="46.56996" lon="-121.41978">
        <ele>1489.84</ele>
      </trkpt>
      <trkpt lat="46.5699" lon="-121.41931">
        <ele>1485.56</ele>
      </trkpt>
      <trkpt lat="46.5699" lon="-121.41904">
        <ele>1484.57</ele>
      </trkpt>
      <trkpt lat="46.57001" lon="-121.41853">
        <ele>1486.43</ele>
      </trkpt>
      <trkpt lat="46.57002" lon="-121.41838">
        <ele>1486.86</ele>
      </trkpt>
      <trkpt lat="46.57" lon="-121.41815">
        <ele>1485.02</ele>
      </trkpt>
      <trkpt lat="46.57017" lon="-121.41765">
        <ele>1483.42</ele>
      </trkpt>
      <trkpt lat="46.57034" lon="-121.41732">
        <ele>1486.82</ele>
      </trkpt>
      <trkpt lat="46.57043" lon="-121.41723">
        <ele>1488.69</ele>
      </trkpt>
      <trkpt lat="46.57046" lon="-121.41707">
        <ele>1488.23</ele>
      </trkpt>
      <trkpt lat="46.57046" lon="-121.41694">
        <ele>1486.82</ele>
      </trkpt>
      <trkpt lat="46.57047" lon="-121.4168">
        <ele>1485.63</ele>
      </trkpt>
      <trkpt lat="46.57055" lon="-121.41666">
        <ele>1485.68</ele>
      </trkpt>
      <trkpt lat="46.57064" lon="-121.41655">
        <ele>1484.39</ele>
      </trkpt>
      <trkpt lat="46.57073" lon="-121.41653">
        <ele>1483.16</ele>
      </trkpt>
      <trkpt lat="46.57082" lon="-121.41653">
        <ele>1482.19</ele>
      </trkpt>
      <trkpt lat="46.57108" lon="-121.4167">
        <ele>1483.06</ele>
      </trkpt>
      <trkpt lat="46.5712" lon="-121.41684">
        <ele>1484.78</ele>
      </trkpt>
      <trkpt lat="46.57136" lon="-121.41688">
        <ele>1485.13</ele>
      </trkpt>
      <trkpt lat="46.57147" lon="-121.41697">
        <ele>1486.68</ele>
      </trkpt>
      <trkpt lat="46.57155" lon="-121.41697">
        <ele>1487.09</ele>
      </trkpt>
      <trkpt lat="46.57183" lon="-121.41692">
        <ele>1491.26</ele>
      </trkpt>
      <trkpt lat="46.57194" lon="-121.41688">
        <ele>1492.26</ele>
      </trkpt>
      <trkpt lat="46.57197" lon="-121.41684">
        <ele>1492.15</ele>
      </trkpt>
      <trkpt lat="46.57193" lon="-121.41678">
        <ele>1490.95</ele>
      </trkpt>
      <trkpt lat="46.57196" lon="-121.41671">
        <ele>1490.19</ele>
      </trkpt>
      <trkpt lat="46.57205" lon="-121.41671">
        <ele>1491.53</ele>
      </trkpt>
      <trkpt lat="46.57228" lon="-121.41661">
        <ele>1491.63</ele>
      </trkpt>
      <trkpt lat="46.57241" lon="-121.41654">
        <ele>1491.29</ele>
      </trkpt>
      <trkpt lat="46.57267" lon="-121.41656">
        <ele>1494.66</ele>
      </trkpt>
      <trkpt lat="46.57276" lon="-121.41653">
        <ele>1495.72</ele>
      </trkpt>
      <trkpt lat="46.57279" lon="-121.41647">
        <ele>1496.01</ele>
      </trkpt>
      <trkpt lat="46.57277" lon="-121.41634">
        <ele>1494.3</ele>
      </trkpt>
      <trkpt lat="46.57278" lon="-121.41615">
        <ele>1493.03</ele>
      </trkpt>
      <trkpt lat="46.57281" lon="-121.41606">
        <ele>1492.8</ele>
      </trkpt>
      <trkpt lat="46.57295" lon="-121.41581">
        <ele>1492.47</ele>
      </trkpt>
      <trkpt lat="46.57299" lon="-121.41571">
        <ele>1492.25</ele>
      </trkpt>
      <trkpt lat="46.57305" lon="-121.41568">
        <ele>1493.22</ele>
      </trkpt>
      <trkpt lat="46.57322" lon="-121.41568">
        <ele>1497.55</ele>
      </trkpt>
      <trkpt lat="46.57329" lon="-121.41565">
        <ele>1499.59</ele>
      </trkpt>
      <trkpt lat="46.57333" lon="-121.41562">
        <ele>1500.9</ele>
      </trkpt>
      <trkpt lat="46.57337" lon="-121.41545">
        <ele>1501.79</ele>
      </trkpt>
      <trkpt lat="46.57339" lon="-121.41484">
        <ele>1501.46</ele>
      </trkpt>
      <trkpt lat="46.57342" lon="-121.4147">
        <ele>1503.48</ele>
      </trkpt>
      <trkpt lat="46.57332" lon="-121.41449">
        <ele>1507.09</ele>
      </trkpt>
      <trkpt lat="46.57314" lon="-121.41424">
        <ele>1512.49</ele>
      </trkpt>
      <trkpt lat="46.5731" lon="-121.41416">
        <ele>1514.07</ele>
      </trkpt>
      <trkpt lat="46.57303" lon="-121.41409">
        <ele>1514.83</ele>
      </trkpt>
      <trkpt lat="46.573" lon="-121.41401">
        <ele>1515.69</ele>
      </trkpt>
      <trkpt lat="46.57303" lon="-121.41392">
        <ele>1516.66</ele>
      </trkpt>
      <trkpt lat="46.57313" lon="-121.41397">
        <ele>1516.12</ele>
      </trkpt>
      <trkpt lat="46.57321" lon="-121.41398">
        <ele>1516.02</ele>
      </trkpt>
      <trkpt lat="46.57328" lon="-121.4139">
        <ele>1516.88</ele>
      </trkpt>
      <trkpt lat="46.57333" lon="-121.41377">
        <ele>1519.28</ele>
      </trkpt>
      <trkpt lat="46.57334" lon="-121.41352">
        <ele>1522.98</ele>
      </trkpt>
      <trkpt lat="46.57362" lon="-121.41312">
        <ele>1532.82</ele>
      </trkpt>
      <trkpt lat="46.57371" lon="-121.41303">
        <ele>1534.76</ele>
      </trkpt>
      <trkpt lat="46.57393" lon="-121.41299">
        <ele>1532.24</ele>
      </trkpt>
      <trkpt lat="46.57398" lon="-121.41294">
        <ele>1532.78</ele>
      </trkpt>
      <trkpt lat="46.57408" lon="-121.41289">
        <ele>1532.58</ele>
      </trkpt>
      <trkpt lat="46.57418" lon="-121.41274">
        <ele>1534.49</ele>
      </trkpt>
      <trkpt lat="46.57441" lon="-121.41256">
        <ele>1539.51</ele>
      </trkpt>
      <trkpt lat="46.57451" lon="-121.4125">
        <ele>1543.83</ele>
      </trkpt>
      <trkpt lat="46.57458" lon="-121.4124">
        <ele>1546.86</ele>
      </trkpt>
      <trkpt lat="46.5746" lon="-121.41227">
        <ele>1547.57</ele>
      </trkpt>
      <trkpt lat="46.57457" lon="-121.41214">
        <ele>1544.89</ele>
      </trkpt>
      <trkpt lat="46.57458" lon="-121.41198">
        <ele>1542.88</ele>
      </trkpt>
      <trkpt lat="46.5747" lon="-121.4115">
        <ele>1550.69</ele>
      </trkpt>
      <trkpt lat="46.57476" lon="-121.41109">
        <ele>1555.73</ele>
      </trkpt>
      <trkpt lat="46.57473" lon="-121.41083">
        <ele>1554.42</ele>
      </trkpt>
      <trkpt lat="46.57469" lon="-121.41066">
        <ele>1552.61</ele>
      </trkpt>
      <trkpt lat="46.57472" lon="-121.41052">
        <ele>1555.7</ele>
      </trkpt>
      <trkpt lat="46.57489" lon="-121.41027">
        <ele>1565.35</ele>
      </trkpt>
      <trkpt lat="46.5749" lon="-121.41014">
        <ele>1567.7</ele>
      </trkpt>
      <trkpt lat="46.57484" lon="-121.40996">
        <ele>1566.89</ele>
      </trkpt>
      <trkpt lat="46.57472" lon="-121.4095">
        <ele>1563.78</ele>
      </trkpt>
      <trkpt lat="46.57445" lon="-121.40911">
        <ele>1566.31</ele>
      </trkpt>
      <trkpt lat="46.57428" lon="-121.40895">
        <ele>1566.05</ele>
      </trkpt>
      <trkpt lat="46.57421" lon="-121.40886">
        <ele>1566.93</ele>
      </trkpt>
      <trkpt lat="46.57406" lon="-121.40858">
        <ele>1569.47</ele>
      </trkpt>
      <trkpt lat="46.574" lon="-121.40844">
        <ele>1571.1</ele>
      </trkpt>
      <trkpt lat="46.57399" lon="-121.40827">
        <ele>1573.93</ele>
      </trkpt>
      <trkpt lat="46.57403" lon="-121.40811">
        <ele>1577.26</ele>
      </trkpt>
      <trkpt lat="46.57403" lon="-121.408">
        <ele>1578.17</ele>
      </trkpt>
      <trkpt lat="46.57405" lon="-121.40785">
        <ele>1579.9</ele>
      </trkpt>
      <trkpt lat="46.57399" lon="-121.40772">
        <ele>1575.21</ele>
      </trkpt>
      <trkpt lat="46.57397" lon="-121.40763">
        <ele>1573.11</ele>
      </trkpt>
      <trkpt lat="46.57399" lon="-121.40755">
        <ele>1573.84</ele>
      </trkpt>
      <trkpt lat="46.57407" lon="-121.40749">
        <ele>1577.08</ele>
      </trkpt>
      <trkpt lat="46.57415" lon="-121.40745">
        <ele>1582.11</ele>
      </trkpt>
      <trkpt lat="46.57417" lon="-121.40749">
        <ele>1583.14</ele>
      </trkpt>
      <trkpt lat="46.57416" lon="-121.4076">
        <ele>1583.65</ele>
      </trkpt>
      <trkpt lat="46.57418" lon="-121.40773">
        <ele>1585.43</ele>
      </trkpt>
      <trkpt lat="46.57428" lon="-121.40787">
        <ele>1588.45</ele>
      </trkpt>
      <trkpt lat="46.57436" lon="-121.40794">
        <ele>1589.51</ele>
      </trkpt>
      <trkpt lat="46.57449" lon="-121.40793">
        <ele>1594.01</ele>
      </trkpt>
      <trkpt lat="46.57461" lon="-121.40781">
        <ele>1598.58</ele>
      </trkpt>
      <trkpt lat="46.57476" lon="-121.40771">
        <ele>1601.41</ele>
      </trkpt>
      <trkpt lat="46.57515" lon="-121.40761">
        <ele>1609.55</ele>
      </trkpt>
      <trkpt lat="46.57525" lon="-121.40755">
        <ele>1611.54</ele>
      </trkpt>
      <trkpt lat="46.57538" lon="-121.40744">
        <ele>1613.52</ele>
      </trkpt>
      <trkpt lat="46.57545" lon="-121.40737">
        <ele>1614.37</ele>
      </trkpt>
      <trkpt lat="46.57548" lon="-121.40727">
        <ele>1614.46</ele>
      </trkpt>
      <trkpt lat="46.57548" lon="-121.40714">
        <ele>1613.64</ele>
      </trkpt>
      <trkpt lat="46.57542" lon="-121.40685">
        <ele>1611.09</ele>
      </trkpt>
      <trkpt lat="46.57536" lon="-121.40669">
        <ele>1612.38</ele>
      </trkpt>
      <trkpt lat="46.57536" lon="-121.40656">
        <ele>1614.19</ele>
      </trkpt>
      <trkpt lat="46.57535" lon="-121.4064">
        <ele>1616.66</ele>
      </trkpt>
      <trkpt lat="46.57532" lon="-121.40629">
        <ele>1618.52</ele>
      </trkpt>
      <trkpt lat="46.57522" lon="-121.40618">
        <ele>1618.17</ele>
      </trkpt>
      <trkpt lat="46.57498" lon="-121.40605">
        <ele>1617.32</ele>
      </trkpt>
      <trkpt lat="46.57472" lon="-121.40602">
        <ele>1618.97</ele>
      </trkpt>
      <trkpt lat="46.57473" lon="-121.40596">
        <ele>1620.18</ele>
      </trkpt>
      <trkpt lat="46.5748" lon="-121.4059">
        <ele>1620.68</ele>
      </trkpt>
      <trkpt lat="46.57489" lon="-121.40589">
        <ele>1620.46</ele>
      </trkpt>
      <trkpt lat="46.57499" lon="-121.40582">
        <ele>1620.4</ele>
      </trkpt>
      <trkpt lat="46.57521" lon="-121.40574">
        <ele>1622.55</ele>
      </trkpt>
      <trkpt lat="46.5753" lon="-121.40567">
        <ele>1626.06</ele>
      </trkpt>
      <trkpt lat="46.57533" lon="-121.40557">
        <ele>1627.97</ele>
      </trkpt>
      <trkpt lat="46.57538" lon="-121.40547">
        <ele>1631.07</ele>
      </trkpt>
      <trkpt lat="46.57539" lon="-121.40528">
        <ele>1634.38</ele>
      </trkpt>
      <trkpt lat="46.57537" lon="-121.40519">
        <ele>1634.94</ele>
      </trkpt>
      <trkpt lat="46.57532" lon="-121.40508">
        <ele>1636.59</ele>
      </trkpt>
      <trkpt lat="46.57529" lon="-121.40496">
        <ele>1637.62</ele>
      </trkpt>
      <trkpt lat="46.5753" lon="-121.40485">
        <ele>1639.57</ele>
      </trkpt>
      <trkpt lat="46.57548" lon="-121.40432">
        <ele>1646.37</ele>
      </trkpt>
      <trkpt lat="46.57561" lon="-121.40417">
        <ele>1649.76</ele>
      </trkpt>
      <trkpt lat="46.57564" lon="-121.40392">
        <ele>1651.46</ele>
      </trkpt>
      <trkpt lat="46.57575" lon="-121.40376">
        <ele>1656.59</ele>
      </trkpt>
      <trkpt lat="46.57581" lon="-121.40363">
        <ele>1659.09</ele>
      </trkpt>
      <trkpt lat="46.57582" lon="-121.40352">
        <ele>1659.71</ele>
      </trkpt>
      <trkpt lat="46.57583" lon="-121.4034">
        <ele>1660.89</ele>
      </trkpt>
      <trkpt lat="46.57592" lon="-121.40328">
        <ele>1662.84</ele>
      </trkpt>
      <trkpt lat="46.57597" lon="-121.4032">
        <ele>1664.16</ele>
      </trkpt>
      <trkpt lat="46.57598" lon="-121.40308">
        <ele>1664.75</ele>
      </trkpt>
      <trkpt lat="46.5759" lon="-121.40287">
        <ele>1664.44</ele>
      </trkpt>
      <trkpt lat="46.57574" lon="-121.40255">
        <ele>1664.45</ele>
      </trkpt>
      <trkpt lat="46.57566" lon="-121.40244">
        <ele>1664.21</ele>
      </trkpt>
      <trkpt lat="46.57557" lon="-121.40236">
        <ele>1663.67</ele>
      </trkpt>
      <trkpt lat="46.57514" lon="-121.4021">
        <ele>1657.34</ele>
      </trkpt>
      <trkpt lat="46.57507" lon="-121.40202">
        <ele>1657.12</ele>
      </trkpt>
      <trkpt lat="46.57504" lon="-121.40186">
        <ele>1659.74</ele>
      </trkpt>
      <trkpt lat="46.57508" lon="-121.40174">
        <ele>1662.28</ele>
      </trkpt>
      <trkpt lat="46.57516" lon="-121.40163">
        <ele>1666.25</ele>
      </trkpt>
      <trkpt lat="46.57519" lon="-121.40152">
        <ele>1668.64</ele>
      </trkpt>
      <trkpt lat="46.57522" lon="-121.4012">
        <ele>1673.42</ele>
      </trkpt>
      <trkpt lat="46.57521" lon="-121.40096">
        <ele>1674.9</ele>
      </trkpt>
      <trkpt lat="46.57513" lon="-121.40042">
        <ele>1676.4</ele>
      </trkpt>
      <trkpt lat="46.57516" lon="-121.40026">
        <ele>1677.46</ele>
      </trkpt>
      <trkpt lat="46.57513" lon="-121.40018">
        <ele>1676.81</ele>
      </trkpt>
      <trkpt lat="46.57503" lon="-121.40004">
        <ele>1674.65</ele>
      </trkpt>
      <trkpt lat="46.57464" lon="-121.39939">
        <ele>1667.81</ele>
      </trkpt>
      <trkpt lat="46.57459" lon="-121.39924">
        <ele>1666.92</ele>
      </trkpt>
      <trkpt lat="46.57459" lon="-121.39911">
        <ele>1668.33</ele>
      </trkpt>
      <trkpt lat="46.57463" lon="-121.39897">
        <ele>1671.14</ele>
      </trkpt>
      <trkpt lat="46.57479" lon="-121.39875">
        <ele>1677.93</ele>
      </trkpt>
      <trkpt lat="46.5749" lon="-121.39866">
        <ele>1681.76</ele>
      </trkpt>
      <trkpt lat="46.57522" lon="-121.39854">
        <ele>1690.36</ele>
      </trkpt>
      <trkpt lat="46.57536" lon="-121.39843">
        <ele>1692.71</ele>
      </trkpt>
      <trkpt lat="46.57592" lon="-121.39771">
        <ele>1699.08</ele>
      </trkpt>
      <trkpt lat="46.5762" lon="-121.39743">
        <ele>1703.13</ele>
      </trkpt>
      <trkpt lat="46.57657" lon="-121.39709">
        <ele>1712.94</ele>
      </trkpt>
      <trkpt lat="46.5767" lon="-121.39693">
        <ele>1716.13</ele>
      </trkpt>
      <trkpt lat="46.57689" lon="-121.39665">
        <ele>1717.95</ele>
      </trkpt>
      <trkpt lat="46.57709" lon="-121.39643">
        <ele>1720.6</ele>
      </trkpt>
      <trkpt lat="46.57721" lon="-121.39628">
        <ele>1722.25</ele>
      </trkpt>
      <trkpt lat="46.57753" lon="-121.39603">
        <ele>1727.22</ele>
      </trkpt>
      <trkpt lat="46.57764" lon="-121.39598">
        <ele>1729.19</ele>
      </trkpt>
      <trkpt lat="46.57773" lon="-121.39598">
        <ele>1730.65</ele>
      </trkpt>
      <trkpt lat="46.5778" lon="-121.39603">
        <ele>1732.25</ele>
      </trkpt>
      <trkpt lat="46.57785" lon="-121.39609">
        <ele>1733.54</ele>
      </trkpt>
      <trkpt lat="46.57805" lon="-121.39646">
        <ele>1740.32</ele>
      </trkpt>
      <trkpt lat="46.5781" lon="-121.39664">
        <ele>1744.29</ele>
      </trkpt>
      <trkpt lat="46.57818" lon="-121.39686">
        <ele>1749.92</ele>
      </trkpt>
      <trkpt lat="46.57822" lon="-121.39702">
        <ele>1753.86</ele>
      </trkpt>
      <trkpt lat="46.57831" lon="-121.3972">
        <ele>1756.77</ele>
      </trkpt>
      <trkpt lat="46.57848" lon="-121.39744">
        <ele>1758.18</ele>
      </trkpt>
      <trkpt lat="46.5786" lon="-121.3976">
        <ele>1757.32</ele>
      </trkpt>
      <trkpt lat="46.57873" lon="-121.39769">
        <ele>1755.45</ele>
      </trkpt>
      <trkpt lat="46.579" lon="-121.39786">
        <ele>1755.89</ele>
      </trkpt>
      <trkpt lat="46.57923" lon="-121.39794">
        <ele>1758.27</ele>
      </trkpt>
      <trkpt lat="46.57953" lon="-121.39823">
        <ele>1761.95</ele>
      </trkpt>
      <trkpt lat="46.57963" lon="-121.39837">
        <ele>1764.4</ele>
      </trkpt>
      <trkpt lat="46.5797" lon="-121.39855">
        <ele>1767.18</ele>
      </trkpt>
      <trkpt lat="46.57984" lon="-121.39875">
        <ele>1770.0</ele>
      </trkpt>
      <trkpt lat="46.58" lon="-121.3989">
        <ele>1772.12</ele>
      </trkpt>
      <trkpt lat="46.58012" lon="-121.39908">
        <ele>1774.79</ele>
      </trkpt>
      <trkpt lat="46.58034" lon="-121.3993">
        <ele>1777.21</ele>
      </trkpt>
      <trkpt lat="46.5805" lon="-121.39952">
        <ele>1779.42</ele>
      </trkpt>
      <trkpt lat="46.58068" lon="-121.39993">
        <ele>1783.98</ele>
      </trkpt>
      <trkpt lat="46.58094" lon="-121.40027">
        <ele>1787.92</ele>
      </trkpt>
      <trkpt lat="46.58108" lon="-121.40049">
        <ele>1790.29</ele>
      </trkpt>
      <trkpt lat="46.58121" lon="-121.40064">
        <ele>1791.97</ele>
      </trkpt>
      <trkpt lat="46.58142" lon="-121.40085">
        <ele>1796.7</ele>
      </trkpt>
      <trkpt lat="46.58152" lon="-121.40101">
        <ele>1801.19</ele>
      </trkpt>
      <trkpt lat="46.58161" lon="-121.40107">
        <ele>1803.5</ele>
      </trkpt>
      <trkpt lat="46.58173" lon="-121.40104">
        <ele>1804.15</ele>
      </trkpt>
      <trkpt lat="46.58218" lon="-121.40076">
        <ele>1807.62</ele>
      </trkpt>
      <trkpt lat="46.58255" lon="-121.40065">
        <ele>1812.67</ele>
      </trkpt>
      <trkpt lat="46.58271" lon="-121.40063">
        <ele>1817.0</ele>
      </trkpt>
      <trkpt lat="46.58305" lon="-121.40066">
        <ele>1824.32</ele>
      </trkpt>
      <trkpt lat="46.58335" lon="-121.40065">
        <ele>1828.04</ele>
      </trkpt>
      <trkpt lat="46.58368" lon="-121.4007">
        <ele>1830.12</ele>
      </trkpt>
      <trkpt lat="46.58396" lon="-121.40076">
        <ele>1833.42</ele>
      </trkpt>
      <trkpt lat="46.58431" lon="-121.40093">
        <ele>1840.18</ele>
      </trkpt>
      <trkpt lat="46.58456" lon="-121.40099">
        <ele>1847.05</ele>
      </trkpt>
      <trkpt lat="46.58484" lon="-121.40092">
        <ele>1852.48</ele>
      </trkpt>
      <trkpt lat="46.58497" lon="-121.40085">
        <ele>1856.01</ele>
      </trkpt>
      <trkpt lat="46.58507" lon="-121.40072">
        <ele>1859.04</ele>
      </trkpt>
      <trkpt lat="46.58504" lon="-121.40091">
        <ele>1860.46</ele>
      </trkpt>
      <trkpt lat="46.58493" lon="-121.40122">
        <ele>1862.08</ele>
      </trkpt>
      <trkpt lat="46.58484" lon="-121.40161">
        <ele>1865.2</ele>
      </trkpt>
      <trkpt lat="46.58469" lon="-121.40194">
        <ele>1865.88</ele>
      </trkpt>
      <trkpt lat="46.58464" lon="-121.40231">
        <ele>1873.34</ele>
      </trkpt>
      <trkpt lat="46.58449" lon="-121.40264">
        <ele>1877.75</ele>
      </trkpt>
      <trkpt lat="46.58438" lon="-121.40296">
        <ele>1880.85</ele>
      </trkpt>
      <trkpt lat="46.58414" lon="-121.40336">
        <ele>1883.29</ele>
      </trkpt>
      <trkpt lat="46.58383" lon="-121.40372">
        <ele>1885.72</ele>
      </trkpt>
      <trkpt lat="46.58353" lon="-121.40399">
        <ele>1887.31</ele>
      </trkpt>
      <trkpt lat="46.58338" lon="-121.4041">
        <ele>1888.06</ele>
      </trkpt>
      <trkpt lat="46.58324" lon="-121.40417">
        <ele>1888.07</ele>
      </trkpt>
      <trkpt lat="46.58312" lon="-121.4042">
        <ele>1888.17</ele>
      </trkpt>
      <trkpt lat="46.58304" lon="-121.40424">
        <ele>1888.58</ele>
      </trkpt>
      <trkpt lat="46.58281" lon="-121.40456">
        <ele>1894.5</ele>
      </trkpt>
      <trkpt lat="46.58267" lon="-121.4047">
        <ele>1897.52</ele>
      </trkpt>
      <trkpt lat="46.58257" lon="-121.40472">
        <ele>1897.71</ele>
      </trkpt>
      <trkpt lat="46.5825" lon="-121.40471">
        <ele>1896.74</ele>
      </trkpt>
      <trkpt lat="46.58231" lon="-121.40456">
        <ele>1893.5</ele>
      </trkpt>
      <trkpt lat="46.58223" lon="-121.40453">
        <ele>1892.92</ele>
      </trkpt>
      <trkpt lat="46.58213" lon="-121.40455">
        <ele>1894.28</ele>
      </trkpt>
      <trkpt lat="46.58199" lon="-121.40454">
        <ele>1896.06</ele>
      </trkpt>
      <trkpt lat="46.58167" lon="-121.40443">
        <ele>1897.81</ele>
      </trkpt>
      <trkpt lat="46.58154" lon="-121.40433">
        <ele>1898.5</ele>
      </trkpt>
      <trkpt lat="46.5815" lon="-121.40438">
        <ele>1899.9</ele>
      </trkpt>
      <trkpt lat="46.58154" lon="-121.40449">
        <ele>1900.23</ele>
      </trkpt>
      <trkpt lat="46.58165" lon="-121.40476">
        <ele>1903.0</ele>
      </trkpt>
      <trkpt lat="46.58173" lon="-121.40497">
        <ele>1905.31</ele>
      </trkpt>
      <trkpt lat="46.58194" lon="-121.40522">
        <ele>1906.13</ele>
      </trkpt>
      <trkpt lat="46.5821" lon="-121.4053">
        <ele>1908.72</ele>
      </trkpt>
      <trkpt lat="46.58222" lon="-121.40535">
        <ele>1910.55</ele>
      </trkpt>
      <trkpt lat="46.58239" lon="-121.40535">
        <ele>1910.56</ele>
      </trkpt>
      <trkpt lat="46.58278" lon="-121.40541">
        <ele>1913.87</ele>
      </trkpt>
      <trkpt lat="46.58313" lon="-121.40543">
        <ele>1915.57</ele>
      </trkpt>
      <trkpt lat="46.58349" lon="-121.40544">
        <ele>1917.44</ele>
      </trkpt>
      <trkpt lat="46.58382" lon="-121.40537">
        <ele>1918.0</ele>
      </trkpt>
      <trkpt lat="46.58411" lon="-121.40537">
        <ele>1921.56</ele>
      </trkpt>
      <trkpt lat="46.58448" lon="-121.40533">
        <ele>1928.44</ele>
      </trkpt>
      <trkpt lat="46.58463" lon="-121.40528">
        <ele>1929.95</ele>
      </trkpt>
      <trkpt lat="46.58494" lon="-121.40529">
        <ele>1933.53</ele>
      </trkpt>
      <trkpt lat="46.58514" lon="-121.40529">
        <ele>1934.74</ele>
      </trkpt>
      <trkpt lat="46.58529" lon="-121.4053">
        <ele>1933.15</ele>
      </trkpt>
      <trkpt lat="46.58536" lon="-121.40528">
        <ele>1933.04</ele>
      </trkpt>
      <trkpt lat="46.58558" lon="-121.40514">
        <ele>1934.42</ele>
      </trkpt>
      <trkpt lat="46.58577" lon="-121.40499">
        <ele>1937.43</ele>
      </trkpt>
      <trkpt lat="46.58594" lon="-121.40479">
        <ele>1946.76</ele>
      </trkpt>
      <trkpt lat="46.58602" lon="-121.40473">
        <ele>1947.86</ele>
      </trkpt>
      <trkpt lat="46.58631" lon="-121.40464">
        <ele>1952.24</ele>
      </trkpt>
      <trkpt lat="46.58698" lon="-121.40435">
        <ele>1959.07</ele>
      </trkpt>
      <trkpt lat="46.58731" lon="-121.40432">
        <ele>1961.38</ele>
      </trkpt>
      <trkpt lat="46.58752" lon="-121.40426">
        <ele>1961.53</ele>
      </trkpt>
      <trkpt lat="46.58781" lon="-121.40423">
        <ele>1951.16</ele>
      </trkpt>
      <trkpt lat="46.58788" lon="-121.40418">
        <ele>1950.81</ele>
      </trkpt>
      <trkpt lat="46.58798" lon="-121.40413">
        <ele>1950.32</ele>
      </trkpt>
      <trkpt lat="46.58821" lon="-121.40406">
        <ele>1946.19</ele>
      </trkpt>
      <trkpt lat="46.58831" lon="-121.40394">
        <ele>1950.44</ele>
      </trkpt>
      <trkpt lat="46.58842" lon="-121.40381">
        <ele>1955.25</ele>
      </trkpt>
      <trkpt lat="46.58858" lon="-121.40373">
        <ele>1956.63</ele>
      </trkpt>
      <trkpt lat="46.58884" lon="-121.40351">
        <ele>1965.61</ele>
      </trkpt>
      <trkpt lat="46.58908" lon="-121.40338">
        <ele>1969.34</ele>
      </trkpt>
      <trkpt lat="46.5895" lon="-121.40323">
        <ele>1972.5</ele>
      </trkpt>
      <trkpt lat="46.58978" lon="-121.40309">
        <ele>1974.89</ele>
      </trkpt>
      <trkpt lat="46.59014" lon="-121.40285">
        <ele>1978.93</ele>
      </trkpt>
      <trkpt lat="46.59048" lon="-121.40256">
        <ele>1986.43</ele>
      </trkpt>
      <trkpt lat="46.59065" lon="-121.40236">
        <ele>1987.02</ele>
      </trkpt>
      <trkpt lat="46.59086" lon="-121.40202">
        <ele>1984.21</ele>
      </trkpt>
      <trkpt lat="46.59109" lon="-121.40176">
        <ele>1984.33</ele>
      </trkpt>
      <trkpt lat="46.59123" lon="-121.40151">
        <ele>1983.47</ele>
      </trkpt>
      <trkpt lat="46.59141" lon="-121.4013">
        <ele>1983.79</ele>
      </trkpt>
      <trkpt lat="46.59158" lon="-121.40109">
        <ele>1984.67</ele>
      </trkpt>
      <trkpt lat="46.59178" lon="-121.40078">
        <ele>1986.1</ele>
      </trkpt>
      <trkpt lat="46.59227" lon="-121.40008">
        <ele>1994.41</ele>
      </trkpt>
      <trkpt lat="46.59262" lon="-121.39984">
        <ele>2001.86</ele>
      </trkpt>
      <trkpt lat="46.59274" lon="-121.39968">
        <ele>2002.59</ele>
      </trkpt>
      <trkpt lat="46.59286" lon="-121.3995">
        <ele>2003.0</ele>
      </trkpt>
      <trkpt lat="46.59293" lon="-121.3994">
        <ele>2002.36</ele>
      </trkpt>
      <trkpt lat="46.59303" lon="-121.39918">
        <ele>2000.45</ele>
      </trkpt>
      <trkpt lat="46.59308" lon="-121.39905">
        <ele>1999.21</ele>
      </trkpt>
      <trkpt lat="46.59311" lon="-121.3988">
        <ele>1999.61</ele>
      </trkpt>
      <trkpt lat="46.59315" lon="-121.3988">
        <ele>1997.88</ele>
      </trkpt>
      <trkpt lat="46.59314" lon="-121.39899">
        <ele>1997.26</ele>
      </trkpt>
      <trkpt lat="46.59312" lon="-121.39932">
        <ele>1996.91</ele>
      </trkpt>
      <trkpt lat="46.59312" lon="-121.3997">
        <ele>1996.91</ele>
      </trkpt>
      <trkpt lat="46.59315" lon="-121.39993">
        <ele>1996.18</ele>
      </trkpt>
      <trkpt lat="46.59326" lon="-121.40025">
        <ele>1993.66</ele>
      </trkpt>
      <trkpt lat="46.59336" lon="-121.40041">
        <ele>1990.29</ele>
      </trkpt>
      <trkpt lat="46.59349" lon="-121.40071">
        <ele>1989.08</ele>
      </trkpt>
      <trkpt lat="46.59368" lon="-121.40096">
        <ele>1985.11</ele>
      </trkpt>
      <trkpt lat="46.59384" lon="-121.40117">
        <ele>1979.97</ele>
      </trkpt>
      <trkpt lat="46.59407" lon="-121.40157">
        <ele>1977.13</ele>
      </trkpt>
      <trkpt lat="46.59414" lon="-121.40165">
        <ele>1976.26</ele>
      </trkpt>
      <trkpt lat="46.59418" lon="-121.4018">
        <ele>1979.81</ele>
      </trkpt>
      <trkpt lat="46.59429" lon="-121.40188">
        <ele>1976.22</ele>
      </trkpt>
      <trkpt lat="46.5945" lon="-121.40216">
        <ele>1977.45</ele>
      </trkpt>
      <trkpt lat="46.59471" lon="-121.40235">
        <ele>1976.12</ele>
      </trkpt>
      <trkpt lat="46.59492" lon="-121.40247">
        <ele>1975.89</ele>
      </trkpt>
      <trkpt lat="46.5952" lon="-121.4025">
        <ele>1973.84</ele>
      </trkpt>
      <trkpt lat="46.59546" lon="-121.40244">
        <ele>1968.09</ele>
      </trkpt>
      <trkpt lat="46.59583" lon="-121.40244">
        <ele>1961.12</ele>
      </trkpt>
      <trkpt lat="46.59603" lon="-121.40253">
        <ele>1960.4</ele>
      </trkpt>
      <trkpt lat="46.59614" lon="-121.40262">
        <ele>1959.97</ele>
      </trkpt>
      <trkpt lat="46.59626" lon="-121.40277">
        <ele>1961.22</ele>
      </trkpt>
      <trkpt lat="46.59648" lon="-121.40293">
        <ele>1960.31</ele>
      </trkpt>
      <trkpt lat="46.5967" lon="-121.40304">
        <ele>1959.84</ele>
      </trkpt>
      <trkpt lat="46.59687" lon="-121.40306">
        <ele>1957.95</ele>
      </trkpt>
      <trkpt lat="46.59708" lon="-121.40313">
        <ele>1958.95</ele>
      </trkpt>
      <trkpt lat="46.59737" lon="-121.40321">
        <ele>1961.0</ele>
      </trkpt>
      <trkpt lat="46.59758" lon="-121.40321">
        <ele>1961.0</ele>
      </trkpt>
      <trkpt lat="46.59783" lon="-121.40314">
        <ele>1955.52</ele>
      </trkpt>
      <trkpt lat="46.59797" lon="-121.40314">
        <ele>1952.34</ele>
      </trkpt>
      <trkpt lat="46.59821" lon="-121.40319">
        <ele>1949.14</ele>
      </trkpt>
      <trkpt lat="46.59847" lon="-121.40327">
        <ele>1951.58</ele>
      </trkpt>
      <trkpt lat="46.59863" lon="-121.4033">
        <ele>1953.2</ele>
      </trkpt>
      <trkpt lat="46.59898" lon="-121.40328">
        <ele>1951.14</ele>
      </trkpt>
      <trkpt lat="46.59968" lon="-121.40329">
        <ele>1948.66</ele>
      </trkpt>
      <trkpt lat="46.60004" lon="-121.40335">
        <ele>1950.39</ele>
      </trkpt>
      <trkpt lat="46.60019" lon="-121.4034">
        <ele>1950.11</ele>
      </trkpt>
      <trkpt lat="46.60071" lon="-121.40344">
        <ele>1948.56</ele>
      </trkpt>
      <trkpt lat="46.60105" lon="-121.40334">
        <ele>1947.51</ele>
      </trkpt>
      <trkpt lat="46.60115" lon="-121.40328">
        <ele>1947.11</ele>
      </trkpt>
      <trkpt lat="46.60129" lon="-121.40315">
        <ele>1945.92</ele>
      </trkpt>
      <trkpt lat="46.60159" lon="-121.40294">
        <ele>1943.62</ele>
      </trkpt>
      <trkpt lat="46.60162" lon="-121.40296">
        <ele>1943.49</ele>
      </trkpt>
      <trkpt lat="46.60165" lon="-121.4031">
        <ele>1946.41</ele>
      </trkpt>
      <trkpt lat="46.60168" lon="-121.40333">
        <ele>1950.06</ele>
      </trkpt>
      <trkpt lat="46.60171" lon="-121.40338">
        <ele>1949.17</ele>
      </trkpt>
      <trkpt lat="46.60174" lon="-121.40341">
        <ele>1948.39</ele>
      </trkpt>
      <trkpt lat="46.60179" lon="-121.40341">
        <ele>1946.16</ele>
      </trkpt>
      <trkpt lat="46.60192" lon="-121.40331">
        <ele>1939.76</ele>
      </trkpt>
      <trkpt lat="46.60203" lon="-121.40308">
        <ele>1933.85</ele>
      </trkpt>
      <trkpt lat="46.60207" lon="-121.40296">
        <ele>1929.94</ele>
      </trkpt>
      <trkpt lat="46.60212" lon="-121.40298">
        <ele>1930.39</ele>
      </trkpt>
      <trkpt lat="46.60218" lon="-121.40304">
        <ele>1931.12</ele>
      </trkpt>
      <trkpt lat="46.60229" lon="-121.4032">
        <ele>1932.81</ele>
      </trkpt>
      <trkpt lat="46.60244" lon="-121.40348">
        <ele>1934.11</ele>
      </trkpt>
      <trkpt lat="46.60252" lon="-121.40355">
        <ele>1933.25</ele>
      </trkpt>
      <trkpt lat="46.60257" lon="-121.40358">
        <ele>1932.82</ele>
      </trkpt>
      <trkpt lat="46.60267" lon="-121.4036">
        <ele>1930.99</ele>
      </trkpt>
      <trkpt lat="46.60273" lon="-121.40365">
        <ele>1931.29</ele>
      </trkpt>
      <trkpt lat="46.60294" lon="-121.40369">
        <ele>1928.9</ele>
      </trkpt>
      <trkpt lat="46.60306" lon="-121.40375">
        <ele>1927.88</ele>
      </trkpt>
      <trkpt lat="46.60327" lon="-121.4038">
        <ele>1924.14</ele>
      </trkpt>
      <trkpt lat="46.60334" lon="-121.40384">
        <ele>1923.31</ele>
      </trkpt>
      <trkpt lat="46.60339" lon="-121.40387">
        <ele>1923.29</ele>
      </trkpt>
      <trkpt lat="46.60358" lon="-121.40409">
        <ele>1924.02</ele>
      </trkpt>
      <trkpt lat="46.60388" lon="-121.40427">
        <ele>1923.44</ele>
      </trkpt>
      <trkpt lat="46.60404" lon="-121.4043">
        <ele>1922.69</ele>
      </trkpt>
      <trkpt lat="46.60424" lon="-121.40428">
        <ele>1921.67</ele>
      </trkpt>
      <trkpt lat="46.60446" lon="-121.4041">
        <ele>1918.73</ele>
      </trkpt>
      <trkpt lat="46.60455" lon="-121.40407">
        <ele>1919.23</ele>
      </trkpt>
      <trkpt lat="46.60494" lon="-121.40375">
        <ele>1919.88</ele>
      </trkpt>
      <trkpt lat="46.60526" lon="-121.40357">
        <ele>1922.73</ele>
      </trkpt>
      <trkpt lat="46.60542" lon="-121.40352">
        <ele>1923.58</ele>
      </trkpt>
      <trkpt lat="46.6055" lon="-121.40358">
        <ele>1926.13</ele>
      </trkpt>
      <trkpt lat="46.60573" lon="-121.40353">
        <ele>1926.25</ele>
      </trkpt>
      <trkpt lat="46.60587" lon="-121.40349">
        <ele>1926.78</ele>
      </trkpt>
      <trkpt lat="46.60605" lon="-121.40341">
        <ele>1927.45</ele>
      </trkpt>
      <trkpt lat="46.6061" lon="-121.40337">
        <ele>1927.62</ele>
      </trkpt>
      <trkpt lat="46.60615" lon="-121.4033">
        <ele>1927.33</ele>
      </trkpt>
      <trkpt lat="46.60623" lon="-121.40315">
        <ele>1926.31</ele>
      </trkpt>
      <trkpt lat="46.6063" lon="-121.40298">
        <ele>1924.37</ele>
      </trkpt>
      <trkpt lat="46.60633" lon="-121.40277">
        <ele>1919.55</ele>
      </trkpt>
      <trkpt lat="46.60637" lon="-121.40263">
        <ele>1918.08</ele>
      </trkpt>
      <trkpt lat="46.60637" lon="-121.4025">
        <ele>1917.0</ele>
      </trkpt>
      <trkpt lat="46.60639" lon="-121.40237">
        <ele>1916.99</ele>
      </trkpt>
      <trkpt lat="46.60642" lon="-121.40228">
        <ele>1917.0</ele>
      </trkpt>
      <trkpt lat="46.60649" lon="-121.40215">
        <ele>1916.98</ele>
      </trkpt>
      <trkpt lat="46.60676" lon="-121.40178">
        <ele>1916.76</ele>
      </trkpt>
      <trkpt lat="46.6069" lon="-121.4017">
        <ele>1914.27</ele>
      </trkpt>
      <trkpt lat="46.60714" lon="-121.40167">
        <ele>1909.74</ele>
      </trkpt>
      <trkpt lat="46.60737" lon="-121.40162">
        <ele>1906.61</ele>
      </trkpt>
      <trkpt lat="46.60751" lon="-121.40165">
        <ele>1904.36</ele>
      </trkpt>
      <trkpt lat="46.60767" lon="-121.40177">
        <ele>1901.77</ele>
      </trkpt>
      <trkpt lat="46.60795" lon="-121.40188">
        <ele>1899.53</ele>
      </trkpt>
      <trkpt lat="46.60804" lon="-121.40188">
        <ele>1899.39</ele>
      </trkpt>
      <trkpt lat="46.60827" lon="-121.4018">
        <ele>1899.24</ele>
      </trkpt>
      <trkpt lat="46.60847" lon="-121.40176">
        <ele>1898.04</ele>
      </trkpt>
      <trkpt lat="46.60857" lon="-121.40172">
        <ele>1896.18</ele>
      </trkpt>
      <trkpt lat="46.60867" lon="-121.40162">
        <ele>1894.92</ele>
      </trkpt>
      <trkpt lat="46.60905" lon="-121.40116">
        <ele>1893.0</ele>
      </trkpt>
      <trkpt lat="46.60914" lon="-121.40119">
        <ele>1893.0</ele>
      </trkpt>
      <trkpt lat="46.60921" lon="-121.40117">
        <ele>1892.53</ele>
      </trkpt>
      <trkpt lat="46.60936" lon="-121.40108">
        <ele>1890.52</ele>
      </trkpt>
      <trkpt lat="46.60955" lon="-121.4009">
        <ele>1883.96</ele>
      </trkpt>
      <trkpt lat="46.60963" lon="-121.4009">
        <ele>1882.72</ele>
      </trkpt>
      <trkpt lat="46.60968" lon="-121.4008">
        <ele>1881.48</ele>
      </trkpt>
      <trkpt lat="46.60977" lon="-121.4008">
        <ele>1881.31</ele>
      </trkpt>
      <trkpt lat="46.60979" lon="-121.40075">
        <ele>1881.03</ele>
      </trkpt>
      <trkpt lat="46.60984" lon="-121.40072">
        <ele>1880.35</ele>
      </trkpt>
      <trkpt lat="46.6099" lon="-121.40078">
        <ele>1878.77</ele>
      </trkpt>
      <trkpt lat="46.60993" lon="-121.40076">
        <ele>1878.35</ele>
      </trkpt>
      <trkpt lat="46.60995" lon="-121.40062">
        <ele>1879.08</ele>
      </trkpt>
      <trkpt lat="46.60998" lon="-121.40059">
        <ele>1878.43</ele>
      </trkpt>
      <trkpt lat="46.61004" lon="-121.40061">
        <ele>1876.27</ele>
      </trkpt>
      <trkpt lat="46.61007" lon="-121.40067">
        <ele>1874.92</ele>
      </trkpt>
      <trkpt lat="46.6101" lon="-121.4007">
        <ele>1873.72</ele>
      </trkpt>
      <trkpt lat="46.61013" lon="-121.40068">
        <ele>1872.65</ele>
      </trkpt>
      <trkpt lat="46.61014" lon="-121.40063">
        <ele>1872.46</ele>
      </trkpt>
      <trkpt lat="46.61015" lon="-121.40052">
        <ele>1871.76</ele>
      </trkpt>
      <trkpt lat="46.61018" lon="-121.40052">
        <ele>1870.78</ele>
      </trkpt>
      <trkpt lat="46.61022" lon="-121.40057">
        <ele>1870.19</ele>
      </trkpt>
      <trkpt lat="46.61027" lon="-121.4006">
        <ele>1868.73</ele>
      </trkpt>
      <trkpt lat="46.61041" lon="-121.40072">
        <ele>1865.37</ele>
      </trkpt>
      <trkpt lat="46.61044" lon="-121.40071">
        <ele>1864.83</ele>
      </trkpt>
      <trkpt lat="46.61046" lon="-121.40066">
        <ele>1864.94</ele>
      </trkpt>
      <trkpt lat="46.61047" lon="-121.40056">
        <ele>1864.85</ele>
      </trkpt>
      <trkpt lat="46.61047" lon="-121.40051">
        <ele>1864.81</ele>
      </trkpt>
      <trkpt lat="46.61045" lon="-121.40043">
        <ele>1864.57</ele>
      </trkpt>
      <trkpt lat="46.61036" lon="-121.4003">
        <ele>1863.7</ele>
      </trkpt>
      <trkpt lat="46.61037" lon="-121.40026">
        <ele>1862.62</ele>
      </trkpt>
      <trkpt lat="46.61044" lon="-121.40027">
        <ele>1861.33</ele>
      </trkpt>
      <trkpt lat="46.61048" lon="-121.40027">
        <ele>1860.46</ele>
      </trkpt>
      <trkpt lat="46.61048" lon="-121.40023">
        <ele>1859.6</ele>
      </trkpt>
      <trkpt lat="46.61044" lon="-121.40017">
        <ele>1859.17</ele>
      </trkpt>
      <trkpt lat="46.61043" lon="-121.40004">
        <ele>1856.78</ele>
      </trkpt>
      <trkpt lat="46.61036" lon="-121.39989">
        <ele>1855.71</ele>
      </trkpt>
      <trkpt lat="46.61037" lon="-121.39983">
        <ele>1854.33</ele>
      </trkpt>
      <trkpt lat="46.61039" lon="-121.3998">
        <ele>1853.1</ele>
      </trkpt>
      <trkpt lat="46.61043" lon="-121.39976">
        <ele>1850.94</ele>
      </trkpt>
      <trkpt lat="46.61053" lon="-121.39973">
        <ele>1847.74</ele>
      </trkpt>
      <trkpt lat="46.61055" lon="-121.3997">
        <ele>1846.4</ele>
      </trkpt>
      <trkpt lat="46.61054" lon="-121.39967">
        <ele>1845.64</ele>
      </trkpt>
      <trkpt lat="46.61034" lon="-121.39962">
        <ele>1846.36</ele>
      </trkpt>
      <trkpt lat="46.61027" lon="-121.39959">
        <ele>1844.68</ele>
      </trkpt>
      <trkpt lat="46.61022" lon="-121.39955">
        <ele>1842.88</ele>
      </trkpt>
      <trkpt lat="46.6102" lon="-121.39951">
        <ele>1841.28</ele>
      </trkpt>
      <trkpt lat="46.61021" lon="-121.39947">
        <ele>1840.1</ele>
      </trkpt>
      <trkpt lat="46.61028" lon="-121.39944">
        <ele>1839.93</ele>
      </trkpt>
      <trkpt lat="46.61039" lon="-121.39938">
        <ele>1838.91</ele>
      </trkpt>
      <trkpt lat="46.61049" lon="-121.39927">
        <ele>1835.06</ele>
      </trkpt>
      <trkpt lat="46.61052" lon="-121.39927">
        <ele>1834.73</ele>
      </trkpt>
      <trkpt lat="46.61057" lon="-121.39929">
        <ele>1834.68</ele>
      </trkpt>
      <trkpt lat="46.61063" lon="-121.3994">
        <ele>1836.53</ele>
      </trkpt>
      <trkpt lat="46.61068" lon="-121.39943">
        <ele>1836.29</ele>
      </trkpt>
      <trkpt lat="46.61083" lon="-121.39938">
        <ele>1833.24</ele>
      </trkpt>
      <trkpt lat="46.61089" lon="-121.39938">
        <ele>1833.64</ele>
      </trkpt>
      <trkpt lat="46.61096" lon="-121.39941">
        <ele>1835.02</ele>
      </trkpt>
      <trkpt lat="46.61108" lon="-121.39941">
        <ele>1835.01</ele>
      </trkpt>
      <trkpt lat="46.61126" lon="-121.39948">
        <ele>1834.55</ele>
      </trkpt>
      <trkpt lat="46.61142" lon="-121.39948">
        <ele>1832.43</ele>
      </trkpt>
      <trkpt lat="46.61149" lon="-121.39945">
        <ele>1831.12</ele>
      </trkpt>
      <trkpt lat="46.61157" lon="-121.39937">
        <ele>1830.2</ele>
      </trkpt>
      <trkpt lat="46.61161" lon="-121.39938">
        <ele>1830.42</ele>
      </trkpt>
      <trkpt lat="46.61165" lon="-121.39942">
        <ele>1831.34</ele>
      </trkpt>
      <trkpt lat="46.6117" lon="-121.39944">
        <ele>1831.92</ele>
      </trkpt>
      <trkpt lat="46.61176" lon="-121.39944">
        <ele>1831.94</ele>
      </trkpt>
      <trkpt lat="46.61179" lon="-121.39939">
        <ele>1831.28</ele>
      </trkpt>
      <trkpt lat="46.61179" lon="-121.39924">
        <ele>1830.79</ele>
      </trkpt>
      <trkpt lat="46.61177" lon="-121.3992">
        <ele>1830.36</ele>
      </trkpt>
      <trkpt lat="46.61172" lon="-121.39917">
        <ele>1829.19</ele>
      </trkpt>
      <trkpt lat="46.61167" lon="-121.3991">
        <ele>1827.33</ele>
      </trkpt>
      <trkpt lat="46.61164" lon="-121.39898">
        <ele>1824.68</ele>
      </trkpt>
      <trkpt lat="46.61164" lon="-121.39889">
        <ele>1822.74</ele>
      </trkpt>
      <trkpt lat="46.61165" lon="-121.39883">
        <ele>1821.43</ele>
      </trkpt>
      <trkpt lat="46.6117" lon="-121.39874">
        <ele>1821.11</ele>
      </trkpt>
      <trkpt lat="46.61205" lon="-121.3984">
        <ele>1818.58</ele>
      </trkpt>
      <trkpt lat="46.61211" lon="-121.39836">
        <ele>1818.36</ele>
      </trkpt>
      <trkpt lat="46.61218" lon="-121.39836">
        <ele>1818.42</ele>
      </trkpt>
      <trkpt lat="46.61222" lon="-121.39841">
        <ele>1818.85</ele>
      </trkpt>
      <trkpt lat="46.61227" lon="-121.39843">
        <ele>1818.53</ele>
      </trkpt>
      <trkpt lat="46.61236" lon="-121.39844">
        <ele>1817.59</ele>
      </trkpt>
      <trkpt lat="46.6126" lon="-121.39844">
        <ele>1814.07</ele>
      </trkpt>
      <trkpt lat="46.61269" lon="-121.39843">
        <ele>1812.99</ele>
      </trkpt>
      <trkpt lat="46.6129" lon="-121.39829">
        <ele>1809.36</ele>
      </trkpt>
      <trkpt lat="46.61295" lon="-121.39828">
        <ele>1809.06</ele>
      </trkpt>
      <trkpt lat="46.61299" lon="-121.39831">
        <ele>1808.71</ele>
      </trkpt>
      <trkpt lat="46.61302" lon="-121.39838">
        <ele>1808.89</ele>
      </trkpt>
      <trkpt lat="46.61305" lon="-121.39856">
        <ele>1809.06</ele>
      </trkpt>
      <trkpt lat="46.61308" lon="-121.3986">
        <ele>1808.47</ele>
      </trkpt>
      <trkpt lat="46.61312" lon="-121.3986">
        <ele>1807.61</ele>
      </trkpt>
      <trkpt lat="46.61316" lon="-121.39856">
        <ele>1806.81</ele>
      </trkpt>
      <trkpt lat="46.61321" lon="-121.3985">
        <ele>1806.47</ele>
      </trkpt>
      <trkpt lat="46.61325" lon="-121.39841">
        <ele>1807.0</ele>
      </trkpt>
      <trkpt lat="46.61327" lon="-121.39822">
        <ele>1806.78</ele>
      </trkpt>
      <trkpt lat="46.61327" lon="-121.39807">
        <ele>1804.89</ele>
      </trkpt>
      <trkpt lat="46.61325" lon="-121.39799">
        <ele>1804.19</ele>
      </trkpt>
      <trkpt lat="46.61324" lon="-121.39791">
        <ele>1803.44</ele>
      </trkpt>
      <trkpt lat="46.61322" lon="-121.39787">
        <ele>1803.22</ele>
      </trkpt>
      <trkpt lat="46.61314" lon="-121.39783">
        <ele>1803.65</ele>
      </trkpt>
      <trkpt lat="46.61307" lon="-121.39777">
        <ele>1803.76</ele>
      </trkpt>
      <trkpt lat="46.61297" lon="-121.39764">
        <ele>1802.51</ele>
      </trkpt>
      <trkpt lat="46.61295" lon="-121.39755">
        <ele>1801.68</ele>
      </trkpt>
      <trkpt lat="46.61295" lon="-121.39736">
        <ele>1799.63</ele>
      </trkpt>
      <trkpt lat="46.61298" lon="-121.39721">
        <ele>1797.68</ele>
      </trkpt>
      <trkpt lat="46.61296" lon="-121.3971">
        <ele>1796.68</ele>
      </trkpt>
      <trkpt lat="46.61296" lon="-121.39695">
        <ele>1794.15</ele>
      </trkpt>
      <trkpt lat="46.61297" lon="-121.3969">
        <ele>1793.52</ele>
      </trkpt>
      <trkpt lat="46.61302" lon="-121.39689">
        <ele>1793.41</ele>
      </trkpt>
      <trkpt lat="46.61315" lon="-121.39695">
        <ele>1794.04</ele>
      </trkpt>
      <trkpt lat="46.61329" lon="-121.39697">
        <ele>1792.74</ele>
      </trkpt>
      <trkpt lat="46.61336" lon="-121.39695">
        <ele>1792.06</ele>
      </trkpt>
      <trkpt lat="46.61342" lon="-121.39691">
        <ele>1791.63</ele>
      </trkpt>
      <trkpt lat="46.61348" lon="-121.39682">
        <ele>1789.69</ele>
      </trkpt>
      <trkpt lat="46.61368" lon="-121.39632">
        <ele>1783.51</ele>
      </trkpt>
      <trkpt lat="46.61369" lon="-121.39619">
        <ele>1783.13</ele>
      </trkpt>
      <trkpt lat="46.61368" lon="-121.39592">
        <ele>1781.94</ele>
      </trkpt>
      <trkpt lat="46.61374" lon="-121.39543">
        <ele>1778.25</ele>
      </trkpt>
      <trkpt lat="46.6138" lon="-121.39509">
        <ele>1778.08</ele>
      </trkpt>
      <trkpt lat="46.61387" lon="-121.39476">
        <ele>1775.53</ele>
      </trkpt>
      <trkpt lat="46.61396" lon="-121.39455">
        <ele>1773.05</ele>
      </trkpt>
      <trkpt lat="46.61406" lon="-121.39419">
        <ele>1770.1</ele>
      </trkpt>
      <trkpt lat="46.61411" lon="-121.39407">
        <ele>1768.96</ele>
      </trkpt>
      <trkpt lat="46.61415" lon="-121.39401">
        <ele>1768.31</ele>
      </trkpt>
      <trkpt lat="46.61436" lon="-121.39388">
        <ele>1767.9</ele>
      </trkpt>
      <trkpt lat="46.61441" lon="-121.39381">
        <ele>1767.15</ele>
      </trkpt>
      <trkpt lat="46.61454" lon="-121.39359">
        <ele>1765.77</ele>
      </trkpt>
      <trkpt lat="46.61483" lon="-121.39326">
        <ele>1763.21</ele>
      </trkpt>
      <trkpt lat="46.61509" lon="-121.39302">
        <ele>1762.99</ele>
      </trkpt>
      <trkpt lat="46.61526" lon="-121.39289">
        <ele>1762.19</ele>
      </trkpt>
      <trkpt lat="46.61555" lon="-121.39249">
        <ele>1764.1</ele>
      </trkpt>
      <trkpt lat="46.61571" lon="-121.39212">
        <ele>1767.77</ele>
      </trkpt>
      <trkpt lat="46.61578" lon="-121.39202">
        <ele>1769.08</ele>
      </trkpt>
      <trkpt lat="46.61592" lon="-121.39188">
        <ele>1769.72</ele>
      </trkpt>
      <trkpt lat="46.61596" lon="-121.39173">
        <ele>1769.63</ele>
      </trkpt>
      <trkpt lat="46.61605" lon="-121.39102">
        <ele>1770.34</ele>
      </trkpt>
      <trkpt lat="46.6161" lon="-121.3908">
        <ele>1770.88</ele>
      </trkpt>
      <trkpt lat="46.61611" lon="-121.39065">
        <ele>1770.99</ele>
      </trkpt>
      <trkpt lat="46.61605" lon="-121.3905">
        <ele>1769.94</ele>
      </trkpt>
      <trkpt lat="46.61604" lon="-121.3903">
        <ele>1769.46</ele>
      </trkpt>
      <trkpt lat="46.61606" lon="-121.39015">
        <ele>1770.11</ele>
      </trkpt>
      <trkpt lat="46.61608" lon="-121.38996">
        <ele>1770.95</ele>
      </trkpt>
      <trkpt lat="46.61607" lon="-121.38973">
        <ele>1772.03</ele>
      </trkpt>
      <trkpt lat="46.61611" lon="-121.38958">
        <ele>1773.51</ele>
      </trkpt>
      <trkpt lat="46.61638" lon="-121.38892">
        <ele>1781.14</ele>
      </trkpt>
      <trkpt lat="46.61656" lon="-121.3886">
        <ele>1777.73</ele>
      </trkpt>
      <trkpt lat="46.61667" lon="-121.3882">
        <ele>1775.63</ele>
      </trkpt>
      <trkpt lat="46.61674" lon="-121.38807">
        <ele>1774.9</ele>
      </trkpt>
      <trkpt lat="46.61696" lon="-121.38784">
        <ele>1771.18</ele>
      </trkpt>
      <trkpt lat="46.6171" lon="-121.38771">
        <ele>1769.9</ele>
      </trkpt>
      <trkpt lat="46.61722" lon="-121.38752">
        <ele>1771.14</ele>
      </trkpt>
      <trkpt lat="46.6173" lon="-121.3873">
        <ele>1768.65</ele>
      </trkpt>
      <trkpt lat="46.61737" lon="-121.38708">
        <ele>1766.34</ele>
      </trkpt>
      <trkpt lat="46.61743" lon="-121.38697">
        <ele>1765.76</ele>
      </trkpt>
      <trkpt lat="46.61773" lon="-121.38674">
        <ele>1768.07</ele>
      </trkpt>
      <trkpt lat="46.61777" lon="-121.38667">
        <ele>1766.99</ele>
      </trkpt>
      <trkpt lat="46.61783" lon="-121.38651">
        <ele>1764.18</ele>
      </trkpt>
      <trkpt lat="46.61794" lon="-121.38626">
        <ele>1760.82</ele>
      </trkpt>
      <trkpt lat="46.61812" lon="-121.38594">
        <ele>1758.85</ele>
      </trkpt>
      <trkpt lat="46.61818" lon="-121.3857">
        <ele>1755.75</ele>
      </trkpt>
      <trkpt lat="46.61821" lon="-121.38561">
        <ele>1754.45</ele>
      </trkpt>
      <trkpt lat="46.61838" lon="-121.38534">
        <ele>1751.18</ele>
      </trkpt>
      <trkpt lat="46.61843" lon="-121.3852">
        <ele>1750.2</ele>
      </trkpt>
      <trkpt lat="46.61848" lon="-121.38504">
        <ele>1748.6</ele>
      </trkpt>
      <trkpt lat="46.61849" lon="-121.38483">
        <ele>1747.43</ele>
      </trkpt>
      <trkpt lat="46.61865" lon="-121.38448">
        <ele>1747.8</ele>
      </trkpt>
      <trkpt lat="46.61876" lon="-121.3842">
        <ele>1746.97</ele>
      </trkpt>
      <trkpt lat="46.61877" lon="-121.38404">
        <ele>1745.35</ele>
      </trkpt>
      <trkpt lat="46.61871" lon="-121.3837">
        <ele>1742.03</ele>
      </trkpt>
      <trkpt lat="46.61859" lon="-121.38311">
        <ele>1737.36</ele>
      </trkpt>
      <trkpt lat="46.61845" lon="-121.38257">
        <ele>1735.0</ele>
      </trkpt>
      <trkpt lat="46.61844" lon="-121.38241">
        <ele>1735.0</ele>
      </trkpt>
      <trkpt lat="46.61849" lon="-121.38193">
        <ele>1732.58</ele>
      </trkpt>
      <trkpt lat="46.61859" lon="-121.38154">
        <ele>1730.63</ele>
      </trkpt>
      <trkpt lat="46.61866" lon="-121.38139">
        <ele>1730.01</ele>
      </trkpt>
      <trkpt lat="46.6188" lon="-121.38118">
        <ele>1730.03</ele>
      </trkpt>
      <trkpt lat="46.61896" lon="-121.38101">
        <ele>1730.0</ele>
      </trkpt>
      <trkpt lat="46.6191" lon="-121.38093">
        <ele>1730.04</ele>
      </trkpt>
      <trkpt lat="46.61936" lon="-121.38089">
        <ele>1730.65</ele>
      </trkpt>
      <trkpt lat="46.61945" lon="-121.38086">
        <ele>1731.0</ele>
      </trkpt>
      <trkpt lat="46.61951" lon="-121.38081">
        <ele>1730.75</ele>
      </trkpt>
      <trkpt lat="46.61955" lon="-121.38068">
        <ele>1730.0</ele>
      </trkpt>
      <trkpt lat="46.61956" lon="-121.38045">
        <ele>1729.0</ele>
      </trkpt>
      <trkpt lat="46.61957" lon="-121.38026">
        <ele>1728.0</ele>
      </trkpt>
      <trkpt lat="46.61961" lon="-121.38015">
        <ele>1728.0</ele>
      </trkpt>
      <trkpt lat="46.6197" lon="-121.37997">
        <ele>1727.0</ele>
      </trkpt>
      <trkpt lat="46.61976" lon="-121.37988">
        <ele>1726.88</ele>
      </trkpt>
      <trkpt lat="46.61988" lon="-121.37976">
        <ele>1726.0</ele>
      </trkpt>
      <trkpt lat="46.61994" lon="-121.37967">
        <ele>1725.65</ele>
      </trkpt>
      <trkpt lat="46.6202" lon="-121.37925">
        <ele>1723.0</ele>
      </trkpt>
      <trkpt lat="46.62031" lon="-121.37905">
        <ele>1722.0</ele>
      </trkpt>
      <trkpt lat="46.62041" lon="-121.3788">
        <ele>1721.02</ele>
      </trkpt>
      <trkpt lat="46.62046" lon="-121.37845">
        <ele>1719.03</ele>
      </trkpt>
      <trkpt lat="46.6205" lon="-121.37832">
        <ele>1717.6</ele>
      </trkpt>
      <trkpt lat="46.62067" lon="-121.37814">
        <ele>1714.76</ele>
      </trkpt>
      <trkpt lat="46.62074" lon="-121.37793">
        <ele>1713.01</ele>
      </trkpt>
      <trkpt lat="46.62087" lon="-121.37775">
        <ele>1711.42</ele>
      </trkpt>
      <trkpt lat="46.62099" lon="-121.37742">
        <ele>1709.31</ele>
      </trkpt>
      <trkpt lat="46.62108" lon="-121.3774">
        <ele>1708.34</ele>
      </trkpt>
      <trkpt lat="46.62124" lon="-121.37748">
        <ele>1706.61</ele>
      </trkpt>
      <trkpt lat="46.6214" lon="-121.37741">
        <ele>1704.88</ele>
      </trkpt>
      <trkpt lat="46.6215" lon="-121.37734">
        <ele>1703.07</ele>
      </trkpt>
      <trkpt lat="46.62158" lon="-121.37725">
        <ele>1701.94</ele>
      </trkpt>
      <trkpt lat="46.62165" lon="-121.37729">
        <ele>1701.18</ele>
      </trkpt>
      <trkpt lat="46.62164" lon="-121.37742">
        <ele>1701.67</ele>
      </trkpt>
      <trkpt lat="46.62168" lon="-121.3776">
        <ele>1701.92</ele>
      </trkpt>
      <trkpt lat="46.62177" lon="-121.37786">
        <ele>1701.88</ele>
      </trkpt>
      <trkpt lat="46.62185" lon="-121.3779">
        <ele>1701.34</ele>
      </trkpt>
      <trkpt lat="46.62193" lon="-121.37787">
        <ele>1700.16</ele>
      </trkpt>
      <trkpt lat="46.62197" lon="-121.37775">
        <ele>1699.42</ele>
      </trkpt>
      <trkpt lat="46.62202" lon="-121.37752">
        <ele>1697.22</ele>
      </trkpt>
      <trkpt lat="46.62219" lon="-121.37724">
        <ele>1695.35</ele>
      </trkpt>
      <trkpt lat="46.62235" lon="-121.37691">
        <ele>1692.62</ele>
      </trkpt>
      <trkpt lat="46.62255" lon="-121.37655">
        <ele>1690.46</ele>
      </trkpt>
      <trkpt lat="46.62271" lon="-121.37621">
        <ele>1688.73</ele>
      </trkpt>
      <trkpt lat="46.62275" lon="-121.37608">
        <ele>1688.3</ele>
      </trkpt>
      <trkpt lat="46.62274" lon="-121.37597">
        <ele>1687.88</ele>
      </trkpt>
      <trkpt lat="46.62264" lon="-121.37579">
        <ele>1687.76</ele>
      </trkpt>
      <trkpt lat="46.62265" lon="-121.37572">
        <ele>1687.29</ele>
      </trkpt>
      <trkpt lat="46.62268" lon="-121.37567">
        <ele>1687.01</ele>
      </trkpt>
      <trkpt lat="46.62275" lon="-121.3756">
        <ele>1685.78</ele>
      </trkpt>
      <trkpt lat="46.62296" lon="-121.37558">
        <ele>1684.29</ele>
      </trkpt>
      <trkpt lat="46.62308" lon="-121.37569">
        <ele>1683.74</ele>
      </trkpt>
      <trkpt lat="46.6232" lon="-121.3757">
        <ele>1682.44</ele>
      </trkpt>
      <trkpt lat="46.62328" lon="-121.37565">
        <ele>1681.16</ele>
      </trkpt>
      <trkpt lat="46.62334" lon="-121.37551">
        <ele>1679.4</ele>
      </trkpt>
      <trkpt lat="46.62346" lon="-121.3752">
        <ele>1674.79</ele>
      </trkpt>
      <trkpt lat="46.6237" lon="-121.3748">
        <ele>1670.19</ele>
      </trkpt>
      <trkpt lat="46.62381" lon="-121.37464">
        <ele>1670.0</ele>
      </trkpt>
      <trkpt lat="46.6239" lon="-121.37439">
        <ele>1671.47</ele>
      </trkpt>
      <trkpt lat="46.62396" lon="-121.37432">
        <ele>1671.23</ele>
      </trkpt>
      <trkpt lat="46.62424" lon="-121.37422">
        <ele>1669.21</ele>
      </trkpt>
      <trkpt lat="46.62437" lon="-121.37408">
        <ele>1668.8</ele>
      </trkpt>
      <trkpt lat="46.62443" lon="-121.37397">
        <ele>1669.0</ele>
      </trkpt>
      <trkpt lat="46.62445" lon="-121.37384">
        <ele>1668.94</ele>
      </trkpt>
      <trkpt lat="46.62449" lon="-121.37362">
        <ele>1668.51</ele>
      </trkpt>
      <trkpt lat="46.6246" lon="-121.37332">
        <ele>1668.0</ele>
      </trkpt>
      <trkpt lat="46.62485" lon="-121.37289">
        <ele>1665.7</ele>
      </trkpt>
      <trkpt lat="46.62501" lon="-121.37272">
        <ele>1663.93</ele>
      </trkpt>
      <trkpt lat="46.62517" lon="-121.37262">
        <ele>1662.16</ele>
      </trkpt>
      <trkpt lat="46.62553" lon="-121.37242">
        <ele>1657.28</ele>
      </trkpt>
      <trkpt lat="46.62563" lon="-121.37244">
        <ele>1656.2</ele>
      </trkpt>
      <trkpt lat="46.62568" lon="-121.37249">
        <ele>1655.31</ele>
      </trkpt>
      <trkpt lat="46.62575" lon="-121.37259">
        <ele>1653.9</ele>
      </trkpt>
      <trkpt lat="46.62579" lon="-121.37272">
        <ele>1653.94</ele>
      </trkpt>
      <trkpt lat="46.62581" lon="-121.3729">
        <ele>1653.5</ele>
      </trkpt>
      <trkpt lat="46.62578" lon="-121.37312">
        <ele>1654.15</ele>
      </trkpt>
      <trkpt lat="46.62578" lon="-121.37328">
        <ele>1654.33</ele>
      </trkpt>
      <trkpt lat="46.6258" lon="-121.37337">
        <ele>1654.5</ele>
      </trkpt>
      <trkpt lat="46.62592" lon="-121.37366">
        <ele>1652.13</ele>
      </trkpt>
      <trkpt lat="46.62606" lon="-121.37384">
        <ele>1650.32</ele>
      </trkpt>
      <trkpt lat="46.62621" lon="-121.37397">
        <ele>1648.93</ele>
      </trkpt>
      <trkpt lat="46.62633" lon="-121.37403">
        <ele>1647.83</ele>
      </trkpt>
      <trkpt lat="46.62659" lon="-121.37409">
        <ele>1647.0</ele>
      </trkpt>
      <trkpt lat="46.62667" lon="-121.37416">
        <ele>1647.03</ele>
      </trkpt>
      <trkpt lat="46.62681" lon="-121.37433">
        <ele>1648.76</ele>
      </trkpt>
      <trkpt lat="46.62695" lon="-121.37444">
        <ele>1649.95</ele>
      </trkpt>
      <trkpt lat="46.62726" lon="-121.37462">
        <ele>1650.9</ele>
      </trkpt>
      <trkpt lat="46.62758" lon="-121.37478">
        <ele>1651.0</ele>
      </trkpt>
      <trkpt lat="46.62789" lon="-121.37501">
        <ele>1652.0</ele>
      </trkpt>
      <trkpt lat="46.62842" lon="-121.37523">
        <ele>1651.0</ele>
      </trkpt>
      <trkpt lat="46.62856" lon="-121.37524">
        <ele>1650.0</ele>
      </trkpt>
      <trkpt lat="46.62863" lon="-121.37522">
        <ele>1649.8</ele>
      </trkpt>
      <trkpt lat="46.62884" lon="-121.37508">
        <ele>1648.53</ele>
      </trkpt>
      <trkpt lat="46.62899" lon="-121.37501">
        <ele>1647.0</ele>
      </trkpt>
      <trkpt lat="46.62916" lon="-121.375">
        <ele>1646.07</ele>
      </trkpt>
      <trkpt lat="46.62932" lon="-121.37507">
        <ele>1645.24</ele>
      </trkpt>
      <trkpt lat="46.62946" lon="-121.37507">
        <ele>1645.24</ele>
      </trkpt>
      <trkpt lat="46.62978" lon="-121.37493">
        <ele>1646.04</ele>
      </trkpt>
      <trkpt lat="46.63023" lon="-121.37486">
        <ele>1644.54</ele>
      </trkpt>
      <trkpt lat="46.6306" lon="-121.37486">
        <ele>1640.54</ele>
      </trkpt>
      <trkpt lat="46.63072" lon="-121.3749">
        <ele>1638.38</ele>
      </trkpt>
      <trkpt lat="46.63084" lon="-121.375">
        <ele>1634.86</ele>
      </trkpt>
      <trkpt lat="46.63085" lon="-121.37506">
        <ele>1633.46</ele>
      </trkpt>
      <trkpt lat="46.63083" lon="-121.37512">
        <ele>1632.44</ele>
      </trkpt>
      <trkpt lat="46.63078" lon="-121.37513">
        <ele>1632.77</ele>
      </trkpt>
      <trkpt lat="46.63077" lon="-121.37518">
        <ele>1631.8</ele>
      </trkpt>
      <trkpt lat="46.63083" lon="-121.37521">
        <ele>1630.51</ele>
      </trkpt>
      <trkpt lat="46.63093" lon="-121.37518">
        <ele>1630.07</ele>
      </trkpt>
      <trkpt lat="46.63106" lon="-121.37518">
        <ele>1628.64</ele>
      </trkpt>
      <trkpt lat="46.63125" lon="-121.37515">
        <ele>1626.26</ele>
      </trkpt>
      <trkpt lat="46.63168" lon="-121.37482">
        <ele>1625.6</ele>
      </trkpt>
      <trkpt lat="46.63182" lon="-121.37476">
        <ele>1624.73</ele>
      </trkpt>
      <trkpt lat="46.6319" lon="-121.37471">
        <ele>1624.22</ele>
      </trkpt>
      <trkpt lat="46.63198" lon="-121.37476">
        <ele>1621.42</ele>
      </trkpt>
      <trkpt lat="46.63204" lon="-121.37484">
        <ele>1618.39</ele>
      </trkpt>
      <trkpt lat="46.63206" lon="-121.37493">
        <ele>1616.02</ele>
      </trkpt>
      <trkpt lat="46.63203" lon="-121.37498">
        <ele>1615.58</ele>
      </trkpt>
      <trkpt lat="46.63198" lon="-121.375">
        <ele>1616.23</ele>
      </trkpt>
      <trkpt lat="46.63194" lon="-121.37509">
        <ele>1614.18</ele>
      </trkpt>
      <trkpt lat="46.63194" lon="-121.37515">
        <ele>1612.86</ele>
      </trkpt>
      <trkpt lat="46.63205" lon="-121.37516">
        <ele>1611.26</ele>
      </trkpt>
      <trkpt lat="46.63222" lon="-121.37514">
        <ele>1608.52</ele>
      </trkpt>
      <trkpt lat="46.63269" lon="-121.37501">
        <ele>1604.69</ele>
      </trkpt>
      <trkpt lat="46.63342" lon="-121.37475">
        <ele>1595.81</ele>
      </trkpt>
      <trkpt lat="46.63353" lon="-121.37467">
        <ele>1594.32</ele>
      </trkpt>
      <trkpt lat="46.63372" lon="-121.3745">
        <ele>1592.05</ele>
      </trkpt>
      <trkpt lat="46.63396" lon="-121.37416">
        <ele>1588.48</ele>
      </trkpt>
      <trkpt lat="46.63404" lon="-121.37412">
        <ele>1586.1</ele>
      </trkpt>
      <trkpt lat="46.63407" lon="-121.37415">
        <ele>1585.13</ele>
      </trkpt>
      <trkpt lat="46.63404" lon="-121.37446">
        <ele>1584.94</ele>
      </trkpt>
      <trkpt lat="46.634" lon="-121.37462">
        <ele>1584.5</ele>
      </trkpt>
      <trkpt lat="46.6339" lon="-121.37525">
        <ele>1577.32</ele>
      </trkpt>
      <trkpt lat="46.63383" lon="-121.37558">
        <ele>1572.74</ele>
      </trkpt>
      <trkpt lat="46.63367" lon="-121.37603">
        <ele>1565.48</ele>
      </trkpt>
      <trkpt lat="46.63364" lon="-121.37614">
        <ele>1564.06</ele>
      </trkpt>
      <trkpt lat="46.63354" lon="-121.37637">
        <ele>1562.74</ele>
      </trkpt>
      <trkpt lat="46.63359" lon="-121.3764">
        <ele>1561.1</ele>
      </trkpt>
      <trkpt lat="46.63367" lon="-121.37637">
        <ele>1559.93</ele>
      </trkpt>
      <trkpt lat="46.63377" lon="-121.3763">
        <ele>1558.5</ele>
      </trkpt>
      <trkpt lat="46.63384" lon="-121.37624">
        <ele>1557.66</ele>
      </trkpt>
      <trkpt lat="46.63388" lon="-121.37613">
        <ele>1558.78</ele>
      </trkpt>
      <trkpt lat="46.63394" lon="-121.37605">
        <ele>1558.66</ele>
      </trkpt>
      <trkpt lat="46.63405" lon="-121.37595">
        <ele>1558.19</ele>
      </trkpt>
      <trkpt lat="46.63421" lon="-121.37585">
        <ele>1556.24</ele>
      </trkpt>
      <trkpt lat="46.63434" lon="-121.37568">
        <ele>1554.82</ele>
      </trkpt>
      <trkpt lat="46.63448" lon="-121.37534">
        <ele>1554.99</ele>
      </trkpt>
      <trkpt lat="46.63453" lon="-121.37529">
        <ele>1553.24</ele>
      </trkpt>
      <trkpt lat="46.63456" lon="-121.3753">
        <ele>1551.77</ele>
      </trkpt>
      <trkpt lat="46.63452" lon="-121.37573">
        <ele>1545.97</ele>
      </trkpt>
      <trkpt lat="46.63443" lon="-121.37619">
        <ele>1541.9</ele>
      </trkpt>
      <trkpt lat="46.63437" lon="-121.37634">
        <ele>1541.27</ele>
      </trkpt>
      <trkpt lat="46.63425" lon="-121.37651">
        <ele>1540.0</ele>
      </trkpt>
      <trkpt lat="46.63356" lon="-121.37736">
        <ele>1528.64</ele>
      </trkpt>
      <trkpt lat="46.63331" lon="-121.37775">
        <ele>1520.7</ele>
      </trkpt>
      <trkpt lat="46.63314" lon="-121.37793">
        <ele>1517.24</ele>
      </trkpt>
      <trkpt lat="46.63302" lon="-121.37804">
        <ele>1515.38</ele>
      </trkpt>
      <trkpt lat="46.63288" lon="-121.37813">
        <ele>1514.4</ele>
      </trkpt>
      <trkpt lat="46.63286" lon="-121.37819">
        <ele>1512.24</ele>
      </trkpt>
      <trkpt lat="46.63294" lon="-121.37824">
        <ele>1509.27</ele>
      </trkpt>
      <trkpt lat="46.63305" lon="-121.37825">
        <ele>1506.81</ele>
      </trkpt>
      <trkpt lat="46.63321" lon="-121.37824">
        <ele>1504.36</ele>
      </trkpt>
      <trkpt lat="46.6334" lon="-121.37816">
        <ele>1503.9</ele>
      </trkpt>
      <trkpt lat="46.63418" lon="-121.37778">
        <ele>1498.66</ele>
      </trkpt>
      <trkpt lat="46.63442" lon="-121.3776">
        <ele>1497.37</ele>
      </trkpt>
      <trkpt lat="46.63471" lon="-121.37732">
        <ele>1495.33</ele>
      </trkpt>
      <trkpt lat="46.63492" lon="-121.37709">
        <ele>1494.53</ele>
      </trkpt>
      <trkpt lat="46.63504" lon="-121.37699">
        <ele>1492.93</ele>
      </trkpt>
      <trkpt lat="46.6351" lon="-121.37688">
        <ele>1493.18</ele>
      </trkpt>
      <trkpt lat="46.63513" lon="-121.37688">
        <ele>1492.3</ele>
      </trkpt>
      <trkpt lat="46.63514" lon="-121.3769">
        <ele>1491.69</ele>
      </trkpt>
      <trkpt lat="46.63515" lon="-121.37712">
        <ele>1487.9</ele>
      </trkpt>
      <trkpt lat="46.63531" lon="-121.37775">
        <ele>1476.85</ele>
      </trkpt>
      <trkpt lat="46.6356" lon="-121.37864">
        <ele>1466.69</ele>
      </trkpt>
      <trkpt lat="46.63583" lon="-121.37906">
        <ele>1461.3</ele>
      </trkpt>
      <trkpt lat="46.63606" lon="-121.37936">
        <ele>1457.32</ele>
      </trkpt>
      <trkpt lat="46.63622" lon="-121.37966">
        <ele>1452.61</ele>
      </trkpt>
      <trkpt lat="46.63629" lon="-121.37975">
        <ele>1450.75</ele>
      </trkpt>
      <trkpt lat="46.63637" lon="-121.37978">
        <ele>1450.38</ele>
      </trkpt>
      <trkpt lat="46.63669" lon="-121.37972">
        <ele>1450.8</ele>
      </trkpt>
      <trkpt lat="46.63684" lon="-121.37976">
        <ele>1449.18</ele>
      </trkpt>
      <trkpt lat="46.63698" lon="-121.37972">
        <ele>1448.66</ele>
      </trkpt>
      <trkpt lat="46.63714" lon="-121.37964">
        <ele>1448.66</ele>
      </trkpt>
      <trkpt lat="46.63746" lon="-121.37965">
        <ele>1445.21</ele>
      </trkpt>
      <trkpt lat="46.63786" lon="-121.37971">
        <ele>1441.36</ele>
      </trkpt>
      <trkpt lat="46.63813" lon="-121.37972">
        <ele>1440.03</ele>
      </trkpt>
      <trkpt lat="46.63818" lon="-121.37969">
        <ele>1440.12</ele>
      </trkpt>
      <trkpt lat="46.63827" lon="-121.37969">
        <ele>1439.38</ele>
      </trkpt>
      <trkpt lat="46.63833" lon="-121.37971">
        <ele>1438.3</ele>
      </trkpt>
      <trkpt lat="46.63835" lon="-121.37976">
        <ele>1437.0</ele>
      </trkpt>
      <trkpt lat="46.63826" lon="-121.37983">
        <ele>1436.46</ele>
      </trkpt>
      <trkpt lat="46.63806" lon="-121.38006">
        <ele>1433.66</ele>
      </trkpt>
      <trkpt lat="46.63794" lon="-121.38019">
        <ele>1431.91</ele>
      </trkpt>
      <trkpt lat="46.63758" lon="-121.38049">
        <ele>1428.55</ele>
      </trkpt>
      <trkpt lat="46.63732" lon="-121.3808">
        <ele>1424.7</ele>
      </trkpt>
      <trkpt lat="46.63724" lon="-121.38092">
        <ele>1423.12</ele>
      </trkpt>
      <trkpt lat="46.63713" lon="-121.38104">
        <ele>1421.77</ele>
      </trkpt>
      <trkpt lat="46.63707" lon="-121.38116">
        <ele>1419.94</ele>
      </trkpt>
      <trkpt lat="46.63713" lon="-121.38122">
        <ele>1418.65</ele>
      </trkpt>
      <trkpt lat="46.63734" lon="-121.38119">
        <ele>1418.26</ele>
      </trkpt>
      <trkpt lat="46.6376" lon="-121.38124">
        <ele>1416.14</ele>
      </trkpt>
      <trkpt lat="46.63804" lon="-121.38138">
        <ele>1409.28</ele>
      </trkpt>
      <trkpt lat="46.63814" lon="-121.38139">
        <ele>1408.06</ele>
      </trkpt>
      <trkpt lat="46.63835" lon="-121.38141">
        <ele>1404.36</ele>
      </trkpt>
      <trkpt lat="46.63852" lon="-121.38139">
        <ele>1402.96</ele>
      </trkpt>
      <trkpt lat="46.63876" lon="-121.38135">
        <ele>1400.81</ele>
      </trkpt>
      <trkpt lat="46.63902" lon="-121.38136">
        <ele>1397.9</ele>
      </trkpt>
      <trkpt lat="46.63919" lon="-121.3814">
        <ele>1394.63</ele>
      </trkpt>
      <trkpt lat="46.6393" lon="-121.38139">
        <ele>1393.54</ele>
      </trkpt>
      <trkpt lat="46.63953" lon="-121.38128">
        <ele>1391.49</ele>
      </trkpt>
      <trkpt lat="46.63972" lon="-121.38114">
        <ele>1390.12</ele>
      </trkpt>
      <trkpt lat="46.63993" lon="-121.38102">
        <ele>1386.48</ele>
      </trkpt>
      <trkpt lat="46.64" lon="-121.38094">
        <ele>1386.7</ele>
      </trkpt>
      <trkpt lat="46.63999" lon="-121.38086">
        <ele>1388.64</ele>
      </trkpt>
      <trkpt lat="46.64001" lon="-121.38073">
        <ele>1390.91</ele>
      </trkpt>
      <trkpt lat="46.6401" lon="-121.3807">
        <ele>1388.72</ele>
      </trkpt>
      <trkpt lat="46.64031" lon="-121.38067">
        <ele>1383.83</ele>
      </trkpt>
      <trkpt lat="46.6404" lon="-121.38057">
        <ele>1383.78</ele>
      </trkpt>
      <trkpt lat="46.64057" lon="-121.38043">
        <ele>1381.94</ele>
      </trkpt>
      <trkpt lat="46.64091" lon="-121.38012">
        <ele>1379.17</ele>
      </trkpt>
      <trkpt lat="46.64112" lon="-121.37996">
        <ele>1376.63</ele>
      </trkpt>
      <trkpt lat="46.64141" lon="-121.37968">
        <ele>1371.77</ele>
      </trkpt>
      <trkpt lat="46.64157" lon="-121.37956">
        <ele>1367.92</ele>
      </trkpt>
      <trkpt lat="46.64175" lon="-121.3794">
        <ele>1363.78</ele>
      </trkpt>
      <trkpt lat="46.64193" lon="-121.37912">
        <ele>1361.05</ele>
      </trkpt>
      <trkpt lat="46.64205" lon="-121.379">
        <ele>1358.38</ele>
      </trkpt>
      <trkpt lat="46.64215" lon="-121.37892">
        <ele>1356.08</ele>
      </trkpt>
      <trkpt lat="46.64236" lon="-121.37884">
        <ele>1350.05</ele>
      </trkpt>
      <trkpt lat="46.64264" lon="-121.37877">
        <ele>1340.33</ele>
      </trkpt>
      <trkpt lat="46.64283" lon="-121.37877">
        <ele>1339.4</ele>
      </trkpt>
      <trkpt lat="46.64297" lon="-121.37874">
        <ele>1340.0</ele>
      </trkpt>
      <trkpt lat="46.64328" lon="-121.37874">
        <ele>1341.42</ele>
      </trkpt>
      <trkpt lat="46.64335" lon="-121.37876">
        <ele>1342.0</ele>
      </trkpt>
      <trkpt lat="46.64353" lon="-121.37888">
        <ele>1343.0</ele>
      </trkpt>
      <trkpt lat="46.64364" lon="-121.37904">
        <ele>1343.2</ele>
      </trkpt>
      <trkpt lat="46.64366" lon="-121.37931">
        <ele>1344.0</ele>
      </trkpt>
      <trkpt lat="46.6437" lon="-121.37922">
        <ele>1344.0</ele>
      </trkpt>
    </trkseg>
  </trk>
</gpx>
