<?xml version="1.0"?>
<gpx xmlns="http://www.topografix.com/GPX/1/1" xmlns:xsi="http://www.w3.org/2001/XMLSchema-instance" version="1.1" creator="AllTrails.com" xsi:schemaLocation="http://www.topografix.com/GPX/1/1 http://www.topografix.com/GPX/1/1/gpx.xsd">
  <metadata>
    <name><![CDATA[Hot springs Loops]]></name>
    <desc><![CDATA[]]></desc>
    <link href="http://www.alltrails.com">
      <text>AllTrails, LLC</text>
    </link>
    <bounds minlat="47.43104" minlon="-121.44854" maxlat="47.54628" maxlon="-121.20423"/>
  </metadata>
  <trk>
    <name><![CDATA[Hot springs Loops]]></name>
    <src>AllTrails</src>
    <trkseg>
      <trkpt lat="47.44517" lon="-121.42341">
        <ele>955.14</ele>
      </trkpt>
      <trkpt lat="47.44517" lon="-121.42341">
        <ele>955.14</ele>
      </trkpt>
      <trkpt lat="47.44529" lon="-121.42346">
        <ele>955.76</ele>
      </trkpt>
      <trkpt lat="47.44541" lon="-121.42353">
        <ele>956.43</ele>
      </trkpt>
      <trkpt lat="47.44546" lon="-121.4235">
        <ele>957.17</ele>
      </trkpt>
      <trkpt lat="47.44552" lon="-121.4235">
        <ele>957.82</ele>
      </trkpt>
      <trkpt lat="47.44556" lon="-121.42352">
        <ele>958.1</ele>
      </trkpt>
      <trkpt lat="47.44565" lon="-121.42347">
        <ele>960.03</ele>
      </trkpt>
      <trkpt lat="47.44569" lon="-121.42346">
        <ele>960.74</ele>
      </trkpt>
      <trkpt lat="47.44574" lon="-121.42342">
        <ele>961.98</ele>
      </trkpt>
      <trkpt lat="47.44577" lon="-121.42342">
        <ele>962.34</ele>
      </trkpt>
      <trkpt lat="47.44582" lon="-121.42338">
        <ele>963.28</ele>
      </trkpt>
      <trkpt lat="47.44599" lon="-121.42331">
        <ele>967.33</ele>
      </trkpt>
      <trkpt lat="47.44638" lon="-121.42324">
        <ele>979.72</ele>
      </trkpt>
      <trkpt lat="47.44655" lon="-121.42313">
        <ele>986.42</ele>
      </trkpt>
      <trkpt lat="47.4466" lon="-121.42308">
        <ele>988.58</ele>
      </trkpt>
      <trkpt lat="47.44661" lon="-121.423">
        <ele>990.0</ele>
      </trkpt>
      <trkpt lat="47.44662" lon="-121.42276">
        <ele>993.18</ele>
      </trkpt>
      <trkpt lat="47.44663" lon="-121.42272">
        <ele>994.04</ele>
      </trkpt>
      <trkpt lat="47.44666" lon="-121.42274">
        <ele>995.12</ele>
      </trkpt>
      <trkpt lat="47.4467" lon="-121.42282">
        <ele>995.98</ele>
      </trkpt>
      <trkpt lat="47.44683" lon="-121.42289">
        <ele>1000.84</ele>
      </trkpt>
      <trkpt lat="47.44704" lon="-121.4231">
        <ele>1005.69</ele>
      </trkpt>
      <trkpt lat="47.44708" lon="-121.42316">
        <ele>1005.54</ele>
      </trkpt>
      <trkpt lat="47.44715" lon="-121.42331">
        <ele>1004.22</ele>
      </trkpt>
      <trkpt lat="47.44719" lon="-121.42337">
        <ele>1003.77</ele>
      </trkpt>
      <trkpt lat="47.44721" lon="-121.42343">
        <ele>1002.52</ele>
      </trkpt>
      <trkpt lat="47.44721" lon="-121.42349">
        <ele>1001.22</ele>
      </trkpt>
      <trkpt lat="47.44719" lon="-121.42364">
        <ele>997.44</ele>
      </trkpt>
      <trkpt lat="47.4472" lon="-121.42369">
        <ele>996.78</ele>
      </trkpt>
      <trkpt lat="47.44731" lon="-121.42383">
        <ele>996.17</ele>
      </trkpt>
      <trkpt lat="47.44732" lon="-121.42387">
        <ele>995.55</ele>
      </trkpt>
      <trkpt lat="47.44733" lon="-121.42397">
        <ele>994.62</ele>
      </trkpt>
      <trkpt lat="47.4473" lon="-121.42411">
        <ele>993.52</ele>
      </trkpt>
      <trkpt lat="47.4473" lon="-121.42422">
        <ele>994.0</ele>
      </trkpt>
      <trkpt lat="47.4473" lon="-121.42433">
        <ele>994.48</ele>
      </trkpt>
      <trkpt lat="47.44735" lon="-121.42455">
        <ele>996.81</ele>
      </trkpt>
      <trkpt lat="47.4473" lon="-121.42466">
        <ele>995.85</ele>
      </trkpt>
      <trkpt lat="47.4473" lon="-121.4247">
        <ele>996.28</ele>
      </trkpt>
      <trkpt lat="47.44731" lon="-121.42473">
        <ele>996.92</ele>
      </trkpt>
      <trkpt lat="47.44737" lon="-121.42482">
        <ele>999.84</ele>
      </trkpt>
      <trkpt lat="47.44738" lon="-121.42488">
        <ele>1000.82</ele>
      </trkpt>
      <trkpt lat="47.44738" lon="-121.42494">
        <ele>1001.36</ele>
      </trkpt>
      <trkpt lat="47.44736" lon="-121.42504">
        <ele>1000.95</ele>
      </trkpt>
      <trkpt lat="47.44733" lon="-121.42509">
        <ele>999.66</ele>
      </trkpt>
      <trkpt lat="47.44732" lon="-121.42514">
        <ele>999.22</ele>
      </trkpt>
      <trkpt lat="47.44733" lon="-121.42557">
        <ele>998.34</ele>
      </trkpt>
      <trkpt lat="47.44737" lon="-121.42572">
        <ele>998.01</ele>
      </trkpt>
      <trkpt lat="47.44737" lon="-121.42589">
        <ele>996.18</ele>
      </trkpt>
      <trkpt lat="47.4474" lon="-121.42606">
        <ele>995.72</ele>
      </trkpt>
      <trkpt lat="47.44742" lon="-121.42611">
        <ele>996.41</ele>
      </trkpt>
      <trkpt lat="47.44742" lon="-121.42617">
        <ele>996.41</ele>
      </trkpt>
      <trkpt lat="47.44744" lon="-121.4262">
        <ele>997.06</ele>
      </trkpt>
      <trkpt lat="47.44748" lon="-121.42626">
        <ele>998.83</ele>
      </trkpt>
      <trkpt lat="47.44754" lon="-121.4264">
        <ele>1001.85</ele>
      </trkpt>
      <trkpt lat="47.44756" lon="-121.42647">
        <ele>1003.47</ele>
      </trkpt>
      <trkpt lat="47.44757" lon="-121.4265">
        <ele>1004.02</ele>
      </trkpt>
      <trkpt lat="47.44761" lon="-121.42654">
        <ele>1005.75</ele>
      </trkpt>
      <trkpt lat="47.44766" lon="-121.42663">
        <ele>1007.91</ele>
      </trkpt>
      <trkpt lat="47.44769" lon="-121.42688">
        <ele>1007.92</ele>
      </trkpt>
      <trkpt lat="47.44773" lon="-121.427">
        <ele>1008.53</ele>
      </trkpt>
      <trkpt lat="47.44773" lon="-121.42731">
        <ele>1002.07</ele>
      </trkpt>
      <trkpt lat="47.44776" lon="-121.42745">
        <ele>999.07</ele>
      </trkpt>
      <trkpt lat="47.44781" lon="-121.42754">
        <ele>999.76</ele>
      </trkpt>
      <trkpt lat="47.44789" lon="-121.42767">
        <ele>1002.01</ele>
      </trkpt>
      <trkpt lat="47.44821" lon="-121.42772">
        <ele>1017.04</ele>
      </trkpt>
      <trkpt lat="47.4485" lon="-121.42796">
        <ele>1022.27</ele>
      </trkpt>
      <trkpt lat="47.44872" lon="-121.42818">
        <ele>1023.96</ele>
      </trkpt>
      <trkpt lat="47.44872" lon="-121.42829">
        <ele>1020.93</ele>
      </trkpt>
      <trkpt lat="47.44876" lon="-121.42852">
        <ele>1014.37</ele>
      </trkpt>
      <trkpt lat="47.44876" lon="-121.42863">
        <ele>1010.13</ele>
      </trkpt>
      <trkpt lat="47.44878" lon="-121.42873">
        <ele>1007.21</ele>
      </trkpt>
      <trkpt lat="47.44879" lon="-121.42889">
        <ele>1002.8</ele>
      </trkpt>
      <trkpt lat="47.4488" lon="-121.42898">
        <ele>1003.12</ele>
      </trkpt>
      <trkpt lat="47.44884" lon="-121.42908">
        <ele>1005.48</ele>
      </trkpt>
      <trkpt lat="47.44887" lon="-121.42908">
        <ele>1006.45</ele>
      </trkpt>
      <trkpt lat="47.4489" lon="-121.42906">
        <ele>1007.21</ele>
      </trkpt>
      <trkpt lat="47.44898" lon="-121.42896">
        <ele>1009.18</ele>
      </trkpt>
      <trkpt lat="47.44903" lon="-121.42896">
        <ele>1011.21</ele>
      </trkpt>
      <trkpt lat="47.44904" lon="-121.42898">
        <ele>1011.53</ele>
      </trkpt>
      <trkpt lat="47.44904" lon="-121.42904">
        <ele>1011.76</ele>
      </trkpt>
      <trkpt lat="47.44899" lon="-121.42925">
        <ele>1012.18</ele>
      </trkpt>
      <trkpt lat="47.44904" lon="-121.42942">
        <ele>1014.8</ele>
      </trkpt>
      <trkpt lat="47.44908" lon="-121.42947">
        <ele>1016.53</ele>
      </trkpt>
      <trkpt lat="47.44913" lon="-121.42948">
        <ele>1018.8</ele>
      </trkpt>
      <trkpt lat="47.44916" lon="-121.42951">
        <ele>1020.42</ele>
      </trkpt>
      <trkpt lat="47.44923" lon="-121.42967">
        <ele>1024.12</ele>
      </trkpt>
      <trkpt lat="47.44932" lon="-121.42968">
        <ele>1028.74</ele>
      </trkpt>
      <trkpt lat="47.44946" lon="-121.4299">
        <ele>1035.09</ele>
      </trkpt>
      <trkpt lat="47.44952" lon="-121.43003">
        <ele>1037.57</ele>
      </trkpt>
      <trkpt lat="47.44954" lon="-121.43009">
        <ele>1038.16</ele>
      </trkpt>
      <trkpt lat="47.44954" lon="-121.43019">
        <ele>1035.97</ele>
      </trkpt>
      <trkpt lat="47.44961" lon="-121.43031">
        <ele>1035.11</ele>
      </trkpt>
      <trkpt lat="47.4497" lon="-121.43044">
        <ele>1034.96</ele>
      </trkpt>
      <trkpt lat="47.44989" lon="-121.43061">
        <ele>1038.41</ele>
      </trkpt>
      <trkpt lat="47.45008" lon="-121.43076">
        <ele>1040.86</ele>
      </trkpt>
      <trkpt lat="47.45011" lon="-121.43084">
        <ele>1039.28</ele>
      </trkpt>
      <trkpt lat="47.45011" lon="-121.43095">
        <ele>1034.78</ele>
      </trkpt>
      <trkpt lat="47.45013" lon="-121.43106">
        <ele>1032.14</ele>
      </trkpt>
      <trkpt lat="47.45019" lon="-121.43111">
        <ele>1032.14</ele>
      </trkpt>
      <trkpt lat="47.45028" lon="-121.43115">
        <ele>1032.81</ele>
      </trkpt>
      <trkpt lat="47.45039" lon="-121.43127">
        <ele>1032.22</ele>
      </trkpt>
      <trkpt lat="47.45052" lon="-121.43138">
        <ele>1032.42</ele>
      </trkpt>
      <trkpt lat="47.4506" lon="-121.43142">
        <ele>1034.75</ele>
      </trkpt>
      <trkpt lat="47.45063" lon="-121.43145">
        <ele>1036.09</ele>
      </trkpt>
      <trkpt lat="47.45064" lon="-121.43149">
        <ele>1036.48</ele>
      </trkpt>
      <trkpt lat="47.45064" lon="-121.43153">
        <ele>1036.08</ele>
      </trkpt>
      <trkpt lat="47.45061" lon="-121.43161">
        <ele>1034.19</ele>
      </trkpt>
      <trkpt lat="47.45055" lon="-121.4317">
        <ele>1030.76</ele>
      </trkpt>
      <trkpt lat="47.45053" lon="-121.43174">
        <ele>1029.9</ele>
      </trkpt>
      <trkpt lat="47.45053" lon="-121.43178">
        <ele>1029.67</ele>
      </trkpt>
      <trkpt lat="47.45057" lon="-121.4319">
        <ele>1030.1</ele>
      </trkpt>
      <trkpt lat="47.45062" lon="-121.43195">
        <ele>1031.66</ele>
      </trkpt>
      <trkpt lat="47.45081" lon="-121.4321">
        <ele>1035.14</ele>
      </trkpt>
      <trkpt lat="47.45097" lon="-121.43215">
        <ele>1038.99</ele>
      </trkpt>
      <trkpt lat="47.45101" lon="-121.43221">
        <ele>1038.99</ele>
      </trkpt>
      <trkpt lat="47.45104" lon="-121.43231">
        <ele>1037.58</ele>
      </trkpt>
      <trkpt lat="47.45112" lon="-121.43237">
        <ele>1038.04</ele>
      </trkpt>
      <trkpt lat="47.45122" lon="-121.43242">
        <ele>1039.1</ele>
      </trkpt>
      <trkpt lat="47.45131" lon="-121.43245">
        <ele>1040.75</ele>
      </trkpt>
      <trkpt lat="47.45136" lon="-121.4325">
        <ele>1040.75</ele>
      </trkpt>
      <trkpt lat="47.45144" lon="-121.43255">
        <ele>1042.59</ele>
      </trkpt>
      <trkpt lat="47.45158" lon="-121.43279">
        <ele>1042.06</ele>
      </trkpt>
      <trkpt lat="47.45165" lon="-121.43297">
        <ele>1044.84</ele>
      </trkpt>
      <trkpt lat="47.45174" lon="-121.43315">
        <ele>1049.73</ele>
      </trkpt>
      <trkpt lat="47.45182" lon="-121.43335">
        <ele>1053.29</ele>
      </trkpt>
      <trkpt lat="47.45188" lon="-121.43345">
        <ele>1055.3</ele>
      </trkpt>
      <trkpt lat="47.45192" lon="-121.43357">
        <ele>1055.3</ele>
      </trkpt>
      <trkpt lat="47.45194" lon="-121.43373">
        <ele>1053.19</ele>
      </trkpt>
      <trkpt lat="47.45198" lon="-121.43386">
        <ele>1052.97</ele>
      </trkpt>
      <trkpt lat="47.45204" lon="-121.43396">
        <ele>1053.62</ele>
      </trkpt>
      <trkpt lat="47.45205" lon="-121.43405">
        <ele>1052.12</ele>
      </trkpt>
      <trkpt lat="47.45207" lon="-121.4341">
        <ele>1051.86</ele>
      </trkpt>
      <trkpt lat="47.45209" lon="-121.43412">
        <ele>1052.3</ele>
      </trkpt>
      <trkpt lat="47.45211" lon="-121.43413">
        <ele>1052.94</ele>
      </trkpt>
      <trkpt lat="47.45212" lon="-121.43415">
        <ele>1052.94</ele>
      </trkpt>
      <trkpt lat="47.45211" lon="-121.43422">
        <ele>1050.42</ele>
      </trkpt>
      <trkpt lat="47.45211" lon="-121.43425">
        <ele>1049.45</ele>
      </trkpt>
      <trkpt lat="47.45228" lon="-121.43443">
        <ele>1051.96</ele>
      </trkpt>
      <trkpt lat="47.45237" lon="-121.43452">
        <ele>1053.05</ele>
      </trkpt>
      <trkpt lat="47.45245" lon="-121.4345">
        <ele>1057.72</ele>
      </trkpt>
      <trkpt lat="47.45246" lon="-121.43452">
        <ele>1057.47</ele>
      </trkpt>
      <trkpt lat="47.45249" lon="-121.43463">
        <ele>1055.56</ele>
      </trkpt>
      <trkpt lat="47.45261" lon="-121.43473">
        <ele>1057.5</ele>
      </trkpt>
      <trkpt lat="47.45268" lon="-121.43484">
        <ele>1056.98</ele>
      </trkpt>
      <trkpt lat="47.45271" lon="-121.43491">
        <ele>1056.01</ele>
      </trkpt>
      <trkpt lat="47.45284" lon="-121.43502">
        <ele>1058.11</ele>
      </trkpt>
      <trkpt lat="47.45288" lon="-121.43509">
        <ele>1057.5</ele>
      </trkpt>
      <trkpt lat="47.45288" lon="-121.43516">
        <ele>1055.23</ele>
      </trkpt>
      <trkpt lat="47.4529" lon="-121.43521">
        <ele>1054.66</ele>
      </trkpt>
      <trkpt lat="47.45296" lon="-121.43526">
        <ele>1055.47</ele>
      </trkpt>
      <trkpt lat="47.45301" lon="-121.43534">
        <ele>1055.02</ele>
      </trkpt>
      <trkpt lat="47.45315" lon="-121.43547">
        <ele>1059.12</ele>
      </trkpt>
      <trkpt lat="47.45339" lon="-121.43593">
        <ele>1070.02</ele>
      </trkpt>
      <trkpt lat="47.45354" lon="-121.43626">
        <ele>1071.71</ele>
      </trkpt>
      <trkpt lat="47.45362" lon="-121.43648">
        <ele>1069.42</ele>
      </trkpt>
      <trkpt lat="47.45374" lon="-121.43673">
        <ele>1067.52</ele>
      </trkpt>
      <trkpt lat="47.45393" lon="-121.43693">
        <ele>1071.09</ele>
      </trkpt>
      <trkpt lat="47.45398" lon="-121.437">
        <ele>1071.74</ele>
      </trkpt>
      <trkpt lat="47.45404" lon="-121.43714">
        <ele>1073.05</ele>
      </trkpt>
      <trkpt lat="47.45405" lon="-121.43725">
        <ele>1072.4</ele>
      </trkpt>
      <trkpt lat="47.45406" lon="-121.43734">
        <ele>1071.97</ele>
      </trkpt>
      <trkpt lat="47.45409" lon="-121.43744">
        <ele>1072.34</ele>
      </trkpt>
      <trkpt lat="47.45414" lon="-121.43752">
        <ele>1073.57</ele>
      </trkpt>
      <trkpt lat="47.45414" lon="-121.43764">
        <ele>1071.68</ele>
      </trkpt>
      <trkpt lat="47.45427" lon="-121.43797">
        <ele>1070.31</ele>
      </trkpt>
      <trkpt lat="47.45443" lon="-121.43814">
        <ele>1073.55</ele>
      </trkpt>
      <trkpt lat="47.45446" lon="-121.43829">
        <ele>1071.53</ele>
      </trkpt>
      <trkpt lat="47.45455" lon="-121.43842">
        <ele>1072.55</ele>
      </trkpt>
      <trkpt lat="47.4546" lon="-121.43843">
        <ele>1073.95</ele>
      </trkpt>
      <trkpt lat="47.45464" lon="-121.43846">
        <ele>1074.64</ele>
      </trkpt>
      <trkpt lat="47.45475" lon="-121.43867">
        <ele>1074.63</ele>
      </trkpt>
      <trkpt lat="47.45481" lon="-121.43871">
        <ele>1075.78</ele>
      </trkpt>
      <trkpt lat="47.45491" lon="-121.43891">
        <ele>1077.88</ele>
      </trkpt>
      <trkpt lat="47.455" lon="-121.43901">
        <ele>1080.69</ele>
      </trkpt>
      <trkpt lat="47.4551" lon="-121.4392">
        <ele>1083.09</ele>
      </trkpt>
      <trkpt lat="47.45512" lon="-121.43928">
        <ele>1083.19</ele>
      </trkpt>
      <trkpt lat="47.45532" lon="-121.4397">
        <ele>1083.41</ele>
      </trkpt>
      <trkpt lat="47.45553" lon="-121.44003">
        <ele>1083.52</ele>
      </trkpt>
      <trkpt lat="47.45572" lon="-121.44019">
        <ele>1090.33</ele>
      </trkpt>
      <trkpt lat="47.45597" lon="-121.44052">
        <ele>1101.48</ele>
      </trkpt>
      <trkpt lat="47.45601" lon="-121.44064">
        <ele>1099.88</ele>
      </trkpt>
      <trkpt lat="47.45605" lon="-121.4407">
        <ele>1100.51</ele>
      </trkpt>
      <trkpt lat="47.4561" lon="-121.44073">
        <ele>1102.73</ele>
      </trkpt>
      <trkpt lat="47.45634" lon="-121.44113">
        <ele>1106.53</ele>
      </trkpt>
      <trkpt lat="47.45649" lon="-121.44158">
        <ele>1107.25</ele>
      </trkpt>
      <trkpt lat="47.45664" lon="-121.44182">
        <ele>1110.9</ele>
      </trkpt>
      <trkpt lat="47.4567" lon="-121.44197">
        <ele>1112.8</ele>
      </trkpt>
      <trkpt lat="47.45676" lon="-121.44207">
        <ele>1116.04</ele>
      </trkpt>
      <trkpt lat="47.45679" lon="-121.44218">
        <ele>1117.51</ele>
      </trkpt>
      <trkpt lat="47.45681" lon="-121.44238">
        <ele>1119.99</ele>
      </trkpt>
      <trkpt lat="47.45685" lon="-121.44254">
        <ele>1123.31</ele>
      </trkpt>
      <trkpt lat="47.45683" lon="-121.44286">
        <ele>1122.79</ele>
      </trkpt>
      <trkpt lat="47.45685" lon="-121.44294">
        <ele>1124.64</ele>
      </trkpt>
      <trkpt lat="47.45685" lon="-121.44311">
        <ele>1124.9</ele>
      </trkpt>
      <trkpt lat="47.45688" lon="-121.44316">
        <ele>1126.65</ele>
      </trkpt>
      <trkpt lat="47.45687" lon="-121.44327">
        <ele>1127.55</ele>
      </trkpt>
      <trkpt lat="47.45682" lon="-121.44336">
        <ele>1126.67</ele>
      </trkpt>
      <trkpt lat="47.45679" lon="-121.44344">
        <ele>1126.48</ele>
      </trkpt>
      <trkpt lat="47.45678" lon="-121.4435">
        <ele>1126.7</ele>
      </trkpt>
      <trkpt lat="47.45692" lon="-121.44416">
        <ele>1135.0</ele>
      </trkpt>
      <trkpt lat="47.45706" lon="-121.44463">
        <ele>1139.99</ele>
      </trkpt>
      <trkpt lat="47.45719" lon="-121.44491">
        <ele>1144.61</ele>
      </trkpt>
      <trkpt lat="47.45726" lon="-121.44521">
        <ele>1146.93</ele>
      </trkpt>
      <trkpt lat="47.45736" lon="-121.44549">
        <ele>1151.27</ele>
      </trkpt>
      <trkpt lat="47.45743" lon="-121.44571">
        <ele>1153.8</ele>
      </trkpt>
      <trkpt lat="47.45744" lon="-121.44583">
        <ele>1153.77</ele>
      </trkpt>
      <trkpt lat="47.45749" lon="-121.44592">
        <ele>1155.52</ele>
      </trkpt>
      <trkpt lat="47.45751" lon="-121.44618">
        <ele>1153.69</ele>
      </trkpt>
      <trkpt lat="47.45756" lon="-121.44625">
        <ele>1155.59</ele>
      </trkpt>
      <trkpt lat="47.45766" lon="-121.44646">
        <ele>1157.98</ele>
      </trkpt>
      <trkpt lat="47.4577" lon="-121.44655">
        <ele>1158.74</ele>
      </trkpt>
      <trkpt lat="47.45771" lon="-121.44663">
        <ele>1158.2</ele>
      </trkpt>
      <trkpt lat="47.45777" lon="-121.44672">
        <ele>1159.75</ele>
      </trkpt>
      <trkpt lat="47.4579" lon="-121.4468">
        <ele>1165.14</ele>
      </trkpt>
      <trkpt lat="47.45794" lon="-121.44681">
        <ele>1166.6</ele>
      </trkpt>
      <trkpt lat="47.4581" lon="-121.44716">
        <ele>1174.4</ele>
      </trkpt>
      <trkpt lat="47.45812" lon="-121.44733">
        <ele>1175.48</ele>
      </trkpt>
      <trkpt lat="47.4581" lon="-121.44751">
        <ele>1174.45</ele>
      </trkpt>
      <trkpt lat="47.4581" lon="-121.44758">
        <ele>1174.81</ele>
      </trkpt>
      <trkpt lat="47.45812" lon="-121.44767">
        <ele>1176.18</ele>
      </trkpt>
      <trkpt lat="47.45811" lon="-121.44785">
        <ele>1176.31</ele>
      </trkpt>
      <trkpt lat="47.45811" lon="-121.44794">
        <ele>1176.97</ele>
      </trkpt>
      <trkpt lat="47.45821" lon="-121.44766">
        <ele>1181.83</ele>
      </trkpt>
      <trkpt lat="47.45823" lon="-121.44756">
        <ele>1182.38</ele>
      </trkpt>
      <trkpt lat="47.45828" lon="-121.44739">
        <ele>1185.54</ele>
      </trkpt>
      <trkpt lat="47.45837" lon="-121.44701">
        <ele>1190.38</ele>
      </trkpt>
      <trkpt lat="47.45838" lon="-121.44691">
        <ele>1190.84</ele>
      </trkpt>
      <trkpt lat="47.4585" lon="-121.44631">
        <ele>1197.0</ele>
      </trkpt>
      <trkpt lat="47.45852" lon="-121.44617">
        <ele>1198.09</ele>
      </trkpt>
      <trkpt lat="47.45853" lon="-121.44587">
        <ele>1199.57</ele>
      </trkpt>
      <trkpt lat="47.45851" lon="-121.44573">
        <ele>1198.54</ele>
      </trkpt>
      <trkpt lat="47.45853" lon="-121.44566">
        <ele>1199.62</ele>
      </trkpt>
      <trkpt lat="47.45853" lon="-121.44549">
        <ele>1200.36</ele>
      </trkpt>
      <trkpt lat="47.45855" lon="-121.44539">
        <ele>1201.7</ele>
      </trkpt>
      <trkpt lat="47.45864" lon="-121.44491">
        <ele>1210.78</ele>
      </trkpt>
      <trkpt lat="47.45863" lon="-121.44436">
        <ele>1217.27</ele>
      </trkpt>
      <trkpt lat="47.45861" lon="-121.44417">
        <ele>1218.81</ele>
      </trkpt>
      <trkpt lat="47.4586" lon="-121.44396">
        <ele>1220.5</ele>
      </trkpt>
      <trkpt lat="47.45858" lon="-121.44389">
        <ele>1220.29</ele>
      </trkpt>
      <trkpt lat="47.45859" lon="-121.44378">
        <ele>1222.39</ele>
      </trkpt>
      <trkpt lat="47.45859" lon="-121.44363">
        <ele>1224.2</ele>
      </trkpt>
      <trkpt lat="47.4586" lon="-121.44362">
        <ele>1225.06</ele>
      </trkpt>
      <trkpt lat="47.45861" lon="-121.44363">
        <ele>1225.71</ele>
      </trkpt>
      <trkpt lat="47.45867" lon="-121.44385">
        <ele>1227.24</ele>
      </trkpt>
      <trkpt lat="47.45878" lon="-121.44412">
        <ele>1230.45</ele>
      </trkpt>
      <trkpt lat="47.45883" lon="-121.44419">
        <ele>1233.3</ele>
      </trkpt>
      <trkpt lat="47.45885" lon="-121.44427">
        <ele>1233.94</ele>
      </trkpt>
      <trkpt lat="47.45886" lon="-121.44438">
        <ele>1233.51</ele>
      </trkpt>
      <trkpt lat="47.4589" lon="-121.44452">
        <ele>1235.14</ele>
      </trkpt>
      <trkpt lat="47.45891" lon="-121.44466">
        <ele>1234.5</ele>
      </trkpt>
      <trkpt lat="47.45898" lon="-121.44484">
        <ele>1237.62</ele>
      </trkpt>
      <trkpt lat="47.45904" lon="-121.44511">
        <ele>1241.24</ele>
      </trkpt>
      <trkpt lat="47.45904" lon="-121.44531">
        <ele>1242.28</ele>
      </trkpt>
      <trkpt lat="47.45908" lon="-121.44547">
        <ele>1245.55</ele>
      </trkpt>
      <trkpt lat="47.45915" lon="-121.44564">
        <ele>1249.61</ele>
      </trkpt>
      <trkpt lat="47.45925" lon="-121.44604">
        <ele>1254.3</ele>
      </trkpt>
      <trkpt lat="47.45926" lon="-121.44616">
        <ele>1255.6</ele>
      </trkpt>
      <trkpt lat="47.45929" lon="-121.44626">
        <ele>1259.26</ele>
      </trkpt>
      <trkpt lat="47.45928" lon="-121.44642">
        <ele>1260.46</ele>
      </trkpt>
      <trkpt lat="47.45929" lon="-121.44653">
        <ele>1263.53</ele>
      </trkpt>
      <trkpt lat="47.45928" lon="-121.44672">
        <ele>1266.52</ele>
      </trkpt>
      <trkpt lat="47.45929" lon="-121.44677">
        <ele>1268.88</ele>
      </trkpt>
      <trkpt lat="47.45932" lon="-121.44678">
        <ele>1272.66</ele>
      </trkpt>
      <trkpt lat="47.45933" lon="-121.44665">
        <ele>1270.28</ele>
      </trkpt>
      <trkpt lat="47.45936" lon="-121.44647">
        <ele>1268.63</ele>
      </trkpt>
      <trkpt lat="47.45941" lon="-121.44635">
        <ele>1271.6</ele>
      </trkpt>
      <trkpt lat="47.45942" lon="-121.44625">
        <ele>1270.76</ele>
      </trkpt>
      <trkpt lat="47.45942" lon="-121.44606">
        <ele>1270.85</ele>
      </trkpt>
      <trkpt lat="47.45943" lon="-121.44601">
        <ele>1272.7</ele>
      </trkpt>
      <trkpt lat="47.45944" lon="-121.44602">
        <ele>1273.54</ele>
      </trkpt>
      <trkpt lat="47.4595" lon="-121.44624">
        <ele>1278.18</ele>
      </trkpt>
      <trkpt lat="47.45952" lon="-121.4464">
        <ele>1283.58</ele>
      </trkpt>
      <trkpt lat="47.45951" lon="-121.4466">
        <ele>1286.52</ele>
      </trkpt>
      <trkpt lat="47.45954" lon="-121.4466">
        <ele>1288.82</ele>
      </trkpt>
      <trkpt lat="47.45956" lon="-121.44654">
        <ele>1289.52</ele>
      </trkpt>
      <trkpt lat="47.45956" lon="-121.44645">
        <ele>1288.14</ele>
      </trkpt>
      <trkpt lat="47.45958" lon="-121.44636">
        <ele>1288.23</ele>
      </trkpt>
      <trkpt lat="47.45959" lon="-121.44628">
        <ele>1287.9</ele>
      </trkpt>
      <trkpt lat="47.45957" lon="-121.44622">
        <ele>1284.85</ele>
      </trkpt>
      <trkpt lat="47.45958" lon="-121.44614">
        <ele>1285.27</ele>
      </trkpt>
      <trkpt lat="47.45958" lon="-121.44603">
        <ele>1285.57</ele>
      </trkpt>
      <trkpt lat="47.45956" lon="-121.44598">
        <ele>1284.62</ele>
      </trkpt>
      <trkpt lat="47.45956" lon="-121.44593">
        <ele>1286.11</ele>
      </trkpt>
      <trkpt lat="47.45957" lon="-121.4459">
        <ele>1287.76</ele>
      </trkpt>
      <trkpt lat="47.4596" lon="-121.44597">
        <ele>1289.02</ele>
      </trkpt>
      <trkpt lat="47.45964" lon="-121.44605">
        <ele>1292.08</ele>
      </trkpt>
      <trkpt lat="47.45967" lon="-121.44616">
        <ele>1294.69</ele>
      </trkpt>
      <trkpt lat="47.45969" lon="-121.44625">
        <ele>1296.39</ele>
      </trkpt>
      <trkpt lat="47.45969" lon="-121.44656">
        <ele>1300.26</ele>
      </trkpt>
      <trkpt lat="47.45967" lon="-121.44684">
        <ele>1306.36</ele>
      </trkpt>
      <trkpt lat="47.45961" lon="-121.44695">
        <ele>1305.44</ele>
      </trkpt>
      <trkpt lat="47.45966" lon="-121.44694">
        <ele>1308.51</ele>
      </trkpt>
      <trkpt lat="47.45973" lon="-121.44689">
        <ele>1311.33</ele>
      </trkpt>
      <trkpt lat="47.45978" lon="-121.4468">
        <ele>1312.62</ele>
      </trkpt>
      <trkpt lat="47.45982" lon="-121.44678">
        <ele>1314.8</ele>
      </trkpt>
      <trkpt lat="47.45979" lon="-121.44694">
        <ele>1316.3</ele>
      </trkpt>
      <trkpt lat="47.45976" lon="-121.44726">
        <ele>1321.45</ele>
      </trkpt>
      <trkpt lat="47.45976" lon="-121.44744">
        <ele>1324.6</ele>
      </trkpt>
      <trkpt lat="47.45974" lon="-121.44753">
        <ele>1325.15</ele>
      </trkpt>
      <trkpt lat="47.4597" lon="-121.44759">
        <ele>1324.01</ele>
      </trkpt>
      <trkpt lat="47.45971" lon="-121.44763">
        <ele>1324.88</ele>
      </trkpt>
      <trkpt lat="47.45976" lon="-121.44762">
        <ele>1327.46</ele>
      </trkpt>
      <trkpt lat="47.45983" lon="-121.44758">
        <ele>1331.02</ele>
      </trkpt>
      <trkpt lat="47.45989" lon="-121.44749">
        <ele>1333.49</ele>
      </trkpt>
      <trkpt lat="47.45993" lon="-121.44735">
        <ele>1333.32</ele>
      </trkpt>
      <trkpt lat="47.45996" lon="-121.44731">
        <ele>1334.3</ele>
      </trkpt>
      <trkpt lat="47.46001" lon="-121.44729">
        <ele>1337.0</ele>
      </trkpt>
      <trkpt lat="47.46003" lon="-121.44722">
        <ele>1336.57</ele>
      </trkpt>
      <trkpt lat="47.46012" lon="-121.44713">
        <ele>1338.89</ele>
      </trkpt>
      <trkpt lat="47.46012" lon="-121.44702">
        <ele>1337.0</ele>
      </trkpt>
      <trkpt lat="47.4602" lon="-121.44695">
        <ele>1339.22</ele>
      </trkpt>
      <trkpt lat="47.46028" lon="-121.44668">
        <ele>1338.98</ele>
      </trkpt>
      <trkpt lat="47.46031" lon="-121.44663">
        <ele>1338.65</ele>
      </trkpt>
      <trkpt lat="47.46034" lon="-121.44665">
        <ele>1338.33</ele>
      </trkpt>
      <trkpt lat="47.46036" lon="-121.44669">
        <ele>1338.11</ele>
      </trkpt>
      <trkpt lat="47.46037" lon="-121.44689">
        <ele>1339.41</ele>
      </trkpt>
      <trkpt lat="47.46042" lon="-121.44695">
        <ele>1338.39</ele>
      </trkpt>
      <trkpt lat="47.46043" lon="-121.44703">
        <ele>1338.07</ele>
      </trkpt>
      <trkpt lat="47.46046" lon="-121.44713">
        <ele>1337.13</ele>
      </trkpt>
      <trkpt lat="47.46051" lon="-121.44723">
        <ele>1333.32</ele>
      </trkpt>
      <trkpt lat="47.46051" lon="-121.44731">
        <ele>1332.01</ele>
      </trkpt>
      <trkpt lat="47.46052" lon="-121.4474">
        <ele>1330.15</ele>
      </trkpt>
      <trkpt lat="47.4606" lon="-121.44741">
        <ele>1324.11</ele>
      </trkpt>
      <trkpt lat="47.46063" lon="-121.44732">
        <ele>1323.12</ele>
      </trkpt>
      <trkpt lat="47.46069" lon="-121.44722">
        <ele>1319.88</ele>
      </trkpt>
      <trkpt lat="47.46075" lon="-121.44707">
        <ele>1318.42</ele>
      </trkpt>
      <trkpt lat="47.46074" lon="-121.44689">
        <ele>1322.64</ele>
      </trkpt>
      <trkpt lat="47.46084" lon="-121.44658">
        <ele>1320.49</ele>
      </trkpt>
      <trkpt lat="47.46092" lon="-121.44625">
        <ele>1320.76</ele>
      </trkpt>
      <trkpt lat="47.46103" lon="-121.4459">
        <ele>1317.54</ele>
      </trkpt>
      <trkpt lat="47.46118" lon="-121.44556">
        <ele>1312.23</ele>
      </trkpt>
      <trkpt lat="47.46125" lon="-121.44547">
        <ele>1309.42</ele>
      </trkpt>
      <trkpt lat="47.46127" lon="-121.44525">
        <ele>1311.52</ele>
      </trkpt>
      <trkpt lat="47.46134" lon="-121.44512">
        <ele>1310.52</ele>
      </trkpt>
      <trkpt lat="47.46133" lon="-121.44525">
        <ele>1308.59</ele>
      </trkpt>
      <trkpt lat="47.46134" lon="-121.44533">
        <ele>1306.78</ele>
      </trkpt>
      <trkpt lat="47.46133" lon="-121.4454">
        <ele>1306.22</ele>
      </trkpt>
      <trkpt lat="47.46133" lon="-121.44552">
        <ele>1304.93</ele>
      </trkpt>
      <trkpt lat="47.46126" lon="-121.44585">
        <ele>1304.56</ele>
      </trkpt>
      <trkpt lat="47.46121" lon="-121.44599">
        <ele>1305.14</ele>
      </trkpt>
      <trkpt lat="47.46121" lon="-121.44636">
        <ele>1296.33</ele>
      </trkpt>
      <trkpt lat="47.46116" lon="-121.4465">
        <ele>1297.43</ele>
      </trkpt>
      <trkpt lat="47.46114" lon="-121.4466">
        <ele>1296.66</ele>
      </trkpt>
      <trkpt lat="47.46114" lon="-121.44681">
        <ele>1293.2</ele>
      </trkpt>
      <trkpt lat="47.46112" lon="-121.44693">
        <ele>1292.01</ele>
      </trkpt>
      <trkpt lat="47.46113" lon="-121.44709">
        <ele>1291.07</ele>
      </trkpt>
      <trkpt lat="47.46109" lon="-121.44742">
        <ele>1291.14</ele>
      </trkpt>
      <trkpt lat="47.46113" lon="-121.44759">
        <ele>1288.21</ele>
      </trkpt>
      <trkpt lat="47.46113" lon="-121.44769">
        <ele>1288.18</ele>
      </trkpt>
      <trkpt lat="47.46121" lon="-121.44783">
        <ele>1284.07</ele>
      </trkpt>
      <trkpt lat="47.46119" lon="-121.44794">
        <ele>1284.89</ele>
      </trkpt>
      <trkpt lat="47.46117" lon="-121.44798">
        <ele>1286.25</ele>
      </trkpt>
      <trkpt lat="47.46117" lon="-121.44803">
        <ele>1286.45</ele>
      </trkpt>
      <trkpt lat="47.46119" lon="-121.4481">
        <ele>1285.04</ele>
      </trkpt>
      <trkpt lat="47.46119" lon="-121.44815">
        <ele>1285.04</ele>
      </trkpt>
      <trkpt lat="47.46121" lon="-121.44817">
        <ele>1283.59</ele>
      </trkpt>
      <trkpt lat="47.46123" lon="-121.44812">
        <ele>1282.3</ele>
      </trkpt>
      <trkpt lat="47.46123" lon="-121.44803">
        <ele>1282.3</ele>
      </trkpt>
      <trkpt lat="47.46125" lon="-121.44794">
        <ele>1281.12</ele>
      </trkpt>
      <trkpt lat="47.46134" lon="-121.44783">
        <ele>1275.9</ele>
      </trkpt>
      <trkpt lat="47.4614" lon="-121.44773">
        <ele>1272.34</ele>
      </trkpt>
      <trkpt lat="47.46148" lon="-121.44742">
        <ele>1269.95</ele>
      </trkpt>
      <trkpt lat="47.46158" lon="-121.44712">
        <ele>1268.85</ele>
      </trkpt>
      <trkpt lat="47.46162" lon="-121.44706">
        <ele>1268.14</ele>
      </trkpt>
      <trkpt lat="47.4617" lon="-121.44702">
        <ele>1265.74</ele>
      </trkpt>
      <trkpt lat="47.462" lon="-121.44692">
        <ele>1256.73</ele>
      </trkpt>
      <trkpt lat="47.46217" lon="-121.44664">
        <ele>1257.11</ele>
      </trkpt>
      <trkpt lat="47.46226" lon="-121.44629">
        <ele>1259.84</ele>
      </trkpt>
      <trkpt lat="47.46231" lon="-121.44617">
        <ele>1259.52</ele>
      </trkpt>
      <trkpt lat="47.46237" lon="-121.44607">
        <ele>1258.66</ele>
      </trkpt>
      <trkpt lat="47.46237" lon="-121.44607">
        <ele>1258.66</ele>
      </trkpt>
      <trkpt lat="47.46239" lon="-121.44604">
        <ele>1258.33</ele>
      </trkpt>
      <trkpt lat="47.46245" lon="-121.44603">
        <ele>1256.5</ele>
      </trkpt>
      <trkpt lat="47.46254" lon="-121.44594">
        <ele>1254.98</ele>
      </trkpt>
      <trkpt lat="47.46268" lon="-121.44585">
        <ele>1252.11</ele>
      </trkpt>
      <trkpt lat="47.46273" lon="-121.44576">
        <ele>1251.82</ele>
      </trkpt>
      <trkpt lat="47.4629" lon="-121.44567">
        <ele>1249.12</ele>
      </trkpt>
      <trkpt lat="47.46303" lon="-121.44554">
        <ele>1247.72</ele>
      </trkpt>
      <trkpt lat="47.4631" lon="-121.44553">
        <ele>1246.32</ele>
      </trkpt>
      <trkpt lat="47.46326" lon="-121.44554">
        <ele>1243.79</ele>
      </trkpt>
      <trkpt lat="47.46333" lon="-121.44551">
        <ele>1243.04</ele>
      </trkpt>
      <trkpt lat="47.46344" lon="-121.44549">
        <ele>1242.71</ele>
      </trkpt>
      <trkpt lat="47.46353" lon="-121.44545">
        <ele>1243.14</ele>
      </trkpt>
      <trkpt lat="47.4636" lon="-121.44544">
        <ele>1243.25</ele>
      </trkpt>
      <trkpt lat="47.46368" lon="-121.44545">
        <ele>1242.4</ele>
      </trkpt>
      <trkpt lat="47.46375" lon="-121.44547">
        <ele>1241.92</ele>
      </trkpt>
      <trkpt lat="47.46376" lon="-121.44549">
        <ele>1241.71</ele>
      </trkpt>
      <trkpt lat="47.46378" lon="-121.44555">
        <ele>1241.06</ele>
      </trkpt>
      <trkpt lat="47.46382" lon="-121.44554">
        <ele>1241.17</ele>
      </trkpt>
      <trkpt lat="47.46383" lon="-121.44552">
        <ele>1241.38</ele>
      </trkpt>
      <trkpt lat="47.46386" lon="-121.44542">
        <ele>1242.46</ele>
      </trkpt>
      <trkpt lat="47.46388" lon="-121.44542">
        <ele>1242.46</ele>
      </trkpt>
      <trkpt lat="47.46389" lon="-121.44543">
        <ele>1242.35</ele>
      </trkpt>
      <trkpt lat="47.46394" lon="-121.44551">
        <ele>1240.94</ele>
      </trkpt>
      <trkpt lat="47.46396" lon="-121.44552">
        <ele>1240.62</ele>
      </trkpt>
      <trkpt lat="47.46406" lon="-121.44557">
        <ele>1240.56</ele>
      </trkpt>
      <trkpt lat="47.46416" lon="-121.44558">
        <ele>1241.4</ele>
      </trkpt>
      <trkpt lat="47.46419" lon="-121.44557">
        <ele>1241.69</ele>
      </trkpt>
      <trkpt lat="47.46422" lon="-121.44551">
        <ele>1242.98</ele>
      </trkpt>
      <trkpt lat="47.46428" lon="-121.44548">
        <ele>1243.63</ele>
      </trkpt>
      <trkpt lat="47.46433" lon="-121.44548">
        <ele>1243.63</ele>
      </trkpt>
      <trkpt lat="47.46438" lon="-121.44549">
        <ele>1243.11</ele>
      </trkpt>
      <trkpt lat="47.46446" lon="-121.44554">
        <ele>1241.31</ele>
      </trkpt>
      <trkpt lat="47.46449" lon="-121.44546">
        <ele>1242.56</ele>
      </trkpt>
      <trkpt lat="47.46456" lon="-121.44541">
        <ele>1243.14</ele>
      </trkpt>
      <trkpt lat="47.46461" lon="-121.44539">
        <ele>1243.58</ele>
      </trkpt>
      <trkpt lat="47.46494" lon="-121.44552">
        <ele>1241.77</ele>
      </trkpt>
      <trkpt lat="47.46507" lon="-121.44555">
        <ele>1241.88</ele>
      </trkpt>
      <trkpt lat="47.46524" lon="-121.44561">
        <ele>1243.0</ele>
      </trkpt>
      <trkpt lat="47.46552" lon="-121.4458">
        <ele>1243.95</ele>
      </trkpt>
      <trkpt lat="47.46562" lon="-121.44593">
        <ele>1244.33</ele>
      </trkpt>
      <trkpt lat="47.46566" lon="-121.44598">
        <ele>1244.8</ele>
      </trkpt>
      <trkpt lat="47.46573" lon="-121.44623">
        <ele>1243.12</ele>
      </trkpt>
      <trkpt lat="47.46575" lon="-121.44651">
        <ele>1239.65</ele>
      </trkpt>
      <trkpt lat="47.46585" lon="-121.44703">
        <ele>1239.8</ele>
      </trkpt>
      <trkpt lat="47.46584" lon="-121.44724">
        <ele>1237.1</ele>
      </trkpt>
      <trkpt lat="47.46588" lon="-121.44744">
        <ele>1236.66</ele>
      </trkpt>
      <trkpt lat="47.46594" lon="-121.44764">
        <ele>1238.19</ele>
      </trkpt>
      <trkpt lat="47.46593" lon="-121.44777">
        <ele>1238.22</ele>
      </trkpt>
      <trkpt lat="47.46594" lon="-121.4479">
        <ele>1238.76</ele>
      </trkpt>
      <trkpt lat="47.46594" lon="-121.44803">
        <ele>1237.93</ele>
      </trkpt>
      <trkpt lat="47.46596" lon="-121.44815">
        <ele>1236.07</ele>
      </trkpt>
      <trkpt lat="47.46595" lon="-121.44827">
        <ele>1233.31</ele>
      </trkpt>
      <trkpt lat="47.46597" lon="-121.44832">
        <ele>1231.91</ele>
      </trkpt>
      <trkpt lat="47.466" lon="-121.44833">
        <ele>1231.91</ele>
      </trkpt>
      <trkpt lat="47.46603" lon="-121.4483">
        <ele>1233.12</ele>
      </trkpt>
      <trkpt lat="47.46608" lon="-121.4483">
        <ele>1233.32</ele>
      </trkpt>
      <trkpt lat="47.46644" lon="-121.44816">
        <ele>1234.7</ele>
      </trkpt>
      <trkpt lat="47.46653" lon="-121.44809">
        <ele>1236.53</ele>
      </trkpt>
      <trkpt lat="47.46661" lon="-121.44797">
        <ele>1243.66</ele>
      </trkpt>
      <trkpt lat="47.46675" lon="-121.44797">
        <ele>1241.49</ele>
      </trkpt>
      <trkpt lat="47.46697" lon="-121.44799">
        <ele>1237.05</ele>
      </trkpt>
      <trkpt lat="47.46711" lon="-121.44805">
        <ele>1233.3</ele>
      </trkpt>
      <trkpt lat="47.46722" lon="-121.44806">
        <ele>1234.76</ele>
      </trkpt>
      <trkpt lat="47.46732" lon="-121.44811">
        <ele>1234.43</ele>
      </trkpt>
      <trkpt lat="47.46746" lon="-121.44822">
        <ele>1235.5</ele>
      </trkpt>
      <trkpt lat="47.46755" lon="-121.44831">
        <ele>1236.46</ele>
      </trkpt>
      <trkpt lat="47.46763" lon="-121.44841">
        <ele>1237.13</ele>
      </trkpt>
      <trkpt lat="47.46781" lon="-121.44854">
        <ele>1240.46</ele>
      </trkpt>
      <trkpt lat="47.46792" lon="-121.44854">
        <ele>1243.09</ele>
      </trkpt>
      <trkpt lat="47.46816" lon="-121.4484">
        <ele>1252.26</ele>
      </trkpt>
      <trkpt lat="47.46817" lon="-121.44831">
        <ele>1252.92</ele>
      </trkpt>
      <trkpt lat="47.46825" lon="-121.44826">
        <ele>1254.81</ele>
      </trkpt>
      <trkpt lat="47.46836" lon="-121.44826">
        <ele>1255.12</ele>
      </trkpt>
      <trkpt lat="47.46843" lon="-121.44832">
        <ele>1256.71</ele>
      </trkpt>
      <trkpt lat="47.46847" lon="-121.4483">
        <ele>1256.28</ele>
      </trkpt>
      <trkpt lat="47.46847" lon="-121.44819">
        <ele>1254.74</ele>
      </trkpt>
      <trkpt lat="47.46853" lon="-121.44806">
        <ele>1252.68</ele>
      </trkpt>
      <trkpt lat="47.46856" lon="-121.44791">
        <ele>1250.76</ele>
      </trkpt>
      <trkpt lat="47.46866" lon="-121.44778">
        <ele>1245.36</ele>
      </trkpt>
      <trkpt lat="47.46872" lon="-121.44756">
        <ele>1241.65</ele>
      </trkpt>
      <trkpt lat="47.46867" lon="-121.44746">
        <ele>1244.03</ele>
      </trkpt>
      <trkpt lat="47.46862" lon="-121.44736">
        <ele>1246.01</ele>
      </trkpt>
      <trkpt lat="47.46862" lon="-121.44723">
        <ele>1244.6</ele>
      </trkpt>
      <trkpt lat="47.46864" lon="-121.44715">
        <ele>1242.66</ele>
      </trkpt>
      <trkpt lat="47.46864" lon="-121.44686">
        <ele>1240.44</ele>
      </trkpt>
      <trkpt lat="47.4687" lon="-121.44706">
        <ele>1238.45</ele>
      </trkpt>
      <trkpt lat="47.46875" lon="-121.44726">
        <ele>1237.91</ele>
      </trkpt>
      <trkpt lat="47.46882" lon="-121.44735">
        <ele>1234.84</ele>
      </trkpt>
      <trkpt lat="47.46892" lon="-121.44754">
        <ele>1229.65</ele>
      </trkpt>
      <trkpt lat="47.46898" lon="-121.44735">
        <ele>1224.1</ele>
      </trkpt>
      <trkpt lat="47.46902" lon="-121.44708">
        <ele>1219.61</ele>
      </trkpt>
      <trkpt lat="47.46898" lon="-121.4469">
        <ele>1220.09</ele>
      </trkpt>
      <trkpt lat="47.46893" lon="-121.44687">
        <ele>1222.89</ele>
      </trkpt>
      <trkpt lat="47.46893" lon="-121.44679">
        <ele>1222.48</ele>
      </trkpt>
      <trkpt lat="47.46905" lon="-121.44691">
        <ele>1217.04</ele>
      </trkpt>
      <trkpt lat="47.46907" lon="-121.44698">
        <ele>1216.56</ele>
      </trkpt>
      <trkpt lat="47.46913" lon="-121.44708">
        <ele>1214.26</ele>
      </trkpt>
      <trkpt lat="47.46915" lon="-121.44695">
        <ele>1211.96</ele>
      </trkpt>
      <trkpt lat="47.46918" lon="-121.44662">
        <ele>1209.28</ele>
      </trkpt>
      <trkpt lat="47.46915" lon="-121.44654">
        <ele>1210.9</ele>
      </trkpt>
      <trkpt lat="47.46914" lon="-121.4464">
        <ele>1211.44</ele>
      </trkpt>
      <trkpt lat="47.46925" lon="-121.44612">
        <ele>1202.8</ele>
      </trkpt>
      <trkpt lat="47.46921" lon="-121.44603">
        <ele>1205.72</ele>
      </trkpt>
      <trkpt lat="47.46915" lon="-121.44598">
        <ele>1210.01</ele>
      </trkpt>
      <trkpt lat="47.46913" lon="-121.44591">
        <ele>1210.88</ele>
      </trkpt>
      <trkpt lat="47.46918" lon="-121.44592">
        <ele>1207.94</ele>
      </trkpt>
      <trkpt lat="47.46926" lon="-121.446">
        <ele>1201.94</ele>
      </trkpt>
      <trkpt lat="47.46934" lon="-121.446">
        <ele>1195.9</ele>
      </trkpt>
      <trkpt lat="47.4694" lon="-121.44614">
        <ele>1192.71</ele>
      </trkpt>
      <trkpt lat="47.46943" lon="-121.44653">
        <ele>1194.3</ele>
      </trkpt>
      <trkpt lat="47.46946" lon="-121.4467">
        <ele>1194.69</ele>
      </trkpt>
      <trkpt lat="47.46952" lon="-121.44692">
        <ele>1193.87</ele>
      </trkpt>
      <trkpt lat="47.46968" lon="-121.44714">
        <ele>1187.34</ele>
      </trkpt>
      <trkpt lat="47.46966" lon="-121.44701">
        <ele>1187.59</ele>
      </trkpt>
      <trkpt lat="47.46962" lon="-121.4469">
        <ele>1188.99</ele>
      </trkpt>
      <trkpt lat="47.46964" lon="-121.44674">
        <ele>1186.42</ele>
      </trkpt>
      <trkpt lat="47.46963" lon="-121.44667">
        <ele>1186.98</ele>
      </trkpt>
      <trkpt lat="47.46961" lon="-121.44662">
        <ele>1187.34</ele>
      </trkpt>
      <trkpt lat="47.46959" lon="-121.44647">
        <ele>1186.52</ele>
      </trkpt>
      <trkpt lat="47.46959" lon="-121.44597">
        <ele>1179.62</ele>
      </trkpt>
      <trkpt lat="47.46959" lon="-121.44582">
        <ele>1178.0</ele>
      </trkpt>
      <trkpt lat="47.46955" lon="-121.44575">
        <ele>1179.4</ele>
      </trkpt>
      <trkpt lat="47.46954" lon="-121.44567">
        <ele>1179.82</ele>
      </trkpt>
      <trkpt lat="47.46964" lon="-121.44576">
        <ele>1174.42</ele>
      </trkpt>
      <trkpt lat="47.46971" lon="-121.44589">
        <ele>1171.07</ele>
      </trkpt>
      <trkpt lat="47.46975" lon="-121.44614">
        <ele>1171.43</ele>
      </trkpt>
      <trkpt lat="47.4698" lon="-121.4463">
        <ele>1170.19</ele>
      </trkpt>
      <trkpt lat="47.46988" lon="-121.44663">
        <ele>1168.58</ele>
      </trkpt>
      <trkpt lat="47.46999" lon="-121.44677">
        <ele>1161.2</ele>
      </trkpt>
      <trkpt lat="47.46995" lon="-121.44647">
        <ele>1160.13</ele>
      </trkpt>
      <trkpt lat="47.47" lon="-121.44634">
        <ele>1154.47</ele>
      </trkpt>
      <trkpt lat="47.47004" lon="-121.44607">
        <ele>1148.4</ele>
      </trkpt>
      <trkpt lat="47.47018" lon="-121.44567">
        <ele>1141.22</ele>
      </trkpt>
      <trkpt lat="47.47021" lon="-121.44544">
        <ele>1139.93</ele>
      </trkpt>
      <trkpt lat="47.47017" lon="-121.44528">
        <ele>1141.66</ele>
      </trkpt>
      <trkpt lat="47.47026" lon="-121.44508">
        <ele>1137.77</ele>
      </trkpt>
      <trkpt lat="47.47036" lon="-121.44477">
        <ele>1135.93</ele>
      </trkpt>
      <trkpt lat="47.47036" lon="-121.44455">
        <ele>1138.31</ele>
      </trkpt>
      <trkpt lat="47.47037" lon="-121.4441">
        <ele>1142.74</ele>
      </trkpt>
      <trkpt lat="47.47053" lon="-121.44374">
        <ele>1138.99</ele>
      </trkpt>
      <trkpt lat="47.47054" lon="-121.44363">
        <ele>1140.43</ele>
      </trkpt>
      <trkpt lat="47.47068" lon="-121.44335">
        <ele>1133.86</ele>
      </trkpt>
      <trkpt lat="47.47073" lon="-121.44315">
        <ele>1132.23</ele>
      </trkpt>
      <trkpt lat="47.47083" lon="-121.44292">
        <ele>1125.82</ele>
      </trkpt>
      <trkpt lat="47.47111" lon="-121.44252">
        <ele>1100.91</ele>
      </trkpt>
      <trkpt lat="47.47116" lon="-121.4422">
        <ele>1112.62</ele>
      </trkpt>
      <trkpt lat="47.47127" lon="-121.44207">
        <ele>1108.42</ele>
      </trkpt>
      <trkpt lat="47.47148" lon="-121.44165">
        <ele>1102.25</ele>
      </trkpt>
      <trkpt lat="47.47167" lon="-121.44116">
        <ele>1105.95</ele>
      </trkpt>
      <trkpt lat="47.47165" lon="-121.44159">
        <ele>1089.96</ele>
      </trkpt>
      <trkpt lat="47.47164" lon="-121.44184">
        <ele>1081.26</ele>
      </trkpt>
      <trkpt lat="47.47161" lon="-121.44197">
        <ele>1080.01</ele>
      </trkpt>
      <trkpt lat="47.47166" lon="-121.44191">
        <ele>1076.25</ele>
      </trkpt>
      <trkpt lat="47.47178" lon="-121.44168">
        <ele>1071.55</ele>
      </trkpt>
      <trkpt lat="47.47183" lon="-121.44154">
        <ele>1071.55</ele>
      </trkpt>
      <trkpt lat="47.47183" lon="-121.44147">
        <ele>1074.06</ele>
      </trkpt>
      <trkpt lat="47.47188" lon="-121.44137">
        <ele>1072.57</ele>
      </trkpt>
      <trkpt lat="47.47189" lon="-121.44126">
        <ele>1075.45</ele>
      </trkpt>
      <trkpt lat="47.47193" lon="-121.44118">
        <ele>1074.58</ele>
      </trkpt>
      <trkpt lat="47.47205" lon="-121.44084">
        <ele>1076.03</ele>
      </trkpt>
      <trkpt lat="47.47202" lon="-121.44109">
        <ele>1067.94</ele>
      </trkpt>
      <trkpt lat="47.47206" lon="-121.44117">
        <ele>1059.98</ele>
      </trkpt>
      <trkpt lat="47.47224" lon="-121.44079">
        <ele>1057.17</ele>
      </trkpt>
      <trkpt lat="47.47251" lon="-121.44052">
        <ele>1050.73</ele>
      </trkpt>
      <trkpt lat="47.47276" lon="-121.44046">
        <ele>1039.16</ele>
      </trkpt>
      <trkpt lat="47.47283" lon="-121.44034">
        <ele>1042.54</ele>
      </trkpt>
      <trkpt lat="47.47283" lon="-121.43995">
        <ele>1064.68</ele>
      </trkpt>
      <trkpt lat="47.47278" lon="-121.43975">
        <ele>1081.93</ele>
      </trkpt>
      <trkpt lat="47.47284" lon="-121.4397">
        <ele>1076.82</ele>
      </trkpt>
      <trkpt lat="47.47291" lon="-121.43972">
        <ele>1068.66</ele>
      </trkpt>
      <trkpt lat="47.47293" lon="-121.43967">
        <ele>1068.74</ele>
      </trkpt>
      <trkpt lat="47.47308" lon="-121.43948">
        <ele>1055.65</ele>
      </trkpt>
      <trkpt lat="47.47318" lon="-121.43944">
        <ele>1048.54</ele>
      </trkpt>
      <trkpt lat="47.47302" lon="-121.43963">
        <ele>1060.21</ele>
      </trkpt>
      <trkpt lat="47.47299" lon="-121.43977">
        <ele>1059.39</ele>
      </trkpt>
      <trkpt lat="47.47304" lon="-121.43975">
        <ele>1054.2</ele>
      </trkpt>
      <trkpt lat="47.47315" lon="-121.43966">
        <ele>1042.18</ele>
      </trkpt>
      <trkpt lat="47.4732" lon="-121.43956">
        <ele>1041.62</ele>
      </trkpt>
      <trkpt lat="47.47342" lon="-121.43937">
        <ele>1039.59</ele>
      </trkpt>
      <trkpt lat="47.47376" lon="-121.43904">
        <ele>1032.21</ele>
      </trkpt>
      <trkpt lat="47.47402" lon="-121.43896">
        <ele>1021.53</ele>
      </trkpt>
      <trkpt lat="47.4745" lon="-121.43879">
        <ele>994.84</ele>
      </trkpt>
      <trkpt lat="47.47489" lon="-121.43863">
        <ele>982.46</ele>
      </trkpt>
      <trkpt lat="47.47455" lon="-121.43895">
        <ele>985.14</ele>
      </trkpt>
      <trkpt lat="47.47441" lon="-121.43926">
        <ele>980.58</ele>
      </trkpt>
      <trkpt lat="47.4742" lon="-121.43943">
        <ele>989.77</ele>
      </trkpt>
      <trkpt lat="47.47419" lon="-121.43957">
        <ele>985.15</ele>
      </trkpt>
      <trkpt lat="47.47408" lon="-121.43981">
        <ele>981.89</ele>
      </trkpt>
      <trkpt lat="47.47431" lon="-121.43967">
        <ele>974.71</ele>
      </trkpt>
      <trkpt lat="47.47486" lon="-121.43945">
        <ele>948.3</ele>
      </trkpt>
      <trkpt lat="47.47522" lon="-121.43931">
        <ele>936.4</ele>
      </trkpt>
      <trkpt lat="47.47569" lon="-121.43923">
        <ele>910.78</ele>
      </trkpt>
      <trkpt lat="47.47618" lon="-121.43919">
        <ele>903.8</ele>
      </trkpt>
      <trkpt lat="47.4765" lon="-121.43897">
        <ele>921.02</ele>
      </trkpt>
      <trkpt lat="47.47673" lon="-121.43887">
        <ele>929.16</ele>
      </trkpt>
      <trkpt lat="47.4773" lon="-121.43896">
        <ele>933.36</ele>
      </trkpt>
      <trkpt lat="47.47773" lon="-121.439">
        <ele>947.66</ele>
      </trkpt>
      <trkpt lat="47.47832" lon="-121.43913">
        <ele>950.07</ele>
      </trkpt>
      <trkpt lat="47.47869" lon="-121.43908">
        <ele>946.12</ele>
      </trkpt>
      <trkpt lat="47.47892" lon="-121.43911">
        <ele>935.72</ele>
      </trkpt>
      <trkpt lat="47.47868" lon="-121.43921">
        <ele>939.43</ele>
      </trkpt>
      <trkpt lat="47.47848" lon="-121.43935">
        <ele>937.5</ele>
      </trkpt>
      <trkpt lat="47.4781" lon="-121.43951">
        <ele>928.57</ele>
      </trkpt>
      <trkpt lat="47.47791" lon="-121.43968">
        <ele>914.9</ele>
      </trkpt>
      <trkpt lat="47.47744" lon="-121.43971">
        <ele>897.72</ele>
      </trkpt>
      <trkpt lat="47.47712" lon="-121.43984">
        <ele>870.2</ele>
      </trkpt>
      <trkpt lat="47.47729" lon="-121.43995">
        <ele>872.63</ele>
      </trkpt>
      <trkpt lat="47.4777" lon="-121.44007">
        <ele>883.54</ele>
      </trkpt>
      <trkpt lat="47.4779" lon="-121.44004">
        <ele>888.73</ele>
      </trkpt>
      <trkpt lat="47.47828" lon="-121.44014">
        <ele>884.81</ele>
      </trkpt>
      <trkpt lat="47.47855" lon="-121.44018">
        <ele>875.52</ele>
      </trkpt>
      <trkpt lat="47.47892" lon="-121.44011">
        <ele>864.11</ele>
      </trkpt>
      <trkpt lat="47.4791" lon="-121.43999">
        <ele>858.41</ele>
      </trkpt>
      <trkpt lat="47.47949" lon="-121.43984">
        <ele>839.94</ele>
      </trkpt>
      <trkpt lat="47.47974" lon="-121.4398">
        <ele>830.74</ele>
      </trkpt>
      <trkpt lat="47.48008" lon="-121.43984">
        <ele>820.18</ele>
      </trkpt>
      <trkpt lat="47.48046" lon="-121.43953">
        <ele>822.4</ele>
      </trkpt>
      <trkpt lat="47.48058" lon="-121.43954">
        <ele>819.37</ele>
      </trkpt>
      <trkpt lat="47.48034" lon="-121.43978">
        <ele>816.16</ele>
      </trkpt>
      <trkpt lat="47.48022" lon="-121.43996">
        <ele>812.92</ele>
      </trkpt>
      <trkpt lat="47.47994" lon="-121.44007">
        <ele>815.03</ele>
      </trkpt>
      <trkpt lat="47.47955" lon="-121.44028">
        <ele>815.62</ele>
      </trkpt>
      <trkpt lat="47.47887" lon="-121.44092">
        <ele>821.28</ele>
      </trkpt>
      <trkpt lat="47.47875" lon="-121.44112">
        <ele>817.47</ele>
      </trkpt>
      <trkpt lat="47.47852" lon="-121.44132">
        <ele>816.65</ele>
      </trkpt>
      <trkpt lat="47.47883" lon="-121.44133">
        <ele>801.13</ele>
      </trkpt>
      <trkpt lat="47.47912" lon="-121.44127">
        <ele>790.79</ele>
      </trkpt>
      <trkpt lat="47.47965" lon="-121.44094">
        <ele>784.1</ele>
      </trkpt>
      <trkpt lat="47.48003" lon="-121.44095">
        <ele>775.31</ele>
      </trkpt>
      <trkpt lat="47.48039" lon="-121.44094">
        <ele>768.82</ele>
      </trkpt>
      <trkpt lat="47.48084" lon="-121.44073">
        <ele>772.39</ele>
      </trkpt>
      <trkpt lat="47.48111" lon="-121.4407">
        <ele>769.77</ele>
      </trkpt>
      <trkpt lat="47.4813" lon="-121.44047">
        <ele>775.69</ele>
      </trkpt>
      <trkpt lat="47.48154" lon="-121.44049">
        <ele>770.31</ele>
      </trkpt>
      <trkpt lat="47.48179" lon="-121.4403">
        <ele>772.87</ele>
      </trkpt>
      <trkpt lat="47.48213" lon="-121.44017">
        <ele>770.48</ele>
      </trkpt>
      <trkpt lat="47.48231" lon="-121.44017">
        <ele>764.81</ele>
      </trkpt>
      <trkpt lat="47.48256" lon="-121.43993">
        <ele>765.32</ele>
      </trkpt>
      <trkpt lat="47.48262" lon="-121.43976">
        <ele>767.71</ele>
      </trkpt>
      <trkpt lat="47.48285" lon="-121.43965">
        <ele>760.61</ele>
      </trkpt>
      <trkpt lat="47.48303" lon="-121.43938">
        <ele>757.55</ele>
      </trkpt>
      <trkpt lat="47.48315" lon="-121.43925">
        <ele>753.18</ele>
      </trkpt>
      <trkpt lat="47.48331" lon="-121.43927">
        <ele>742.28</ele>
      </trkpt>
      <trkpt lat="47.48324" lon="-121.43943">
        <ele>743.36</ele>
      </trkpt>
      <trkpt lat="47.48311" lon="-121.4396">
        <ele>747.7</ele>
      </trkpt>
      <trkpt lat="47.48304" lon="-121.43989">
        <ele>746.22</ele>
      </trkpt>
      <trkpt lat="47.48319" lon="-121.44002">
        <ele>733.74</ele>
      </trkpt>
      <trkpt lat="47.48332" lon="-121.44029">
        <ele>719.44</ele>
      </trkpt>
      <trkpt lat="47.4834" lon="-121.44063">
        <ele>707.23</ele>
      </trkpt>
      <trkpt lat="47.48347" lon="-121.44084">
        <ele>701.43</ele>
      </trkpt>
      <trkpt lat="47.4836" lon="-121.44063">
        <ele>700.56</ele>
      </trkpt>
      <trkpt lat="47.48383" lon="-121.44001">
        <ele>699.07</ele>
      </trkpt>
      <trkpt lat="47.48397" lon="-121.43978">
        <ele>694.12</ele>
      </trkpt>
      <trkpt lat="47.48409" lon="-121.43935">
        <ele>691.84</ele>
      </trkpt>
      <trkpt lat="47.48419" lon="-121.43964">
        <ele>681.74</ele>
      </trkpt>
      <trkpt lat="47.48417" lon="-121.44015">
        <ele>680.83</ele>
      </trkpt>
      <trkpt lat="47.48413" lon="-121.44041">
        <ele>681.55</ele>
      </trkpt>
      <trkpt lat="47.48414" lon="-121.44054">
        <ele>680.44</ele>
      </trkpt>
      <trkpt lat="47.48425" lon="-121.44041">
        <ele>675.07</ele>
      </trkpt>
      <trkpt lat="47.4844" lon="-121.4403">
        <ele>664.72</ele>
      </trkpt>
      <trkpt lat="47.48443" lon="-121.44002">
        <ele>664.07</ele>
      </trkpt>
      <trkpt lat="47.48451" lon="-121.4397">
        <ele>659.82</ele>
      </trkpt>
      <trkpt lat="47.48457" lon="-121.43963">
        <ele>655.86</ele>
      </trkpt>
      <trkpt lat="47.48462" lon="-121.43971">
        <ele>652.62</ele>
      </trkpt>
      <trkpt lat="47.48456" lon="-121.44003">
        <ele>654.51</ele>
      </trkpt>
      <trkpt lat="47.48461" lon="-121.4404">
        <ele>648.16</ele>
      </trkpt>
      <trkpt lat="47.4846" lon="-121.44066">
        <ele>646.43</ele>
      </trkpt>
      <trkpt lat="47.48462" lon="-121.4408">
        <ele>643.26</ele>
      </trkpt>
      <trkpt lat="47.48472" lon="-121.44069">
        <ele>636.72</ele>
      </trkpt>
      <trkpt lat="47.48478" lon="-121.44043">
        <ele>633.99</ele>
      </trkpt>
      <trkpt lat="47.48486" lon="-121.44001">
        <ele>630.96</ele>
      </trkpt>
      <trkpt lat="47.48498" lon="-121.43987">
        <ele>624.7</ele>
      </trkpt>
      <trkpt lat="47.48502" lon="-121.43967">
        <ele>624.83</ele>
      </trkpt>
      <trkpt lat="47.48503" lon="-121.43924">
        <ele>630.94</ele>
      </trkpt>
      <trkpt lat="47.48509" lon="-121.43895">
        <ele>628.22</ele>
      </trkpt>
      <trkpt lat="47.48521" lon="-121.43875">
        <ele>624.16</ele>
      </trkpt>
      <trkpt lat="47.48525" lon="-121.43918">
        <ele>615.21</ele>
      </trkpt>
      <trkpt lat="47.48525" lon="-121.43966">
        <ele>609.24</ele>
      </trkpt>
      <trkpt lat="47.48516" lon="-121.43989">
        <ele>612.82</ele>
      </trkpt>
      <trkpt lat="47.48521" lon="-121.44018">
        <ele>605.45</ele>
      </trkpt>
      <trkpt lat="47.4852" lon="-121.44042">
        <ele>604.5</ele>
      </trkpt>
      <trkpt lat="47.4853" lon="-121.44046">
        <ele>597.82</ele>
      </trkpt>
      <trkpt lat="47.48536" lon="-121.44013">
        <ele>596.63</ele>
      </trkpt>
      <trkpt lat="47.48546" lon="-121.43989">
        <ele>593.35</ele>
      </trkpt>
      <trkpt lat="47.48546" lon="-121.43958">
        <ele>597.7</ele>
      </trkpt>
      <trkpt lat="47.48553" lon="-121.43926">
        <ele>598.37</ele>
      </trkpt>
      <trkpt lat="47.4856" lon="-121.43885">
        <ele>599.6</ele>
      </trkpt>
      <trkpt lat="47.48579" lon="-121.43853">
        <ele>598.44</ele>
      </trkpt>
      <trkpt lat="47.4859" lon="-121.43824">
        <ele>601.7</ele>
      </trkpt>
      <trkpt lat="47.48616" lon="-121.43781">
        <ele>593.96</ele>
      </trkpt>
      <trkpt lat="47.48642" lon="-121.4373">
        <ele>576.72</ele>
      </trkpt>
      <trkpt lat="47.48657" lon="-121.43735">
        <ele>568.6</ele>
      </trkpt>
      <trkpt lat="47.4867" lon="-121.43731">
        <ele>562.53</ele>
      </trkpt>
      <trkpt lat="47.48681" lon="-121.43711">
        <ele>557.36</ele>
      </trkpt>
      <trkpt lat="47.48682" lon="-121.43691">
        <ele>555.29</ele>
      </trkpt>
      <trkpt lat="47.48674" lon="-121.43661">
        <ele>553.09</ele>
      </trkpt>
      <trkpt lat="47.48683" lon="-121.43656">
        <ele>548.76</ele>
      </trkpt>
      <trkpt lat="47.48695" lon="-121.43664">
        <ele>546.18</ele>
      </trkpt>
      <trkpt lat="47.48714" lon="-121.43663">
        <ele>538.87</ele>
      </trkpt>
      <trkpt lat="47.4872" lon="-121.43646">
        <ele>533.31</ele>
      </trkpt>
      <trkpt lat="47.48743" lon="-121.43641">
        <ele>523.5</ele>
      </trkpt>
      <trkpt lat="47.48764" lon="-121.43643">
        <ele>515.91</ele>
      </trkpt>
      <trkpt lat="47.48771" lon="-121.43661">
        <ele>515.58</ele>
      </trkpt>
      <trkpt lat="47.48769" lon="-121.43678">
        <ele>518.07</ele>
      </trkpt>
      <trkpt lat="47.48773" lon="-121.437">
        <ele>518.86</ele>
      </trkpt>
      <trkpt lat="47.48769" lon="-121.43743">
        <ele>519.79</ele>
      </trkpt>
      <trkpt lat="47.48766" lon="-121.43783">
        <ele>517.68</ele>
      </trkpt>
      <trkpt lat="47.4876" lon="-121.4381">
        <ele>518.2</ele>
      </trkpt>
      <trkpt lat="47.48783" lon="-121.43796">
        <ele>508.21</ele>
      </trkpt>
      <trkpt lat="47.48805" lon="-121.43769">
        <ele>501.24</ele>
      </trkpt>
      <trkpt lat="47.48828" lon="-121.43729">
        <ele>497.31</ele>
      </trkpt>
      <trkpt lat="47.48834" lon="-121.4369">
        <ele>497.75</ele>
      </trkpt>
      <trkpt lat="47.48835" lon="-121.43658">
        <ele>495.52</ele>
      </trkpt>
      <trkpt lat="47.48833" lon="-121.43639">
        <ele>494.12</ele>
      </trkpt>
      <trkpt lat="47.48828" lon="-121.43616">
        <ele>491.98</ele>
      </trkpt>
      <trkpt lat="47.48815" lon="-121.4359">
        <ele>492.66</ele>
      </trkpt>
      <trkpt lat="47.48794" lon="-121.43558">
        <ele>497.81</ele>
      </trkpt>
      <trkpt lat="47.48772" lon="-121.43514">
        <ele>502.87</ele>
      </trkpt>
      <trkpt lat="47.48763" lon="-121.43486">
        <ele>505.79</ele>
      </trkpt>
      <trkpt lat="47.48757" lon="-121.43449">
        <ele>506.85</ele>
      </trkpt>
      <trkpt lat="47.48747" lon="-121.43399">
        <ele>509.06</ele>
      </trkpt>
      <trkpt lat="47.48734" lon="-121.43308">
        <ele>511.18</ele>
      </trkpt>
      <trkpt lat="47.48717" lon="-121.43213">
        <ele>515.26</ele>
      </trkpt>
      <trkpt lat="47.48709" lon="-121.43191">
        <ele>517.71</ele>
      </trkpt>
      <trkpt lat="47.48672" lon="-121.43128">
        <ele>528.1</ele>
      </trkpt>
      <trkpt lat="47.48665" lon="-121.43109">
        <ele>528.35</ele>
      </trkpt>
      <trkpt lat="47.48661" lon="-121.43066">
        <ele>526.84</ele>
      </trkpt>
      <trkpt lat="47.4866" lon="-121.43036">
        <ele>525.13</ele>
      </trkpt>
      <trkpt lat="47.48652" lon="-121.42978">
        <ele>523.22</ele>
      </trkpt>
      <trkpt lat="47.48643" lon="-121.42946">
        <ele>524.22</ele>
      </trkpt>
      <trkpt lat="47.48633" lon="-121.42921">
        <ele>525.38</ele>
      </trkpt>
      <trkpt lat="47.48611" lon="-121.42849">
        <ele>526.73</ele>
      </trkpt>
      <trkpt lat="47.48584" lon="-121.42771">
        <ele>534.05</ele>
      </trkpt>
      <trkpt lat="47.48575" lon="-121.42726">
        <ele>535.07</ele>
      </trkpt>
      <trkpt lat="47.48561" lon="-121.42685">
        <ele>534.22</ele>
      </trkpt>
      <trkpt lat="47.48558" lon="-121.42642">
        <ele>533.21</ele>
      </trkpt>
      <trkpt lat="47.48543" lon="-121.42604">
        <ele>536.3</ele>
      </trkpt>
      <trkpt lat="47.48522" lon="-121.42563">
        <ele>539.75</ele>
      </trkpt>
      <trkpt lat="47.48513" lon="-121.42553">
        <ele>541.51</ele>
      </trkpt>
      <trkpt lat="47.48497" lon="-121.42542">
        <ele>544.36</ele>
      </trkpt>
      <trkpt lat="47.48466" lon="-121.42493">
        <ele>545.1</ele>
      </trkpt>
      <trkpt lat="47.48453" lon="-121.42456">
        <ele>548.23</ele>
      </trkpt>
      <trkpt lat="47.48448" lon="-121.42429">
        <ele>550.46</ele>
      </trkpt>
      <trkpt lat="47.48447" lon="-121.42379">
        <ele>549.83</ele>
      </trkpt>
      <trkpt lat="47.48435" lon="-121.4231">
        <ele>549.56</ele>
      </trkpt>
      <trkpt lat="47.48421" lon="-121.42269">
        <ele>548.2</ele>
      </trkpt>
      <trkpt lat="47.48403" lon="-121.42236">
        <ele>553.9</ele>
      </trkpt>
      <trkpt lat="47.48397" lon="-121.42223">
        <ele>555.57</ele>
      </trkpt>
      <trkpt lat="47.48397" lon="-121.42223">
        <ele>555.57</ele>
      </trkpt>
      <trkpt lat="47.48386" lon="-121.42193">
        <ele>558.2</ele>
      </trkpt>
      <trkpt lat="47.48377" lon="-121.42162">
        <ele>560.85</ele>
      </trkpt>
      <trkpt lat="47.48372" lon="-121.42137">
        <ele>562.47</ele>
      </trkpt>
      <trkpt lat="47.4837" lon="-121.42121">
        <ele>563.12</ele>
      </trkpt>
      <trkpt lat="47.48367" lon="-121.42047">
        <ele>564.09</ele>
      </trkpt>
      <trkpt lat="47.48368" lon="-121.41961">
        <ele>565.51</ele>
      </trkpt>
      <trkpt lat="47.48364" lon="-121.4194">
        <ele>565.9</ele>
      </trkpt>
      <trkpt lat="47.48351" lon="-121.41908">
        <ele>565.25</ele>
      </trkpt>
      <trkpt lat="47.48346" lon="-121.41899">
        <ele>565.36</ele>
      </trkpt>
      <trkpt lat="47.4834" lon="-121.41892">
        <ele>565.62</ele>
      </trkpt>
      <trkpt lat="47.48309" lon="-121.41872">
        <ele>565.13</ele>
      </trkpt>
      <trkpt lat="47.48301" lon="-121.41864">
        <ele>567.27</ele>
      </trkpt>
      <trkpt lat="47.48296" lon="-121.41857">
        <ele>570.16</ele>
      </trkpt>
      <trkpt lat="47.48294" lon="-121.4185">
        <ele>571.24</ele>
      </trkpt>
      <trkpt lat="47.48294" lon="-121.41838">
        <ele>570.87</ele>
      </trkpt>
      <trkpt lat="47.48299" lon="-121.41809">
        <ele>566.8</ele>
      </trkpt>
      <trkpt lat="47.483" lon="-121.41772">
        <ele>566.0</ele>
      </trkpt>
      <trkpt lat="47.48297" lon="-121.41731">
        <ele>566.7</ele>
      </trkpt>
      <trkpt lat="47.48299" lon="-121.41698">
        <ele>563.51</ele>
      </trkpt>
      <trkpt lat="47.48298" lon="-121.41688">
        <ele>562.75</ele>
      </trkpt>
      <trkpt lat="47.48285" lon="-121.41617">
        <ele>559.8</ele>
      </trkpt>
      <trkpt lat="47.48277" lon="-121.41591">
        <ele>562.09</ele>
      </trkpt>
      <trkpt lat="47.48275" lon="-121.41569">
        <ele>561.65</ele>
      </trkpt>
      <trkpt lat="47.48274" lon="-121.41539">
        <ele>560.25</ele>
      </trkpt>
      <trkpt lat="47.48272" lon="-121.41518">
        <ele>560.09</ele>
      </trkpt>
      <trkpt lat="47.48265" lon="-121.41481">
        <ele>560.47</ele>
      </trkpt>
      <trkpt lat="47.48256" lon="-121.41447">
        <ele>562.41</ele>
      </trkpt>
      <trkpt lat="47.4824" lon="-121.41397">
        <ele>568.13</ele>
      </trkpt>
      <trkpt lat="47.48237" lon="-121.41382">
        <ele>568.32</ele>
      </trkpt>
      <trkpt lat="47.48235" lon="-121.41271">
        <ele>567.48</ele>
      </trkpt>
      <trkpt lat="47.48242" lon="-121.41197">
        <ele>558.69</ele>
      </trkpt>
      <trkpt lat="47.48241" lon="-121.41172">
        <ele>555.07</ele>
      </trkpt>
      <trkpt lat="47.48238" lon="-121.41151">
        <ele>551.6</ele>
      </trkpt>
      <trkpt lat="47.48238" lon="-121.4113">
        <ele>548.89</ele>
      </trkpt>
      <trkpt lat="47.48241" lon="-121.41113">
        <ele>551.33</ele>
      </trkpt>
      <trkpt lat="47.48251" lon="-121.41069">
        <ele>556.27</ele>
      </trkpt>
      <trkpt lat="47.48262" lon="-121.41008">
        <ele>555.41</ele>
      </trkpt>
      <trkpt lat="47.48266" lon="-121.40999">
        <ele>554.51</ele>
      </trkpt>
      <trkpt lat="47.48299" lon="-121.40952">
        <ele>548.23</ele>
      </trkpt>
      <trkpt lat="47.48307" lon="-121.40938">
        <ele>545.1</ele>
      </trkpt>
      <trkpt lat="47.48319" lon="-121.40912">
        <ele>541.04</ele>
      </trkpt>
      <trkpt lat="47.48328" lon="-121.40882">
        <ele>536.4</ele>
      </trkpt>
      <trkpt lat="47.48337" lon="-121.40831">
        <ele>529.96</ele>
      </trkpt>
      <trkpt lat="47.48338" lon="-121.40774">
        <ele>526.99</ele>
      </trkpt>
      <trkpt lat="47.48337" lon="-121.40756">
        <ele>527.21</ele>
      </trkpt>
      <trkpt lat="47.48326" lon="-121.40711">
        <ele>528.42</ele>
      </trkpt>
      <trkpt lat="47.48317" lon="-121.40643">
        <ele>526.21</ele>
      </trkpt>
      <trkpt lat="47.48298" lon="-121.40573">
        <ele>526.75</ele>
      </trkpt>
      <trkpt lat="47.48289" lon="-121.40503">
        <ele>533.58</ele>
      </trkpt>
      <trkpt lat="47.48287" lon="-121.40461">
        <ele>536.22</ele>
      </trkpt>
      <trkpt lat="47.48295" lon="-121.40415">
        <ele>535.28</ele>
      </trkpt>
      <trkpt lat="47.48303" lon="-121.40384">
        <ele>534.28</ele>
      </trkpt>
      <trkpt lat="47.4831" lon="-121.40339">
        <ele>533.23</ele>
      </trkpt>
      <trkpt lat="47.48319" lon="-121.40302">
        <ele>532.27</ele>
      </trkpt>
      <trkpt lat="47.48322" lon="-121.40274">
        <ele>532.45</ele>
      </trkpt>
      <trkpt lat="47.48333" lon="-121.40227">
        <ele>531.07</ele>
      </trkpt>
      <trkpt lat="47.48353" lon="-121.40114">
        <ele>524.88</ele>
      </trkpt>
      <trkpt lat="47.48354" lon="-121.4006">
        <ele>524.0</ele>
      </trkpt>
      <trkpt lat="47.4836" lon="-121.40012">
        <ele>524.0</ele>
      </trkpt>
      <trkpt lat="47.48364" lon="-121.39925">
        <ele>528.69</ele>
      </trkpt>
      <trkpt lat="47.48369" lon="-121.39881">
        <ele>529.15</ele>
      </trkpt>
      <trkpt lat="47.4837" lon="-121.39857">
        <ele>529.08</ele>
      </trkpt>
      <trkpt lat="47.48368" lon="-121.39825">
        <ele>530.49</ele>
      </trkpt>
      <trkpt lat="47.4837" lon="-121.39787">
        <ele>535.05</ele>
      </trkpt>
      <trkpt lat="47.48373" lon="-121.39763">
        <ele>539.6</ele>
      </trkpt>
      <trkpt lat="47.48373" lon="-121.39622">
        <ele>545.43</ele>
      </trkpt>
      <trkpt lat="47.48387" lon="-121.39483">
        <ele>540.41</ele>
      </trkpt>
      <trkpt lat="47.48389" lon="-121.39425">
        <ele>537.95</ele>
      </trkpt>
      <trkpt lat="47.48393" lon="-121.39386">
        <ele>534.67</ele>
      </trkpt>
      <trkpt lat="47.4839" lon="-121.39375">
        <ele>535.58</ele>
      </trkpt>
      <trkpt lat="47.48384" lon="-121.39363">
        <ele>537.21</ele>
      </trkpt>
      <trkpt lat="47.4838" lon="-121.39338">
        <ele>537.86</ele>
      </trkpt>
      <trkpt lat="47.48381" lon="-121.39294">
        <ele>535.7</ele>
      </trkpt>
      <trkpt lat="47.4837" lon="-121.39276">
        <ele>537.07</ele>
      </trkpt>
      <trkpt lat="47.48372" lon="-121.39255">
        <ele>536.65</ele>
      </trkpt>
      <trkpt lat="47.48358" lon="-121.3924">
        <ele>538.65</ele>
      </trkpt>
      <trkpt lat="47.48351" lon="-121.3922">
        <ele>539.18</ele>
      </trkpt>
      <trkpt lat="47.4836" lon="-121.39208">
        <ele>537.65</ele>
      </trkpt>
      <trkpt lat="47.48366" lon="-121.39205">
        <ele>536.54</ele>
      </trkpt>
      <trkpt lat="47.48379" lon="-121.39202">
        <ele>535.07</ele>
      </trkpt>
      <trkpt lat="47.48391" lon="-121.39203">
        <ele>535.0</ele>
      </trkpt>
      <trkpt lat="47.484" lon="-121.39195">
        <ele>535.0</ele>
      </trkpt>
      <trkpt lat="47.4841" lon="-121.39177">
        <ele>535.0</ele>
      </trkpt>
      <trkpt lat="47.48414" lon="-121.39158">
        <ele>536.0</ele>
      </trkpt>
      <trkpt lat="47.48418" lon="-121.39149">
        <ele>536.0</ele>
      </trkpt>
      <trkpt lat="47.48436" lon="-121.39152">
        <ele>536.62</ele>
      </trkpt>
      <trkpt lat="47.48444" lon="-121.39148">
        <ele>537.0</ele>
      </trkpt>
      <trkpt lat="47.48457" lon="-121.39125">
        <ele>538.18</ele>
      </trkpt>
      <trkpt lat="47.48476" lon="-121.3911">
        <ele>540.0</ele>
      </trkpt>
      <trkpt lat="47.48491" lon="-121.39104">
        <ele>540.02</ele>
      </trkpt>
      <trkpt lat="47.48505" lon="-121.39105">
        <ele>540.84</ele>
      </trkpt>
      <trkpt lat="47.4852" lon="-121.391">
        <ele>541.03</ele>
      </trkpt>
      <trkpt lat="47.48531" lon="-121.39091">
        <ele>542.0</ele>
      </trkpt>
      <trkpt lat="47.48537" lon="-121.39064">
        <ele>543.09</ele>
      </trkpt>
      <trkpt lat="47.48549" lon="-121.39048">
        <ele>544.0</ele>
      </trkpt>
      <trkpt lat="47.48586" lon="-121.3898">
        <ele>546.16</ele>
      </trkpt>
      <trkpt lat="47.48597" lon="-121.38945">
        <ele>547.94</ele>
      </trkpt>
      <trkpt lat="47.48615" lon="-121.38934">
        <ele>548.0</ele>
      </trkpt>
      <trkpt lat="47.48642" lon="-121.38945">
        <ele>546.0</ele>
      </trkpt>
      <trkpt lat="47.48659" lon="-121.38943">
        <ele>545.85</ele>
      </trkpt>
      <trkpt lat="47.48689" lon="-121.38954">
        <ele>542.99</ele>
      </trkpt>
      <trkpt lat="47.48702" lon="-121.38963">
        <ele>542.0</ele>
      </trkpt>
      <trkpt lat="47.48715" lon="-121.38962">
        <ele>540.8</ele>
      </trkpt>
      <trkpt lat="47.48734" lon="-121.38944">
        <ele>539.74</ele>
      </trkpt>
      <trkpt lat="47.48752" lon="-121.38909">
        <ele>539.43</ele>
      </trkpt>
      <trkpt lat="47.48761" lon="-121.38899">
        <ele>538.72</ele>
      </trkpt>
      <trkpt lat="47.48765" lon="-121.38882">
        <ele>540.12</ele>
      </trkpt>
      <trkpt lat="47.48772" lon="-121.38873">
        <ele>540.23</ele>
      </trkpt>
      <trkpt lat="47.48774" lon="-121.38864">
        <ele>541.38</ele>
      </trkpt>
      <trkpt lat="47.48778" lon="-121.3886">
        <ele>541.22</ele>
      </trkpt>
      <trkpt lat="47.48785" lon="-121.38864">
        <ele>539.66</ele>
      </trkpt>
      <trkpt lat="47.4879" lon="-121.38869">
        <ele>537.93</ele>
      </trkpt>
      <trkpt lat="47.48806" lon="-121.38887">
        <ele>534.24</ele>
      </trkpt>
      <trkpt lat="47.48818" lon="-121.38913">
        <ele>535.34</ele>
      </trkpt>
      <trkpt lat="47.4882" lon="-121.38927">
        <ele>535.56</ele>
      </trkpt>
      <trkpt lat="47.48819" lon="-121.38949">
        <ele>535.9</ele>
      </trkpt>
      <trkpt lat="47.48812" lon="-121.38994">
        <ele>535.39</ele>
      </trkpt>
      <trkpt lat="47.48811" lon="-121.39019">
        <ele>535.18</ele>
      </trkpt>
      <trkpt lat="47.48812" lon="-121.39048">
        <ele>535.82</ele>
      </trkpt>
      <trkpt lat="47.48818" lon="-121.39066">
        <ele>539.15</ele>
      </trkpt>
      <trkpt lat="47.48818" lon="-121.39077">
        <ele>539.93</ele>
      </trkpt>
      <trkpt lat="47.48817" lon="-121.39091">
        <ele>540.58</ele>
      </trkpt>
      <trkpt lat="47.48823" lon="-121.39121">
        <ele>542.83</ele>
      </trkpt>
      <trkpt lat="47.48823" lon="-121.3914">
        <ele>543.77</ele>
      </trkpt>
      <trkpt lat="47.48816" lon="-121.39201">
        <ele>545.13</ele>
      </trkpt>
      <trkpt lat="47.48844" lon="-121.39118">
        <ele>549.5</ele>
      </trkpt>
      <trkpt lat="47.48854" lon="-121.39067">
        <ele>556.93</ele>
      </trkpt>
      <trkpt lat="47.48857" lon="-121.39018">
        <ele>556.64</ele>
      </trkpt>
      <trkpt lat="47.48873" lon="-121.38938">
        <ele>556.44</ele>
      </trkpt>
      <trkpt lat="47.4889" lon="-121.38893">
        <ele>558.31</ele>
      </trkpt>
      <trkpt lat="47.48907" lon="-121.38861">
        <ele>559.84</ele>
      </trkpt>
      <trkpt lat="47.48946" lon="-121.38808">
        <ele>559.64</ele>
      </trkpt>
      <trkpt lat="47.49001" lon="-121.38758">
        <ele>566.08</ele>
      </trkpt>
      <trkpt lat="47.49031" lon="-121.38736">
        <ele>568.67</ele>
      </trkpt>
      <trkpt lat="47.49059" lon="-121.38695">
        <ele>567.86</ele>
      </trkpt>
      <trkpt lat="47.49108" lon="-121.38662">
        <ele>572.99</ele>
      </trkpt>
      <trkpt lat="47.49131" lon="-121.38626">
        <ele>574.9</ele>
      </trkpt>
      <trkpt lat="47.49161" lon="-121.38609">
        <ele>577.16</ele>
      </trkpt>
      <trkpt lat="47.49161" lon="-121.38609">
        <ele>577.16</ele>
      </trkpt>
      <trkpt lat="47.49213" lon="-121.3858">
        <ele>582.29</ele>
      </trkpt>
      <trkpt lat="47.49238" lon="-121.38558">
        <ele>583.86</ele>
      </trkpt>
      <trkpt lat="47.49426" lon="-121.38422">
        <ele>600.74</ele>
      </trkpt>
      <trkpt lat="47.4946" lon="-121.38387">
        <ele>597.43</ele>
      </trkpt>
      <trkpt lat="47.49548" lon="-121.38303">
        <ele>601.82</ele>
      </trkpt>
      <trkpt lat="47.49596" lon="-121.3828">
        <ele>605.22</ele>
      </trkpt>
      <trkpt lat="47.49643" lon="-121.3825">
        <ele>607.89</ele>
      </trkpt>
      <trkpt lat="47.49668" lon="-121.38226">
        <ele>610.1</ele>
      </trkpt>
      <trkpt lat="47.49711" lon="-121.38198">
        <ele>614.04</ele>
      </trkpt>
      <trkpt lat="47.49726" lon="-121.38177">
        <ele>613.93</ele>
      </trkpt>
      <trkpt lat="47.49751" lon="-121.38161">
        <ele>616.6</ele>
      </trkpt>
      <trkpt lat="47.49794" lon="-121.38107">
        <ele>619.06</ele>
      </trkpt>
      <trkpt lat="47.4983" lon="-121.38078">
        <ele>623.76</ele>
      </trkpt>
      <trkpt lat="47.49871" lon="-121.3805">
        <ele>629.51</ele>
      </trkpt>
      <trkpt lat="47.49927" lon="-121.37995">
        <ele>639.86</ele>
      </trkpt>
      <trkpt lat="47.49941" lon="-121.37977">
        <ele>641.72</ele>
      </trkpt>
      <trkpt lat="47.49947" lon="-121.37956">
        <ele>641.28</ele>
      </trkpt>
      <trkpt lat="47.49944" lon="-121.37924">
        <ele>637.6</ele>
      </trkpt>
      <trkpt lat="47.49948" lon="-121.37903">
        <ele>637.06</ele>
      </trkpt>
      <trkpt lat="47.49969" lon="-121.37869">
        <ele>639.81</ele>
      </trkpt>
      <trkpt lat="47.49987" lon="-121.37857">
        <ele>643.46</ele>
      </trkpt>
      <trkpt lat="47.50024" lon="-121.37848">
        <ele>651.7</ele>
      </trkpt>
      <trkpt lat="47.50047" lon="-121.3784">
        <ele>654.59</ele>
      </trkpt>
      <trkpt lat="47.50082" lon="-121.37805">
        <ele>656.45</ele>
      </trkpt>
      <trkpt lat="47.50101" lon="-121.37774">
        <ele>655.37</ele>
      </trkpt>
      <trkpt lat="47.50114" lon="-121.37754">
        <ele>655.19</ele>
      </trkpt>
      <trkpt lat="47.50131" lon="-121.37736">
        <ele>655.93</ele>
      </trkpt>
      <trkpt lat="47.50189" lon="-121.37711">
        <ele>667.31</ele>
      </trkpt>
      <trkpt lat="47.5021" lon="-121.37692">
        <ele>667.51</ele>
      </trkpt>
      <trkpt lat="47.50221" lon="-121.37657">
        <ele>665.56</ele>
      </trkpt>
      <trkpt lat="47.50239" lon="-121.37633">
        <ele>668.16</ele>
      </trkpt>
      <trkpt lat="47.50268" lon="-121.37605">
        <ele>675.46</ele>
      </trkpt>
      <trkpt lat="47.50308" lon="-121.37541">
        <ele>679.87</ele>
      </trkpt>
      <trkpt lat="47.50354" lon="-121.37482">
        <ele>688.23</ele>
      </trkpt>
      <trkpt lat="47.50372" lon="-121.37452">
        <ele>691.34</ele>
      </trkpt>
      <trkpt lat="47.50377" lon="-121.37401">
        <ele>688.37</ele>
      </trkpt>
      <trkpt lat="47.50396" lon="-121.3735">
        <ele>696.59</ele>
      </trkpt>
      <trkpt lat="47.50429" lon="-121.37302">
        <ele>700.02</ele>
      </trkpt>
      <trkpt lat="47.50461" lon="-121.37247">
        <ele>704.04</ele>
      </trkpt>
      <trkpt lat="47.50485" lon="-121.3721">
        <ele>709.52</ele>
      </trkpt>
      <trkpt lat="47.50496" lon="-121.37179">
        <ele>713.7</ele>
      </trkpt>
      <trkpt lat="47.50496" lon="-121.3712">
        <ele>712.7</ele>
      </trkpt>
      <trkpt lat="47.50504" lon="-121.37093">
        <ele>714.3</ele>
      </trkpt>
      <trkpt lat="47.50507" lon="-121.37066">
        <ele>714.06</ele>
      </trkpt>
      <trkpt lat="47.50533" lon="-121.37012">
        <ele>726.99</ele>
      </trkpt>
      <trkpt lat="47.50562" lon="-121.36961">
        <ele>728.66</ele>
      </trkpt>
      <trkpt lat="47.50577" lon="-121.36908">
        <ele>727.65</ele>
      </trkpt>
      <trkpt lat="47.50588" lon="-121.36846">
        <ele>737.02</ele>
      </trkpt>
      <trkpt lat="47.50602" lon="-121.36788">
        <ele>737.18</ele>
      </trkpt>
      <trkpt lat="47.50602" lon="-121.3676">
        <ele>736.11</ele>
      </trkpt>
      <trkpt lat="47.50609" lon="-121.36736">
        <ele>739.78</ele>
      </trkpt>
      <trkpt lat="47.50652" lon="-121.36683">
        <ele>761.75</ele>
      </trkpt>
      <trkpt lat="47.5071" lon="-121.36592">
        <ele>761.82</ele>
      </trkpt>
      <trkpt lat="47.50752" lon="-121.36517">
        <ele>764.72</ele>
      </trkpt>
      <trkpt lat="47.50773" lon="-121.36479">
        <ele>764.13</ele>
      </trkpt>
      <trkpt lat="47.50803" lon="-121.36448">
        <ele>769.77</ele>
      </trkpt>
      <trkpt lat="47.50828" lon="-121.36389">
        <ele>772.0</ele>
      </trkpt>
      <trkpt lat="47.50839" lon="-121.36318">
        <ele>771.27</ele>
      </trkpt>
      <trkpt lat="47.50867" lon="-121.36244">
        <ele>777.25</ele>
      </trkpt>
      <trkpt lat="47.50897" lon="-121.36178">
        <ele>775.95</ele>
      </trkpt>
      <trkpt lat="47.5091" lon="-121.36129">
        <ele>779.4</ele>
      </trkpt>
      <trkpt lat="47.50919" lon="-121.36032">
        <ele>775.72</ele>
      </trkpt>
      <trkpt lat="47.50922" lon="-121.3599">
        <ele>772.22</ele>
      </trkpt>
      <trkpt lat="47.50931" lon="-121.35951">
        <ele>774.19</ele>
      </trkpt>
      <trkpt lat="47.50936" lon="-121.35917">
        <ele>780.2</ele>
      </trkpt>
      <trkpt lat="47.50939" lon="-121.3589">
        <ele>786.07</ele>
      </trkpt>
      <trkpt lat="47.50939" lon="-121.35871">
        <ele>786.82</ele>
      </trkpt>
      <trkpt lat="47.50947" lon="-121.35837">
        <ele>788.83</ele>
      </trkpt>
      <trkpt lat="47.50957" lon="-121.35781">
        <ele>786.84</ele>
      </trkpt>
      <trkpt lat="47.50962" lon="-121.35714">
        <ele>792.37</ele>
      </trkpt>
      <trkpt lat="47.50971" lon="-121.35672">
        <ele>795.18</ele>
      </trkpt>
      <trkpt lat="47.50978" lon="-121.35588">
        <ele>798.12</ele>
      </trkpt>
      <trkpt lat="47.50987" lon="-121.35541">
        <ele>800.41</ele>
      </trkpt>
      <trkpt lat="47.51" lon="-121.35503">
        <ele>803.32</ele>
      </trkpt>
      <trkpt lat="47.51028" lon="-121.35442">
        <ele>807.92</ele>
      </trkpt>
      <trkpt lat="47.51043" lon="-121.35395">
        <ele>811.59</ele>
      </trkpt>
      <trkpt lat="47.51051" lon="-121.35357">
        <ele>815.98</ele>
      </trkpt>
      <trkpt lat="47.51051" lon="-121.35333">
        <ele>817.03</ele>
      </trkpt>
      <trkpt lat="47.51046" lon="-121.35293">
        <ele>816.65</ele>
      </trkpt>
      <trkpt lat="47.51008" lon="-121.35214">
        <ele>826.26</ele>
      </trkpt>
      <trkpt lat="47.50983" lon="-121.35183">
        <ele>829.2</ele>
      </trkpt>
      <trkpt lat="47.5096" lon="-121.3517">
        <ele>823.64</ele>
      </trkpt>
      <trkpt lat="47.50947" lon="-121.35158">
        <ele>824.04</ele>
      </trkpt>
      <trkpt lat="47.50937" lon="-121.35123">
        <ele>835.48</ele>
      </trkpt>
      <trkpt lat="47.50923" lon="-121.35096">
        <ele>842.26</ele>
      </trkpt>
      <trkpt lat="47.50874" lon="-121.35043">
        <ele>848.85</ele>
      </trkpt>
      <trkpt lat="47.50848" lon="-121.35012">
        <ele>850.57</ele>
      </trkpt>
      <trkpt lat="47.50831" lon="-121.34975">
        <ele>849.94</ele>
      </trkpt>
      <trkpt lat="47.50821" lon="-121.3495">
        <ele>847.67</ele>
      </trkpt>
      <trkpt lat="47.50819" lon="-121.34928">
        <ele>846.81</ele>
      </trkpt>
      <trkpt lat="47.50819" lon="-121.34877">
        <ele>845.07</ele>
      </trkpt>
      <trkpt lat="47.50827" lon="-121.34839">
        <ele>845.56</ele>
      </trkpt>
      <trkpt lat="47.50831" lon="-121.34829">
        <ele>845.78</ele>
      </trkpt>
      <trkpt lat="47.50831" lon="-121.34829">
        <ele>845.78</ele>
      </trkpt>
      <trkpt lat="47.50841" lon="-121.34807">
        <ele>847.64</ele>
      </trkpt>
      <trkpt lat="47.50887" lon="-121.34747">
        <ele>854.06</ele>
      </trkpt>
      <trkpt lat="47.50908" lon="-121.34704">
        <ele>854.16</ele>
      </trkpt>
      <trkpt lat="47.50935" lon="-121.34666">
        <ele>855.89</ele>
      </trkpt>
      <trkpt lat="47.50958" lon="-121.34671">
        <ele>862.4</ele>
      </trkpt>
      <trkpt lat="47.50975" lon="-121.34667">
        <ele>865.35</ele>
      </trkpt>
      <trkpt lat="47.50986" lon="-121.3467">
        <ele>867.52</ele>
      </trkpt>
      <trkpt lat="47.50998" lon="-121.34666">
        <ele>868.71</ele>
      </trkpt>
      <trkpt lat="47.51017" lon="-121.34652">
        <ele>869.25</ele>
      </trkpt>
      <trkpt lat="47.51026" lon="-121.34644">
        <ele>869.36</ele>
      </trkpt>
      <trkpt lat="47.51045" lon="-121.34637">
        <ele>869.77</ele>
      </trkpt>
      <trkpt lat="47.51061" lon="-121.34641">
        <ele>871.82</ele>
      </trkpt>
      <trkpt lat="47.51074" lon="-121.34637">
        <ele>871.79</ele>
      </trkpt>
      <trkpt lat="47.51102" lon="-121.34637">
        <ele>872.6</ele>
      </trkpt>
      <trkpt lat="47.51122" lon="-121.34647">
        <ele>874.88</ele>
      </trkpt>
      <trkpt lat="47.51138" lon="-121.34645">
        <ele>875.26</ele>
      </trkpt>
      <trkpt lat="47.51144" lon="-121.34631">
        <ele>872.77</ele>
      </trkpt>
      <trkpt lat="47.51145" lon="-121.34592">
        <ele>873.6</ele>
      </trkpt>
      <trkpt lat="47.51158" lon="-121.34533">
        <ele>872.76</ele>
      </trkpt>
      <trkpt lat="47.51184" lon="-121.34482">
        <ele>873.8</ele>
      </trkpt>
      <trkpt lat="47.51203" lon="-121.34476">
        <ele>877.21</ele>
      </trkpt>
      <trkpt lat="47.51231" lon="-121.34487">
        <ele>882.54</ele>
      </trkpt>
      <trkpt lat="47.51286" lon="-121.34526">
        <ele>894.5</ele>
      </trkpt>
      <trkpt lat="47.51302" lon="-121.34534">
        <ele>897.7</ele>
      </trkpt>
      <trkpt lat="47.51313" lon="-121.34528">
        <ele>898.64</ele>
      </trkpt>
      <trkpt lat="47.51325" lon="-121.34478">
        <ele>892.82</ele>
      </trkpt>
      <trkpt lat="47.51324" lon="-121.34416">
        <ele>885.91</ele>
      </trkpt>
      <trkpt lat="47.51331" lon="-121.34366">
        <ele>882.02</ele>
      </trkpt>
      <trkpt lat="47.51343" lon="-121.34332">
        <ele>879.98</ele>
      </trkpt>
      <trkpt lat="47.51391" lon="-121.34236">
        <ele>885.4</ele>
      </trkpt>
      <trkpt lat="47.51406" lon="-121.34196">
        <ele>886.73</ele>
      </trkpt>
      <trkpt lat="47.51437" lon="-121.34156">
        <ele>894.68</ele>
      </trkpt>
      <trkpt lat="47.51463" lon="-121.34088">
        <ele>900.02</ele>
      </trkpt>
      <trkpt lat="47.5148" lon="-121.34051">
        <ele>903.29</ele>
      </trkpt>
      <trkpt lat="47.51481" lon="-121.34037">
        <ele>901.79</ele>
      </trkpt>
      <trkpt lat="47.51498" lon="-121.33982">
        <ele>908.18</ele>
      </trkpt>
      <trkpt lat="47.51505" lon="-121.33954">
        <ele>903.82</ele>
      </trkpt>
      <trkpt lat="47.51504" lon="-121.33914">
        <ele>908.16</ele>
      </trkpt>
      <trkpt lat="47.51512" lon="-121.33849">
        <ele>906.08</ele>
      </trkpt>
      <trkpt lat="47.51526" lon="-121.33808">
        <ele>904.62</ele>
      </trkpt>
      <trkpt lat="47.51535" lon="-121.33805">
        <ele>907.99</ele>
      </trkpt>
      <trkpt lat="47.51546" lon="-121.33787">
        <ele>908.83</ele>
      </trkpt>
      <trkpt lat="47.51547" lon="-121.33751">
        <ele>906.41</ele>
      </trkpt>
      <trkpt lat="47.51545" lon="-121.33707">
        <ele>903.8</ele>
      </trkpt>
      <trkpt lat="47.51565" lon="-121.33644">
        <ele>905.61</ele>
      </trkpt>
      <trkpt lat="47.51572" lon="-121.33608">
        <ele>906.55</ele>
      </trkpt>
      <trkpt lat="47.51585" lon="-121.3357">
        <ele>910.36</ele>
      </trkpt>
      <trkpt lat="47.51586" lon="-121.33521">
        <ele>910.13</ele>
      </trkpt>
      <trkpt lat="47.51582" lon="-121.33507">
        <ele>908.68</ele>
      </trkpt>
      <trkpt lat="47.51583" lon="-121.33483">
        <ele>907.9</ele>
      </trkpt>
      <trkpt lat="47.51608" lon="-121.33461">
        <ele>913.78</ele>
      </trkpt>
      <trkpt lat="47.51628" lon="-121.33406">
        <ele>915.14</ele>
      </trkpt>
      <trkpt lat="47.51655" lon="-121.3336">
        <ele>926.16</ele>
      </trkpt>
      <trkpt lat="47.51653" lon="-121.33338">
        <ele>920.46</ele>
      </trkpt>
      <trkpt lat="47.51667" lon="-121.33313">
        <ele>931.09</ele>
      </trkpt>
      <trkpt lat="47.5167" lon="-121.33292">
        <ele>930.48</ele>
      </trkpt>
      <trkpt lat="47.51712" lon="-121.33223">
        <ele>961.54</ele>
      </trkpt>
      <trkpt lat="47.51724" lon="-121.33207">
        <ele>962.58</ele>
      </trkpt>
      <trkpt lat="47.51725" lon="-121.33192">
        <ele>960.13</ele>
      </trkpt>
      <trkpt lat="47.51721" lon="-121.33185">
        <ele>960.56</ele>
      </trkpt>
      <trkpt lat="47.51729" lon="-121.33183">
        <ele>963.97</ele>
      </trkpt>
      <trkpt lat="47.51732" lon="-121.33179">
        <ele>966.23</ele>
      </trkpt>
      <trkpt lat="47.51727" lon="-121.33169">
        <ele>968.66</ele>
      </trkpt>
      <trkpt lat="47.51746" lon="-121.33117">
        <ele>979.07</ele>
      </trkpt>
      <trkpt lat="47.51766" lon="-121.33082">
        <ele>985.5</ele>
      </trkpt>
      <trkpt lat="47.51769" lon="-121.33066">
        <ele>985.34</ele>
      </trkpt>
      <trkpt lat="47.51799" lon="-121.32988">
        <ele>988.87</ele>
      </trkpt>
      <trkpt lat="47.51818" lon="-121.32925">
        <ele>986.77</ele>
      </trkpt>
      <trkpt lat="47.51847" lon="-121.3287">
        <ele>988.86</ele>
      </trkpt>
      <trkpt lat="47.51849" lon="-121.32848">
        <ele>986.77</ele>
      </trkpt>
      <trkpt lat="47.51842" lon="-121.32814">
        <ele>984.77</ele>
      </trkpt>
      <trkpt lat="47.51834" lon="-121.32805">
        <ele>982.41</ele>
      </trkpt>
      <trkpt lat="47.51834" lon="-121.32788">
        <ele>986.08</ele>
      </trkpt>
      <trkpt lat="47.51832" lon="-121.32763">
        <ele>989.88</ele>
      </trkpt>
      <trkpt lat="47.51818" lon="-121.32748">
        <ele>984.28</ele>
      </trkpt>
      <trkpt lat="47.5182" lon="-121.3273">
        <ele>987.36</ele>
      </trkpt>
      <trkpt lat="47.51814" lon="-121.327">
        <ele>984.38</ele>
      </trkpt>
      <trkpt lat="47.51804" lon="-121.32678">
        <ele>976.82</ele>
      </trkpt>
      <trkpt lat="47.51802" lon="-121.32645">
        <ele>973.36</ele>
      </trkpt>
      <trkpt lat="47.51798" lon="-121.32628">
        <ele>968.75</ele>
      </trkpt>
      <trkpt lat="47.51807" lon="-121.32608">
        <ele>970.11</ele>
      </trkpt>
      <trkpt lat="47.51862" lon="-121.32554">
        <ele>978.77</ele>
      </trkpt>
      <trkpt lat="47.51909" lon="-121.32526">
        <ele>976.42</ele>
      </trkpt>
      <trkpt lat="47.51965" lon="-121.32514">
        <ele>990.2</ele>
      </trkpt>
      <trkpt lat="47.52002" lon="-121.32503">
        <ele>993.4</ele>
      </trkpt>
      <trkpt lat="47.52026" lon="-121.32502">
        <ele>995.46</ele>
      </trkpt>
      <trkpt lat="47.52063" lon="-121.32505">
        <ele>998.42</ele>
      </trkpt>
      <trkpt lat="47.52095" lon="-121.32501">
        <ele>1002.82</ele>
      </trkpt>
      <trkpt lat="47.52109" lon="-121.32493">
        <ele>1002.5</ele>
      </trkpt>
      <trkpt lat="47.52143" lon="-121.32481">
        <ele>1002.9</ele>
      </trkpt>
      <trkpt lat="47.52176" lon="-121.32475">
        <ele>1001.9</ele>
      </trkpt>
      <trkpt lat="47.52203" lon="-121.32479">
        <ele>1003.2</ele>
      </trkpt>
      <trkpt lat="47.52245" lon="-121.32468">
        <ele>999.63</ele>
      </trkpt>
      <trkpt lat="47.52288" lon="-121.32466">
        <ele>998.98</ele>
      </trkpt>
      <trkpt lat="47.52327" lon="-121.32475">
        <ele>1000.9</ele>
      </trkpt>
      <trkpt lat="47.5234" lon="-121.32481">
        <ele>1002.16</ele>
      </trkpt>
      <trkpt lat="47.52372" lon="-121.32501">
        <ele>1008.24</ele>
      </trkpt>
      <trkpt lat="47.52411" lon="-121.32487">
        <ele>1006.19</ele>
      </trkpt>
      <trkpt lat="47.52452" lon="-121.3248">
        <ele>1005.5</ele>
      </trkpt>
      <trkpt lat="47.52477" lon="-121.32492">
        <ele>1011.3</ele>
      </trkpt>
      <trkpt lat="47.52528" lon="-121.32489">
        <ele>1015.46</ele>
      </trkpt>
      <trkpt lat="47.52557" lon="-121.32481">
        <ele>1018.21</ele>
      </trkpt>
      <trkpt lat="47.52628" lon="-121.32432">
        <ele>1027.49</ele>
      </trkpt>
      <trkpt lat="47.52655" lon="-121.32409">
        <ele>1036.22</ele>
      </trkpt>
      <trkpt lat="47.52678" lon="-121.32375">
        <ele>1037.62</ele>
      </trkpt>
      <trkpt lat="47.52714" lon="-121.32315">
        <ele>1042.49</ele>
      </trkpt>
      <trkpt lat="47.52725" lon="-121.32285">
        <ele>1037.54</ele>
      </trkpt>
      <trkpt lat="47.52741" lon="-121.32265">
        <ele>1035.93</ele>
      </trkpt>
      <trkpt lat="47.52785" lon="-121.32196">
        <ele>1034.81</ele>
      </trkpt>
      <trkpt lat="47.52786" lon="-121.32174">
        <ele>1029.25</ele>
      </trkpt>
      <trkpt lat="47.52796" lon="-121.32169">
        <ele>1031.65</ele>
      </trkpt>
      <trkpt lat="47.52801" lon="-121.32136">
        <ele>1023.9</ele>
      </trkpt>
      <trkpt lat="47.52801" lon="-121.32107">
        <ele>1015.42</ele>
      </trkpt>
      <trkpt lat="47.52822" lon="-121.32039">
        <ele>1005.13</ele>
      </trkpt>
      <trkpt lat="47.52841" lon="-121.31964">
        <ele>992.88</ele>
      </trkpt>
      <trkpt lat="47.52862" lon="-121.31911">
        <ele>990.19</ele>
      </trkpt>
      <trkpt lat="47.52905" lon="-121.31878">
        <ele>997.48</ele>
      </trkpt>
      <trkpt lat="47.52924" lon="-121.31838">
        <ele>998.79</ele>
      </trkpt>
      <trkpt lat="47.52952" lon="-121.31804">
        <ele>999.0</ele>
      </trkpt>
      <trkpt lat="47.52959" lon="-121.31795">
        <ele>999.57</ele>
      </trkpt>
      <trkpt lat="47.52994" lon="-121.31761">
        <ele>1002.83</ele>
      </trkpt>
      <trkpt lat="47.53011" lon="-121.31749">
        <ele>1004.36</ele>
      </trkpt>
      <trkpt lat="47.53033" lon="-121.31753">
        <ele>1007.89</ele>
      </trkpt>
      <trkpt lat="47.53045" lon="-121.3174">
        <ele>1008.78</ele>
      </trkpt>
      <trkpt lat="47.5306" lon="-121.31733">
        <ele>1009.57</ele>
      </trkpt>
      <trkpt lat="47.53075" lon="-121.3173">
        <ele>1011.1</ele>
      </trkpt>
      <trkpt lat="47.53091" lon="-121.31692">
        <ele>1011.83</ele>
      </trkpt>
      <trkpt lat="47.53124" lon="-121.31647">
        <ele>1013.27</ele>
      </trkpt>
      <trkpt lat="47.53129" lon="-121.31634">
        <ele>1012.93</ele>
      </trkpt>
      <trkpt lat="47.53125" lon="-121.31615">
        <ele>1011.5</ele>
      </trkpt>
      <trkpt lat="47.53133" lon="-121.316">
        <ele>1011.36</ele>
      </trkpt>
      <trkpt lat="47.53157" lon="-121.31573">
        <ele>1012.84</ele>
      </trkpt>
      <trkpt lat="47.53178" lon="-121.31538">
        <ele>1012.33</ele>
      </trkpt>
      <trkpt lat="47.53207" lon="-121.31482">
        <ele>1013.36</ele>
      </trkpt>
      <trkpt lat="47.53223" lon="-121.31444">
        <ele>1015.08</ele>
      </trkpt>
      <trkpt lat="47.53247" lon="-121.31441">
        <ele>1019.1</ele>
      </trkpt>
      <trkpt lat="47.53263" lon="-121.31425">
        <ele>1022.17</ele>
      </trkpt>
      <trkpt lat="47.53299" lon="-121.31377">
        <ele>1027.58</ele>
      </trkpt>
      <trkpt lat="47.53324" lon="-121.31311">
        <ele>1029.58</ele>
      </trkpt>
      <trkpt lat="47.53336" lon="-121.31249">
        <ele>1036.4</ele>
      </trkpt>
      <trkpt lat="47.53341" lon="-121.31172">
        <ele>1037.66</ele>
      </trkpt>
      <trkpt lat="47.53358" lon="-121.31124">
        <ele>1040.33</ele>
      </trkpt>
      <trkpt lat="47.53378" lon="-121.31057">
        <ele>1043.45</ele>
      </trkpt>
      <trkpt lat="47.53387" lon="-121.31016">
        <ele>1043.98</ele>
      </trkpt>
      <trkpt lat="47.53389" lon="-121.30892">
        <ele>1046.07</ele>
      </trkpt>
      <trkpt lat="47.53404" lon="-121.30827">
        <ele>1052.48</ele>
      </trkpt>
      <trkpt lat="47.53427" lon="-121.30764">
        <ele>1061.52</ele>
      </trkpt>
      <trkpt lat="47.53452" lon="-121.30708">
        <ele>1067.73</ele>
      </trkpt>
      <trkpt lat="47.53456" lon="-121.30644">
        <ele>1061.54</ele>
      </trkpt>
      <trkpt lat="47.53472" lon="-121.30612">
        <ele>1064.02</ele>
      </trkpt>
      <trkpt lat="47.535" lon="-121.30549">
        <ele>1067.29</ele>
      </trkpt>
      <trkpt lat="47.53504" lon="-121.30499">
        <ele>1064.73</ele>
      </trkpt>
      <trkpt lat="47.53522" lon="-121.30469">
        <ele>1070.91</ele>
      </trkpt>
      <trkpt lat="47.53548" lon="-121.30453">
        <ele>1079.48</ele>
      </trkpt>
      <trkpt lat="47.53558" lon="-121.30433">
        <ele>1081.99</ele>
      </trkpt>
      <trkpt lat="47.53575" lon="-121.30417">
        <ele>1088.3</ele>
      </trkpt>
      <trkpt lat="47.53647" lon="-121.30278">
        <ele>1107.53</ele>
      </trkpt>
      <trkpt lat="47.53666" lon="-121.30228">
        <ele>1106.38</ele>
      </trkpt>
      <trkpt lat="47.53686" lon="-121.30169">
        <ele>1105.63</ele>
      </trkpt>
      <trkpt lat="47.5371" lon="-121.30067">
        <ele>1101.96</ele>
      </trkpt>
      <trkpt lat="47.53722" lon="-121.29965">
        <ele>1097.93</ele>
      </trkpt>
      <trkpt lat="47.53715" lon="-121.29947">
        <ele>1094.72</ele>
      </trkpt>
      <trkpt lat="47.53718" lon="-121.29918">
        <ele>1093.23</ele>
      </trkpt>
      <trkpt lat="47.53726" lon="-121.2987">
        <ele>1093.41</ele>
      </trkpt>
      <trkpt lat="47.53747" lon="-121.29823">
        <ele>1096.79</ele>
      </trkpt>
      <trkpt lat="47.53749" lon="-121.29757">
        <ele>1100.76</ele>
      </trkpt>
      <trkpt lat="47.53765" lon="-121.29711">
        <ele>1097.82</ele>
      </trkpt>
      <trkpt lat="47.53781" lon="-121.29686">
        <ele>1094.52</ele>
      </trkpt>
      <trkpt lat="47.53804" lon="-121.2966">
        <ele>1094.11</ele>
      </trkpt>
      <trkpt lat="47.53819" lon="-121.29615">
        <ele>1095.71</ele>
      </trkpt>
      <trkpt lat="47.53825" lon="-121.29559">
        <ele>1097.2</ele>
      </trkpt>
      <trkpt lat="47.53831" lon="-121.29524">
        <ele>1097.19</ele>
      </trkpt>
      <trkpt lat="47.53824" lon="-121.29496">
        <ele>1098.42</ele>
      </trkpt>
      <trkpt lat="47.53827" lon="-121.29471">
        <ele>1100.63</ele>
      </trkpt>
      <trkpt lat="47.5384" lon="-121.29458">
        <ele>1103.44</ele>
      </trkpt>
      <trkpt lat="47.539" lon="-121.29358">
        <ele>1114.31</ele>
      </trkpt>
      <trkpt lat="47.53925" lon="-121.29328">
        <ele>1120.39</ele>
      </trkpt>
      <trkpt lat="47.53942" lon="-121.29326">
        <ele>1135.52</ele>
      </trkpt>
      <trkpt lat="47.53949" lon="-121.29319">
        <ele>1137.86</ele>
      </trkpt>
      <trkpt lat="47.53954" lon="-121.293">
        <ele>1137.41</ele>
      </trkpt>
      <trkpt lat="47.54035" lon="-121.29228">
        <ele>1160.83</ele>
      </trkpt>
      <trkpt lat="47.54049" lon="-121.2921">
        <ele>1160.77</ele>
      </trkpt>
      <trkpt lat="47.5405" lon="-121.29186">
        <ele>1155.28</ele>
      </trkpt>
      <trkpt lat="47.54061" lon="-121.29167">
        <ele>1156.01</ele>
      </trkpt>
      <trkpt lat="47.54076" lon="-121.2912">
        <ele>1155.38</ele>
      </trkpt>
      <trkpt lat="47.54095" lon="-121.29113">
        <ele>1158.46</ele>
      </trkpt>
      <trkpt lat="47.54109" lon="-121.29096">
        <ele>1158.14</ele>
      </trkpt>
      <trkpt lat="47.5416" lon="-121.2905">
        <ele>1159.11</ele>
      </trkpt>
      <trkpt lat="47.54183" lon="-121.29039">
        <ele>1160.76</ele>
      </trkpt>
      <trkpt lat="47.54212" lon="-121.29042">
        <ele>1162.49</ele>
      </trkpt>
      <trkpt lat="47.5422" lon="-121.2904">
        <ele>1163.6</ele>
      </trkpt>
      <trkpt lat="47.54225" lon="-121.29035">
        <ele>1164.15</ele>
      </trkpt>
      <trkpt lat="47.54231" lon="-121.29016">
        <ele>1163.68</ele>
      </trkpt>
      <trkpt lat="47.54246" lon="-121.28994">
        <ele>1163.92</ele>
      </trkpt>
      <trkpt lat="47.54266" lon="-121.28921">
        <ele>1160.39</ele>
      </trkpt>
      <trkpt lat="47.54297" lon="-121.28892">
        <ele>1162.08</ele>
      </trkpt>
      <trkpt lat="47.54303" lon="-121.28837">
        <ele>1161.0</ele>
      </trkpt>
      <trkpt lat="47.54315" lon="-121.28792">
        <ele>1159.02</ele>
      </trkpt>
      <trkpt lat="47.54315" lon="-121.28781">
        <ele>1159.02</ele>
      </trkpt>
      <trkpt lat="47.54292" lon="-121.28658">
        <ele>1161.0</ele>
      </trkpt>
      <trkpt lat="47.54316" lon="-121.28603">
        <ele>1163.11</ele>
      </trkpt>
      <trkpt lat="47.54329" lon="-121.2857">
        <ele>1164.0</ele>
      </trkpt>
      <trkpt lat="47.54337" lon="-121.28532">
        <ele>1164.4</ele>
      </trkpt>
      <trkpt lat="47.54355" lon="-121.28512">
        <ele>1165.0</ele>
      </trkpt>
      <trkpt lat="47.54362" lon="-121.28486">
        <ele>1165.0</ele>
      </trkpt>
      <trkpt lat="47.5439" lon="-121.28442">
        <ele>1166.0</ele>
      </trkpt>
      <trkpt lat="47.54404" lon="-121.28414">
        <ele>1166.0</ele>
      </trkpt>
      <trkpt lat="47.54434" lon="-121.28406">
        <ele>1167.74</ele>
      </trkpt>
      <trkpt lat="47.54467" lon="-121.28373">
        <ele>1169.44</ele>
      </trkpt>
      <trkpt lat="47.54493" lon="-121.28329">
        <ele>1172.62</ele>
      </trkpt>
      <trkpt lat="47.54491" lon="-121.28299">
        <ele>1171.06</ele>
      </trkpt>
      <trkpt lat="47.54483" lon="-121.2828">
        <ele>1169.16</ele>
      </trkpt>
      <trkpt lat="47.5448" lon="-121.28255">
        <ele>1167.45</ele>
      </trkpt>
      <trkpt lat="47.5449" lon="-121.28233">
        <ele>1167.15</ele>
      </trkpt>
      <trkpt lat="47.54492" lon="-121.28217">
        <ele>1167.2</ele>
      </trkpt>
      <trkpt lat="47.54505" lon="-121.28187">
        <ele>1170.08</ele>
      </trkpt>
      <trkpt lat="47.54497" lon="-121.28127">
        <ele>1169.0</ele>
      </trkpt>
      <trkpt lat="47.54499" lon="-121.28082">
        <ele>1170.89</ele>
      </trkpt>
      <trkpt lat="47.54504" lon="-121.28042">
        <ele>1173.43</ele>
      </trkpt>
      <trkpt lat="47.54495" lon="-121.28015">
        <ele>1170.75</ele>
      </trkpt>
      <trkpt lat="47.54492" lon="-121.27987">
        <ele>1170.08</ele>
      </trkpt>
      <trkpt lat="47.54498" lon="-121.27963">
        <ele>1170.78</ele>
      </trkpt>
      <trkpt lat="47.54524" lon="-121.27912">
        <ele>1176.37</ele>
      </trkpt>
      <trkpt lat="47.5453" lon="-121.27881">
        <ele>1177.35</ele>
      </trkpt>
      <trkpt lat="47.54531" lon="-121.27848">
        <ele>1174.74</ele>
      </trkpt>
      <trkpt lat="47.54525" lon="-121.27807">
        <ele>1173.65</ele>
      </trkpt>
      <trkpt lat="47.54528" lon="-121.27781">
        <ele>1175.14</ele>
      </trkpt>
      <trkpt lat="47.54527" lon="-121.27763">
        <ele>1176.46</ele>
      </trkpt>
      <trkpt lat="47.54516" lon="-121.27743">
        <ele>1176.27</ele>
      </trkpt>
      <trkpt lat="47.54519" lon="-121.27717">
        <ele>1178.62</ele>
      </trkpt>
      <trkpt lat="47.54514" lon="-121.27691">
        <ele>1179.69</ele>
      </trkpt>
      <trkpt lat="47.54518" lon="-121.27664">
        <ele>1181.27</ele>
      </trkpt>
      <trkpt lat="47.54516" lon="-121.27638">
        <ele>1182.82</ele>
      </trkpt>
      <trkpt lat="47.54528" lon="-121.27599">
        <ele>1187.33</ele>
      </trkpt>
      <trkpt lat="47.54526" lon="-121.27587">
        <ele>1188.6</ele>
      </trkpt>
      <trkpt lat="47.5452" lon="-121.2758">
        <ele>1189.66</ele>
      </trkpt>
      <trkpt lat="47.54479" lon="-121.27578">
        <ele>1189.96</ele>
      </trkpt>
      <trkpt lat="47.54459" lon="-121.27535">
        <ele>1194.92</ele>
      </trkpt>
      <trkpt lat="47.54451" lon="-121.27504">
        <ele>1198.28</ele>
      </trkpt>
      <trkpt lat="47.54451" lon="-121.27426">
        <ele>1208.41</ele>
      </trkpt>
      <trkpt lat="47.54445" lon="-121.27349">
        <ele>1210.35</ele>
      </trkpt>
      <trkpt lat="47.54438" lon="-121.27325">
        <ele>1211.2</ele>
      </trkpt>
      <trkpt lat="47.54407" lon="-121.27244">
        <ele>1213.58</ele>
      </trkpt>
      <trkpt lat="47.54404" lon="-121.27221">
        <ele>1214.76</ele>
      </trkpt>
      <trkpt lat="47.54415" lon="-121.27195">
        <ele>1218.76</ele>
      </trkpt>
      <trkpt lat="47.54409" lon="-121.27158">
        <ele>1221.28</ele>
      </trkpt>
      <trkpt lat="47.54422" lon="-121.27144">
        <ele>1224.6</ele>
      </trkpt>
      <trkpt lat="47.54428" lon="-121.27134">
        <ele>1226.45</ele>
      </trkpt>
      <trkpt lat="47.54427" lon="-121.27117">
        <ele>1226.67</ele>
      </trkpt>
      <trkpt lat="47.5443" lon="-121.27107">
        <ele>1228.08</ele>
      </trkpt>
      <trkpt lat="47.54443" lon="-121.27103">
        <ele>1231.56</ele>
      </trkpt>
      <trkpt lat="47.54444" lon="-121.27083">
        <ele>1232.86</ele>
      </trkpt>
      <trkpt lat="47.54453" lon="-121.27033">
        <ele>1237.21</ele>
      </trkpt>
      <trkpt lat="47.54464" lon="-121.27007">
        <ele>1242.47</ele>
      </trkpt>
      <trkpt lat="47.54475" lon="-121.26962">
        <ele>1251.58</ele>
      </trkpt>
      <trkpt lat="47.5448" lon="-121.26919">
        <ele>1257.16</ele>
      </trkpt>
      <trkpt lat="47.54511" lon="-121.26851">
        <ele>1255.36</ele>
      </trkpt>
      <trkpt lat="47.54536" lon="-121.26838">
        <ele>1257.0</ele>
      </trkpt>
      <trkpt lat="47.5455" lon="-121.26822">
        <ele>1257.0</ele>
      </trkpt>
      <trkpt lat="47.54566" lon="-121.26784">
        <ele>1257.0</ele>
      </trkpt>
      <trkpt lat="47.54586" lon="-121.26767">
        <ele>1257.0</ele>
      </trkpt>
      <trkpt lat="47.54591" lon="-121.26756">
        <ele>1257.0</ele>
      </trkpt>
      <trkpt lat="47.54595" lon="-121.26728">
        <ele>1257.0</ele>
      </trkpt>
      <trkpt lat="47.54598" lon="-121.26715">
        <ele>1257.0</ele>
      </trkpt>
      <trkpt lat="47.54596" lon="-121.26701">
        <ele>1257.0</ele>
      </trkpt>
      <trkpt lat="47.54603" lon="-121.26667">
        <ele>1256.0</ele>
      </trkpt>
      <trkpt lat="47.54598" lon="-121.26651">
        <ele>1254.31</ele>
      </trkpt>
      <trkpt lat="47.546" lon="-121.26641">
        <ele>1253.23</ele>
      </trkpt>
      <trkpt lat="47.54599" lon="-121.26595">
        <ele>1251.0</ele>
      </trkpt>
      <trkpt lat="47.54605" lon="-121.26576">
        <ele>1251.0</ele>
      </trkpt>
      <trkpt lat="47.54614" lon="-121.26538">
        <ele>1252.93</ele>
      </trkpt>
      <trkpt lat="47.54616" lon="-121.26509">
        <ele>1254.0</ele>
      </trkpt>
      <trkpt lat="47.54612" lon="-121.26444">
        <ele>1256.91</ele>
      </trkpt>
      <trkpt lat="47.54615" lon="-121.2643">
        <ele>1257.0</ele>
      </trkpt>
      <trkpt lat="47.54615" lon="-121.26404">
        <ele>1259.37</ele>
      </trkpt>
      <trkpt lat="47.54626" lon="-121.26355">
        <ele>1265.66</ele>
      </trkpt>
      <trkpt lat="47.54624" lon="-121.2633">
        <ele>1267.14</ele>
      </trkpt>
      <trkpt lat="47.54628" lon="-121.26307">
        <ele>1268.84</ele>
      </trkpt>
      <trkpt lat="47.54625" lon="-121.26283">
        <ele>1270.94</ele>
      </trkpt>
      <trkpt lat="47.54611" lon="-121.26262">
        <ele>1275.41</ele>
      </trkpt>
      <trkpt lat="47.54586" lon="-121.26236">
        <ele>1281.22</ele>
      </trkpt>
      <trkpt lat="47.54576" lon="-121.26233">
        <ele>1281.84</ele>
      </trkpt>
      <trkpt lat="47.54557" lon="-121.26212">
        <ele>1282.24</ele>
      </trkpt>
      <trkpt lat="47.54557" lon="-121.2619">
        <ele>1283.56</ele>
      </trkpt>
      <trkpt lat="47.54564" lon="-121.26161">
        <ele>1285.97</ele>
      </trkpt>
      <trkpt lat="47.5455" lon="-121.26142">
        <ele>1286.33</ele>
      </trkpt>
      <trkpt lat="47.5454" lon="-121.26139">
        <ele>1284.63</ele>
      </trkpt>
      <trkpt lat="47.54534" lon="-121.26125">
        <ele>1286.67</ele>
      </trkpt>
      <trkpt lat="47.54548" lon="-121.26095">
        <ele>1291.92</ele>
      </trkpt>
      <trkpt lat="47.54544" lon="-121.2608">
        <ele>1292.84</ele>
      </trkpt>
      <trkpt lat="47.54536" lon="-121.26061">
        <ele>1292.89</ele>
      </trkpt>
      <trkpt lat="47.54539" lon="-121.26033">
        <ele>1294.21</ele>
      </trkpt>
      <trkpt lat="47.5454" lon="-121.26014">
        <ele>1294.65</ele>
      </trkpt>
      <trkpt lat="47.54554" lon="-121.25979">
        <ele>1296.27</ele>
      </trkpt>
      <trkpt lat="47.54564" lon="-121.25968">
        <ele>1297.0</ele>
      </trkpt>
      <trkpt lat="47.54569" lon="-121.25941">
        <ele>1298.37</ele>
      </trkpt>
      <trkpt lat="47.54568" lon="-121.25916">
        <ele>1300.0</ele>
      </trkpt>
      <trkpt lat="47.54552" lon="-121.25903">
        <ele>1301.0</ele>
      </trkpt>
      <trkpt lat="47.54548" lon="-121.2589">
        <ele>1301.88</ele>
      </trkpt>
      <trkpt lat="47.54551" lon="-121.25862">
        <ele>1303.44</ele>
      </trkpt>
      <trkpt lat="47.54524" lon="-121.25827">
        <ele>1305.87</ele>
      </trkpt>
      <trkpt lat="47.54501" lon="-121.25817">
        <ele>1307.66</ele>
      </trkpt>
      <trkpt lat="47.54491" lon="-121.25797">
        <ele>1309.0</ele>
      </trkpt>
      <trkpt lat="47.54475" lon="-121.25726">
        <ele>1313.61</ele>
      </trkpt>
      <trkpt lat="47.54456" lon="-121.25716">
        <ele>1312.09</ele>
      </trkpt>
      <trkpt lat="47.54438" lon="-121.257">
        <ele>1308.89</ele>
      </trkpt>
      <trkpt lat="47.5444" lon="-121.25675">
        <ele>1312.66</ele>
      </trkpt>
      <trkpt lat="47.54452" lon="-121.25649">
        <ele>1318.37</ele>
      </trkpt>
      <trkpt lat="47.54458" lon="-121.25611">
        <ele>1324.33</ele>
      </trkpt>
      <trkpt lat="47.54451" lon="-121.25596">
        <ele>1321.99</ele>
      </trkpt>
      <trkpt lat="47.54461" lon="-121.25549">
        <ele>1330.73</ele>
      </trkpt>
      <trkpt lat="47.54455" lon="-121.25519">
        <ele>1331.14</ele>
      </trkpt>
      <trkpt lat="47.54421" lon="-121.2548">
        <ele>1329.07</ele>
      </trkpt>
      <trkpt lat="47.54405" lon="-121.25457">
        <ele>1329.64</ele>
      </trkpt>
      <trkpt lat="47.54401" lon="-121.25427">
        <ele>1332.27</ele>
      </trkpt>
      <trkpt lat="47.54385" lon="-121.25399">
        <ele>1332.16</ele>
      </trkpt>
      <trkpt lat="47.54372" lon="-121.25356">
        <ele>1330.18</ele>
      </trkpt>
      <trkpt lat="47.54367" lon="-121.25332">
        <ele>1329.64</ele>
      </trkpt>
      <trkpt lat="47.54366" lon="-121.25315">
        <ele>1329.53</ele>
      </trkpt>
      <trkpt lat="47.5437" lon="-121.25301">
        <ele>1330.43</ele>
      </trkpt>
      <trkpt lat="47.54367" lon="-121.25276">
        <ele>1330.27</ele>
      </trkpt>
      <trkpt lat="47.54363" lon="-121.25265">
        <ele>1329.41</ele>
      </trkpt>
      <trkpt lat="47.54365" lon="-121.25232">
        <ele>1331.78</ele>
      </trkpt>
      <trkpt lat="47.54351" lon="-121.25209">
        <ele>1332.48</ele>
      </trkpt>
      <trkpt lat="47.54336" lon="-121.25189">
        <ele>1334.59</ele>
      </trkpt>
      <trkpt lat="47.54338" lon="-121.25178">
        <ele>1335.0</ele>
      </trkpt>
      <trkpt lat="47.54335" lon="-121.25162">
        <ele>1336.5</ele>
      </trkpt>
      <trkpt lat="47.54342" lon="-121.25149">
        <ele>1337.91</ele>
      </trkpt>
      <trkpt lat="47.54341" lon="-121.25119">
        <ele>1340.15</ele>
      </trkpt>
      <trkpt lat="47.54333" lon="-121.25106">
        <ele>1341.55</ele>
      </trkpt>
      <trkpt lat="47.54334" lon="-121.25078">
        <ele>1343.58</ele>
      </trkpt>
      <trkpt lat="47.54329" lon="-121.2506">
        <ele>1344.0</ele>
      </trkpt>
      <trkpt lat="47.54322" lon="-121.25046">
        <ele>1345.01</ele>
      </trkpt>
      <trkpt lat="47.54287" lon="-121.24998">
        <ele>1353.01</ele>
      </trkpt>
      <trkpt lat="47.54277" lon="-121.24994">
        <ele>1355.28</ele>
      </trkpt>
      <trkpt lat="47.54264" lon="-121.24995">
        <ele>1360.37</ele>
      </trkpt>
      <trkpt lat="47.54256" lon="-121.25011">
        <ele>1366.6</ele>
      </trkpt>
      <trkpt lat="47.54248" lon="-121.25014">
        <ele>1370.59</ele>
      </trkpt>
      <trkpt lat="47.54229" lon="-121.24998">
        <ele>1377.53</ele>
      </trkpt>
      <trkpt lat="47.54214" lon="-121.25008">
        <ele>1388.29</ele>
      </trkpt>
      <trkpt lat="47.54203" lon="-121.24997">
        <ele>1391.98</ele>
      </trkpt>
      <trkpt lat="47.54192" lon="-121.2501">
        <ele>1397.08</ele>
      </trkpt>
      <trkpt lat="47.54168" lon="-121.24994">
        <ele>1404.22</ele>
      </trkpt>
      <trkpt lat="47.54156" lon="-121.24982">
        <ele>1408.93</ele>
      </trkpt>
      <trkpt lat="47.54154" lon="-121.2497">
        <ele>1408.6</ele>
      </trkpt>
      <trkpt lat="47.54143" lon="-121.24964">
        <ele>1413.89</ele>
      </trkpt>
      <trkpt lat="47.54135" lon="-121.24942">
        <ele>1415.53</ele>
      </trkpt>
      <trkpt lat="47.54136" lon="-121.24933">
        <ele>1412.48</ele>
      </trkpt>
      <trkpt lat="47.54123" lon="-121.2492">
        <ele>1418.73</ele>
      </trkpt>
      <trkpt lat="47.54118" lon="-121.24915">
        <ele>1421.69</ele>
      </trkpt>
      <trkpt lat="47.5412" lon="-121.24908">
        <ele>1418.45</ele>
      </trkpt>
      <trkpt lat="47.5412" lon="-121.24896">
        <ele>1417.48</ele>
      </trkpt>
      <trkpt lat="47.54116" lon="-121.2488">
        <ele>1420.0</ele>
      </trkpt>
      <trkpt lat="47.54108" lon="-121.24871">
        <ele>1421.05</ele>
      </trkpt>
      <trkpt lat="47.54096" lon="-121.24863">
        <ele>1425.79</ele>
      </trkpt>
      <trkpt lat="47.54081" lon="-121.24836">
        <ele>1429.83</ele>
      </trkpt>
      <trkpt lat="47.54067" lon="-121.24804">
        <ele>1437.61</ele>
      </trkpt>
      <trkpt lat="47.54058" lon="-121.24795">
        <ele>1438.75</ele>
      </trkpt>
      <trkpt lat="47.54049" lon="-121.24794">
        <ele>1439.35</ele>
      </trkpt>
      <trkpt lat="47.54051" lon="-121.24789">
        <ele>1440.87</ele>
      </trkpt>
      <trkpt lat="47.5405" lon="-121.24784">
        <ele>1442.58</ele>
      </trkpt>
      <trkpt lat="47.54042" lon="-121.24783">
        <ele>1442.8</ele>
      </trkpt>
      <trkpt lat="47.5404" lon="-121.24773">
        <ele>1446.22</ele>
      </trkpt>
      <trkpt lat="47.54037" lon="-121.24773">
        <ele>1446.06</ele>
      </trkpt>
      <trkpt lat="47.54034" lon="-121.24775">
        <ele>1445.33</ele>
      </trkpt>
      <trkpt lat="47.54032" lon="-121.24766">
        <ele>1448.54</ele>
      </trkpt>
      <trkpt lat="47.54026" lon="-121.24765">
        <ele>1448.45</ele>
      </trkpt>
      <trkpt lat="47.54025" lon="-121.24756">
        <ele>1452.81</ele>
      </trkpt>
      <trkpt lat="47.54028" lon="-121.24742">
        <ele>1462.16</ele>
      </trkpt>
      <trkpt lat="47.5401" lon="-121.24729">
        <ele>1466.88</ele>
      </trkpt>
      <trkpt lat="47.54001" lon="-121.2472">
        <ele>1468.83</ele>
      </trkpt>
      <trkpt lat="47.53994" lon="-121.24722">
        <ele>1467.42</ele>
      </trkpt>
      <trkpt lat="47.53982" lon="-121.24715">
        <ele>1469.13</ele>
      </trkpt>
      <trkpt lat="47.53972" lon="-121.24705">
        <ele>1472.42</ele>
      </trkpt>
      <trkpt lat="47.53935" lon="-121.24664">
        <ele>1478.85</ele>
      </trkpt>
      <trkpt lat="47.53886" lon="-121.24587">
        <ele>1482.54</ele>
      </trkpt>
      <trkpt lat="47.5386" lon="-121.2455">
        <ele>1483.02</ele>
      </trkpt>
      <trkpt lat="47.5385" lon="-121.24541">
        <ele>1484.57</ele>
      </trkpt>
      <trkpt lat="47.53842" lon="-121.24524">
        <ele>1485.41</ele>
      </trkpt>
      <trkpt lat="47.53828" lon="-121.24515">
        <ele>1485.64</ele>
      </trkpt>
      <trkpt lat="47.53819" lon="-121.24502">
        <ele>1486.35</ele>
      </trkpt>
      <trkpt lat="47.53792" lon="-121.24485">
        <ele>1487.62</ele>
      </trkpt>
      <trkpt lat="47.53773" lon="-121.24459">
        <ele>1495.08</ele>
      </trkpt>
      <trkpt lat="47.53743" lon="-121.24457">
        <ele>1497.29</ele>
      </trkpt>
      <trkpt lat="47.53722" lon="-121.24439">
        <ele>1501.75</ele>
      </trkpt>
      <trkpt lat="47.53696" lon="-121.24424">
        <ele>1505.62</ele>
      </trkpt>
      <trkpt lat="47.53663" lon="-121.24409">
        <ele>1513.38</ele>
      </trkpt>
      <trkpt lat="47.53643" lon="-121.24382">
        <ele>1522.68</ele>
      </trkpt>
      <trkpt lat="47.5363" lon="-121.24376">
        <ele>1522.82</ele>
      </trkpt>
      <trkpt lat="47.53612" lon="-121.24372">
        <ele>1523.65</ele>
      </trkpt>
      <trkpt lat="47.53598" lon="-121.24365">
        <ele>1524.58</ele>
      </trkpt>
      <trkpt lat="47.53579" lon="-121.24362">
        <ele>1524.9</ele>
      </trkpt>
      <trkpt lat="47.53573" lon="-121.24362">
        <ele>1524.68</ele>
      </trkpt>
      <trkpt lat="47.53558" lon="-121.24332">
        <ele>1521.69</ele>
      </trkpt>
      <trkpt lat="47.53552" lon="-121.24325">
        <ele>1518.95</ele>
      </trkpt>
      <trkpt lat="47.5354" lon="-121.24312">
        <ele>1513.71</ele>
      </trkpt>
      <trkpt lat="47.53512" lon="-121.24321">
        <ele>1511.93</ele>
      </trkpt>
      <trkpt lat="47.53511" lon="-121.2431">
        <ele>1509.24</ele>
      </trkpt>
      <trkpt lat="47.53516" lon="-121.24292">
        <ele>1503.87</ele>
      </trkpt>
      <trkpt lat="47.53497" lon="-121.24295">
        <ele>1502.93</ele>
      </trkpt>
      <trkpt lat="47.53502" lon="-121.24282">
        <ele>1498.94</ele>
      </trkpt>
      <trkpt lat="47.53506" lon="-121.24268">
        <ele>1493.44</ele>
      </trkpt>
      <trkpt lat="47.53511" lon="-121.24258">
        <ele>1489.59</ele>
      </trkpt>
      <trkpt lat="47.5353" lon="-121.24255">
        <ele>1488.75</ele>
      </trkpt>
      <trkpt lat="47.53537" lon="-121.24237">
        <ele>1482.38</ele>
      </trkpt>
      <trkpt lat="47.53532" lon="-121.24227">
        <ele>1478.33</ele>
      </trkpt>
      <trkpt lat="47.53524" lon="-121.24228">
        <ele>1479.43</ele>
      </trkpt>
      <trkpt lat="47.53515" lon="-121.24223">
        <ele>1479.55</ele>
      </trkpt>
      <trkpt lat="47.53504" lon="-121.24226">
        <ele>1480.82</ele>
      </trkpt>
      <trkpt lat="47.53498" lon="-121.24219">
        <ele>1479.09</ele>
      </trkpt>
      <trkpt lat="47.53489" lon="-121.24218">
        <ele>1477.52</ele>
      </trkpt>
      <trkpt lat="47.53462" lon="-121.24205">
        <ele>1464.11</ele>
      </trkpt>
      <trkpt lat="47.53457" lon="-121.24195">
        <ele>1459.58</ele>
      </trkpt>
      <trkpt lat="47.53441" lon="-121.24186">
        <ele>1459.04</ele>
      </trkpt>
      <trkpt lat="47.53433" lon="-121.24177">
        <ele>1461.44</ele>
      </trkpt>
      <trkpt lat="47.53416" lon="-121.24153">
        <ele>1462.9</ele>
      </trkpt>
      <trkpt lat="47.53413" lon="-121.24123">
        <ele>1455.04</ele>
      </trkpt>
      <trkpt lat="47.53404" lon="-121.24102">
        <ele>1449.79</ele>
      </trkpt>
      <trkpt lat="47.5338" lon="-121.24075">
        <ele>1442.38</ele>
      </trkpt>
      <trkpt lat="47.53373" lon="-121.24056">
        <ele>1437.84</ele>
      </trkpt>
      <trkpt lat="47.53354" lon="-121.24042">
        <ele>1440.86</ele>
      </trkpt>
      <trkpt lat="47.53348" lon="-121.2402">
        <ele>1438.33</ele>
      </trkpt>
      <trkpt lat="47.53339" lon="-121.24013">
        <ele>1442.38</ele>
      </trkpt>
      <trkpt lat="47.53332" lon="-121.23978">
        <ele>1434.41</ele>
      </trkpt>
      <trkpt lat="47.5332" lon="-121.23963">
        <ele>1435.66</ele>
      </trkpt>
      <trkpt lat="47.53308" lon="-121.23915">
        <ele>1425.03</ele>
      </trkpt>
      <trkpt lat="47.53299" lon="-121.23907">
        <ele>1427.71</ele>
      </trkpt>
      <trkpt lat="47.53295" lon="-121.23876">
        <ele>1421.72</ele>
      </trkpt>
      <trkpt lat="47.53295" lon="-121.23876">
        <ele>1421.72</ele>
      </trkpt>
      <trkpt lat="47.53294" lon="-121.23872">
        <ele>1421.14</ele>
      </trkpt>
      <trkpt lat="47.53287" lon="-121.23851">
        <ele>1419.92</ele>
      </trkpt>
      <trkpt lat="47.5328" lon="-121.23847">
        <ele>1420.6</ele>
      </trkpt>
      <trkpt lat="47.53274" lon="-121.23829">
        <ele>1420.03</ele>
      </trkpt>
      <trkpt lat="47.53269" lon="-121.23808">
        <ele>1420.2</ele>
      </trkpt>
      <trkpt lat="47.53264" lon="-121.23781">
        <ele>1420.15</ele>
      </trkpt>
      <trkpt lat="47.53249" lon="-121.23762">
        <ele>1424.04</ele>
      </trkpt>
      <trkpt lat="47.53249" lon="-121.23739">
        <ele>1420.41</ele>
      </trkpt>
      <trkpt lat="47.53237" lon="-121.23709">
        <ele>1421.78</ele>
      </trkpt>
      <trkpt lat="47.53232" lon="-121.23691">
        <ele>1421.48</ele>
      </trkpt>
      <trkpt lat="47.5322" lon="-121.2367">
        <ele>1422.67</ele>
      </trkpt>
      <trkpt lat="47.53208" lon="-121.23654">
        <ele>1427.37</ele>
      </trkpt>
      <trkpt lat="47.53205" lon="-121.23642">
        <ele>1424.64</ele>
      </trkpt>
      <trkpt lat="47.53206" lon="-121.23627">
        <ele>1421.04</ele>
      </trkpt>
      <trkpt lat="47.53174" lon="-121.23608">
        <ele>1426.67</ele>
      </trkpt>
      <trkpt lat="47.53152" lon="-121.23588">
        <ele>1421.8</ele>
      </trkpt>
      <trkpt lat="47.53135" lon="-121.23587">
        <ele>1422.44</ele>
      </trkpt>
      <trkpt lat="47.53116" lon="-121.23574">
        <ele>1421.94</ele>
      </trkpt>
      <trkpt lat="47.53102" lon="-121.23567">
        <ele>1423.16</ele>
      </trkpt>
      <trkpt lat="47.53084" lon="-121.23549">
        <ele>1435.73</ele>
      </trkpt>
      <trkpt lat="47.53072" lon="-121.23514">
        <ele>1423.21</ele>
      </trkpt>
      <trkpt lat="47.53062" lon="-121.23505">
        <ele>1422.77</ele>
      </trkpt>
      <trkpt lat="47.53055" lon="-121.23497">
        <ele>1421.13</ele>
      </trkpt>
      <trkpt lat="47.53049" lon="-121.2348">
        <ele>1416.89</ele>
      </trkpt>
      <trkpt lat="47.53041" lon="-121.23474">
        <ele>1415.73</ele>
      </trkpt>
      <trkpt lat="47.53034" lon="-121.23473">
        <ele>1415.17</ele>
      </trkpt>
      <trkpt lat="47.53027" lon="-121.23465">
        <ele>1414.14</ele>
      </trkpt>
      <trkpt lat="47.53016" lon="-121.23461">
        <ele>1413.1</ele>
      </trkpt>
      <trkpt lat="47.53013" lon="-121.23458">
        <ele>1412.9</ele>
      </trkpt>
      <trkpt lat="47.53007" lon="-121.23458">
        <ele>1412.58</ele>
      </trkpt>
      <trkpt lat="47.53002" lon="-121.23456">
        <ele>1412.44</ele>
      </trkpt>
      <trkpt lat="47.52996" lon="-121.23451">
        <ele>1411.71</ele>
      </trkpt>
      <trkpt lat="47.52989" lon="-121.23439">
        <ele>1410.22</ele>
      </trkpt>
      <trkpt lat="47.52985" lon="-121.23434">
        <ele>1409.43</ele>
      </trkpt>
      <trkpt lat="47.52987" lon="-121.23429">
        <ele>1409.99</ele>
      </trkpt>
      <trkpt lat="47.52991" lon="-121.23428">
        <ele>1410.83</ele>
      </trkpt>
      <trkpt lat="47.52995" lon="-121.23425">
        <ele>1412.07</ele>
      </trkpt>
      <trkpt lat="47.52996" lon="-121.2342">
        <ele>1413.14</ele>
      </trkpt>
      <trkpt lat="47.52989" lon="-121.23411">
        <ele>1410.94</ele>
      </trkpt>
      <trkpt lat="47.5298" lon="-121.23403">
        <ele>1408.36</ele>
      </trkpt>
      <trkpt lat="47.52979" lon="-121.23394">
        <ele>1407.28</ele>
      </trkpt>
      <trkpt lat="47.52977" lon="-121.23389">
        <ele>1406.53</ele>
      </trkpt>
      <trkpt lat="47.52972" lon="-121.2339">
        <ele>1406.12</ele>
      </trkpt>
      <trkpt lat="47.52959" lon="-121.23391">
        <ele>1406.0</ele>
      </trkpt>
      <trkpt lat="47.52946" lon="-121.23375">
        <ele>1404.5</ele>
      </trkpt>
      <trkpt lat="47.5295" lon="-121.23362">
        <ele>1402.19</ele>
      </trkpt>
      <trkpt lat="47.52947" lon="-121.23355">
        <ele>1400.68</ele>
      </trkpt>
      <trkpt lat="47.52942" lon="-121.23352">
        <ele>1400.3</ele>
      </trkpt>
      <trkpt lat="47.52932" lon="-121.23357">
        <ele>1402.11</ele>
      </trkpt>
      <trkpt lat="47.52929" lon="-121.23355">
        <ele>1401.68</ele>
      </trkpt>
      <trkpt lat="47.52918" lon="-121.23334">
        <ele>1395.29</ele>
      </trkpt>
      <trkpt lat="47.52899" lon="-121.23328">
        <ele>1391.03</ele>
      </trkpt>
      <trkpt lat="47.52886" lon="-121.23325">
        <ele>1390.55</ele>
      </trkpt>
      <trkpt lat="47.52872" lon="-121.23296">
        <ele>1387.38</ele>
      </trkpt>
      <trkpt lat="47.52853" lon="-121.23268">
        <ele>1383.76</ele>
      </trkpt>
      <trkpt lat="47.52839" lon="-121.23264">
        <ele>1384.02</ele>
      </trkpt>
      <trkpt lat="47.52824" lon="-121.23267">
        <ele>1384.66</ele>
      </trkpt>
      <trkpt lat="47.52793" lon="-121.23286">
        <ele>1382.71</ele>
      </trkpt>
      <trkpt lat="47.52774" lon="-121.2328">
        <ele>1380.69</ele>
      </trkpt>
      <trkpt lat="47.52758" lon="-121.2326">
        <ele>1376.95</ele>
      </trkpt>
      <trkpt lat="47.52733" lon="-121.2325">
        <ele>1381.51</ele>
      </trkpt>
      <trkpt lat="47.52697" lon="-121.2322">
        <ele>1381.9</ele>
      </trkpt>
      <trkpt lat="47.52677" lon="-121.23187">
        <ele>1379.93</ele>
      </trkpt>
      <trkpt lat="47.5267" lon="-121.23134">
        <ele>1368.81</ele>
      </trkpt>
      <trkpt lat="47.52657" lon="-121.23089">
        <ele>1359.62</ele>
      </trkpt>
      <trkpt lat="47.52638" lon="-121.2307">
        <ele>1357.53</ele>
      </trkpt>
      <trkpt lat="47.52598" lon="-121.23023">
        <ele>1350.18</ele>
      </trkpt>
      <trkpt lat="47.52579" lon="-121.23017">
        <ele>1352.28</ele>
      </trkpt>
      <trkpt lat="47.5256" lon="-121.23016">
        <ele>1354.43</ele>
      </trkpt>
      <trkpt lat="47.52527" lon="-121.22996">
        <ele>1344.58</ele>
      </trkpt>
      <trkpt lat="47.52495" lon="-121.23">
        <ele>1339.92</ele>
      </trkpt>
      <trkpt lat="47.52465" lon="-121.2299">
        <ele>1335.38</ele>
      </trkpt>
      <trkpt lat="47.52435" lon="-121.22972">
        <ele>1329.9</ele>
      </trkpt>
      <trkpt lat="47.52396" lon="-121.22955">
        <ele>1326.76</ele>
      </trkpt>
      <trkpt lat="47.52358" lon="-121.22926">
        <ele>1321.02</ele>
      </trkpt>
      <trkpt lat="47.52323" lon="-121.22915">
        <ele>1316.44</ele>
      </trkpt>
      <trkpt lat="47.52297" lon="-121.22911">
        <ele>1312.63</ele>
      </trkpt>
      <trkpt lat="47.52272" lon="-121.22904">
        <ele>1307.53</ele>
      </trkpt>
      <trkpt lat="47.52233" lon="-121.22882">
        <ele>1293.35</ele>
      </trkpt>
      <trkpt lat="47.52205" lon="-121.22872">
        <ele>1283.98</ele>
      </trkpt>
      <trkpt lat="47.52165" lon="-121.22895">
        <ele>1288.28</ele>
      </trkpt>
      <trkpt lat="47.52145" lon="-121.22904">
        <ele>1285.54</ele>
      </trkpt>
      <trkpt lat="47.52159" lon="-121.22885">
        <ele>1282.66</ele>
      </trkpt>
      <trkpt lat="47.52175" lon="-121.2287">
        <ele>1278.64</ele>
      </trkpt>
      <trkpt lat="47.52182" lon="-121.2286">
        <ele>1275.87</ele>
      </trkpt>
      <trkpt lat="47.52177" lon="-121.22861">
        <ele>1275.19</ele>
      </trkpt>
      <trkpt lat="47.52152" lon="-121.22874">
        <ele>1276.4</ele>
      </trkpt>
      <trkpt lat="47.52131" lon="-121.2289">
        <ele>1272.37</ele>
      </trkpt>
      <trkpt lat="47.52127" lon="-121.22897">
        <ele>1272.84</ele>
      </trkpt>
      <trkpt lat="47.52125" lon="-121.22896">
        <ele>1271.19</ele>
      </trkpt>
      <trkpt lat="47.52131" lon="-121.22885">
        <ele>1270.57</ele>
      </trkpt>
      <trkpt lat="47.52133" lon="-121.22879">
        <ele>1269.62</ele>
      </trkpt>
      <trkpt lat="47.52136" lon="-121.22877">
        <ele>1270.59</ele>
      </trkpt>
      <trkpt lat="47.52143" lon="-121.22858">
        <ele>1267.32</ele>
      </trkpt>
      <trkpt lat="47.52151" lon="-121.22851">
        <ele>1266.97</ele>
      </trkpt>
      <trkpt lat="47.52163" lon="-121.22835">
        <ele>1262.82</ele>
      </trkpt>
      <trkpt lat="47.52193" lon="-121.22816">
        <ele>1259.33</ele>
      </trkpt>
      <trkpt lat="47.52179" lon="-121.22817">
        <ele>1257.35</ele>
      </trkpt>
      <trkpt lat="47.52174" lon="-121.22821">
        <ele>1258.46</ele>
      </trkpt>
      <trkpt lat="47.52168" lon="-121.22819">
        <ele>1256.95</ele>
      </trkpt>
      <trkpt lat="47.52159" lon="-121.22823">
        <ele>1256.88</ele>
      </trkpt>
      <trkpt lat="47.52137" lon="-121.22818">
        <ele>1251.42</ele>
      </trkpt>
      <trkpt lat="47.52132" lon="-121.22822">
        <ele>1251.1</ele>
      </trkpt>
      <trkpt lat="47.52126" lon="-121.22835">
        <ele>1251.58</ele>
      </trkpt>
      <trkpt lat="47.52119" lon="-121.22845">
        <ele>1250.93</ele>
      </trkpt>
      <trkpt lat="47.52111" lon="-121.22852">
        <ele>1249.0</ele>
      </trkpt>
      <trkpt lat="47.5211" lon="-121.2285">
        <ele>1247.6</ele>
      </trkpt>
      <trkpt lat="47.52114" lon="-121.22842">
        <ele>1246.68</ele>
      </trkpt>
      <trkpt lat="47.5212" lon="-121.2283">
        <ele>1247.05</ele>
      </trkpt>
      <trkpt lat="47.52122" lon="-121.22813">
        <ele>1244.94</ele>
      </trkpt>
      <trkpt lat="47.52123" lon="-121.228">
        <ele>1240.88</ele>
      </trkpt>
      <trkpt lat="47.52126" lon="-121.22795">
        <ele>1239.57</ele>
      </trkpt>
      <trkpt lat="47.52135" lon="-121.22794">
        <ele>1240.78</ele>
      </trkpt>
      <trkpt lat="47.52146" lon="-121.22788">
        <ele>1238.39</ele>
      </trkpt>
      <trkpt lat="47.52147" lon="-121.22782">
        <ele>1235.16</ele>
      </trkpt>
      <trkpt lat="47.52138" lon="-121.22784">
        <ele>1235.3</ele>
      </trkpt>
      <trkpt lat="47.52131" lon="-121.22782">
        <ele>1233.89</ele>
      </trkpt>
      <trkpt lat="47.52115" lon="-121.22783">
        <ele>1232.1</ele>
      </trkpt>
      <trkpt lat="47.5211" lon="-121.22787">
        <ele>1232.5</ele>
      </trkpt>
      <trkpt lat="47.52108" lon="-121.22804">
        <ele>1236.04</ele>
      </trkpt>
      <trkpt lat="47.52101" lon="-121.2282">
        <ele>1233.15</ele>
      </trkpt>
      <trkpt lat="47.52094" lon="-121.22818">
        <ele>1229.4</ele>
      </trkpt>
      <trkpt lat="47.521" lon="-121.22796">
        <ele>1230.72</ele>
      </trkpt>
      <trkpt lat="47.52097" lon="-121.22775">
        <ele>1223.86</ele>
      </trkpt>
      <trkpt lat="47.52098" lon="-121.22769">
        <ele>1221.94</ele>
      </trkpt>
      <trkpt lat="47.52114" lon="-121.22753">
        <ele>1218.26</ele>
      </trkpt>
      <trkpt lat="47.52129" lon="-121.22754">
        <ele>1220.52</ele>
      </trkpt>
      <trkpt lat="47.52152" lon="-121.22746">
        <ele>1219.85</ele>
      </trkpt>
      <trkpt lat="47.52115" lon="-121.22731">
        <ele>1205.24</ele>
      </trkpt>
      <trkpt lat="47.52106" lon="-121.22729">
        <ele>1203.64</ele>
      </trkpt>
      <trkpt lat="47.5209" lon="-121.22737">
        <ele>1204.71</ele>
      </trkpt>
      <trkpt lat="47.52074" lon="-121.22753">
        <ele>1207.26</ele>
      </trkpt>
      <trkpt lat="47.52067" lon="-121.22767">
        <ele>1208.62</ele>
      </trkpt>
      <trkpt lat="47.52069" lon="-121.22791">
        <ele>1212.69</ele>
      </trkpt>
      <trkpt lat="47.52065" lon="-121.22791">
        <ele>1210.53</ele>
      </trkpt>
      <trkpt lat="47.52061" lon="-121.22762">
        <ele>1204.53</ele>
      </trkpt>
      <trkpt lat="47.52071" lon="-121.22737">
        <ele>1199.19</ele>
      </trkpt>
      <trkpt lat="47.52096" lon="-121.22695">
        <ele>1190.57</ele>
      </trkpt>
      <trkpt lat="47.52108" lon="-121.22688">
        <ele>1189.81</ele>
      </trkpt>
      <trkpt lat="47.52121" lon="-121.22689">
        <ele>1189.2</ele>
      </trkpt>
      <trkpt lat="47.52126" lon="-121.22689">
        <ele>1188.88</ele>
      </trkpt>
      <trkpt lat="47.52118" lon="-121.22681">
        <ele>1186.11</ele>
      </trkpt>
      <trkpt lat="47.52111" lon="-121.22667">
        <ele>1180.2</ele>
      </trkpt>
      <trkpt lat="47.52098" lon="-121.22658">
        <ele>1177.68</ele>
      </trkpt>
      <trkpt lat="47.5209" lon="-121.2266">
        <ele>1178.56</ele>
      </trkpt>
      <trkpt lat="47.52072" lon="-121.22668">
        <ele>1177.54</ele>
      </trkpt>
      <trkpt lat="47.52028" lon="-121.22717">
        <ele>1172.43</ele>
      </trkpt>
      <trkpt lat="47.52012" lon="-121.22752">
        <ele>1172.99</ele>
      </trkpt>
      <trkpt lat="47.52009" lon="-121.22764">
        <ele>1171.76</ele>
      </trkpt>
      <trkpt lat="47.51994" lon="-121.22778">
        <ele>1162.85</ele>
      </trkpt>
      <trkpt lat="47.51991" lon="-121.22784">
        <ele>1163.81</ele>
      </trkpt>
      <trkpt lat="47.51981" lon="-121.22794">
        <ele>1163.81</ele>
      </trkpt>
      <trkpt lat="47.51969" lon="-121.228">
        <ele>1161.82</ele>
      </trkpt>
      <trkpt lat="47.5197" lon="-121.22792">
        <ele>1158.89</ele>
      </trkpt>
      <trkpt lat="47.51976" lon="-121.22785">
        <ele>1158.56</ele>
      </trkpt>
      <trkpt lat="47.51993" lon="-121.22746">
        <ele>1157.03</ele>
      </trkpt>
      <trkpt lat="47.51993" lon="-121.22724">
        <ele>1153.46</ele>
      </trkpt>
      <trkpt lat="47.52" lon="-121.22693">
        <ele>1149.53</ele>
      </trkpt>
      <trkpt lat="47.52001" lon="-121.22679">
        <ele>1145.54</ele>
      </trkpt>
      <trkpt lat="47.52005" lon="-121.22671">
        <ele>1145.35</ele>
      </trkpt>
      <trkpt lat="47.52031" lon="-121.22624">
        <ele>1144.31</ele>
      </trkpt>
      <trkpt lat="47.52045" lon="-121.22589">
        <ele>1139.86</ele>
      </trkpt>
      <trkpt lat="47.52047" lon="-121.22578">
        <ele>1137.11</ele>
      </trkpt>
      <trkpt lat="47.52053" lon="-121.2257">
        <ele>1136.85</ele>
      </trkpt>
      <trkpt lat="47.52057" lon="-121.22558">
        <ele>1133.95</ele>
      </trkpt>
      <trkpt lat="47.5206" lon="-121.22553">
        <ele>1132.38</ele>
      </trkpt>
      <trkpt lat="47.52066" lon="-121.22539">
        <ele>1126.95</ele>
      </trkpt>
      <trkpt lat="47.52063" lon="-121.22539">
        <ele>1126.81</ele>
      </trkpt>
      <trkpt lat="47.52053" lon="-121.22552">
        <ele>1130.74</ele>
      </trkpt>
      <trkpt lat="47.52027" lon="-121.22576">
        <ele>1128.27</ele>
      </trkpt>
      <trkpt lat="47.52004" lon="-121.22589">
        <ele>1121.95</ele>
      </trkpt>
      <trkpt lat="47.51975" lon="-121.22617">
        <ele>1118.11</ele>
      </trkpt>
      <trkpt lat="47.51982" lon="-121.22594">
        <ele>1113.68</ele>
      </trkpt>
      <trkpt lat="47.5202" lon="-121.22519">
        <ele>1109.64</ele>
      </trkpt>
      <trkpt lat="47.52021" lon="-121.22513">
        <ele>1108.02</ele>
      </trkpt>
      <trkpt lat="47.52025" lon="-121.2251">
        <ele>1108.34</ele>
      </trkpt>
      <trkpt lat="47.52035" lon="-121.2248">
        <ele>1101.02</ele>
      </trkpt>
      <trkpt lat="47.52042" lon="-121.22465">
        <ele>1099.51</ele>
      </trkpt>
      <trkpt lat="47.52059" lon="-121.22458">
        <ele>1097.11</ele>
      </trkpt>
      <trkpt lat="47.52078" lon="-121.22459">
        <ele>1094.8</ele>
      </trkpt>
      <trkpt lat="47.52089" lon="-121.22457">
        <ele>1095.07</ele>
      </trkpt>
      <trkpt lat="47.52096" lon="-121.22444">
        <ele>1095.13</ele>
      </trkpt>
      <trkpt lat="47.52097" lon="-121.2242">
        <ele>1091.58</ele>
      </trkpt>
      <trkpt lat="47.52094" lon="-121.22392">
        <ele>1084.43</ele>
      </trkpt>
      <trkpt lat="47.52087" lon="-121.22403">
        <ele>1083.03</ele>
      </trkpt>
      <trkpt lat="47.52071" lon="-121.22417">
        <ele>1079.79</ele>
      </trkpt>
      <trkpt lat="47.52041" lon="-121.2238">
        <ele>1071.67</ele>
      </trkpt>
      <trkpt lat="47.52024" lon="-121.2236">
        <ele>1066.17</ele>
      </trkpt>
      <trkpt lat="47.52012" lon="-121.22359">
        <ele>1066.0</ele>
      </trkpt>
      <trkpt lat="47.51995" lon="-121.22379">
        <ele>1065.74</ele>
      </trkpt>
      <trkpt lat="47.52" lon="-121.22365">
        <ele>1065.42</ele>
      </trkpt>
      <trkpt lat="47.52002" lon="-121.22315">
        <ele>1055.04</ele>
      </trkpt>
      <trkpt lat="47.52016" lon="-121.22309">
        <ele>1053.02</ele>
      </trkpt>
      <trkpt lat="47.52022" lon="-121.22304">
        <ele>1051.29</ele>
      </trkpt>
      <trkpt lat="47.52016" lon="-121.22298">
        <ele>1050.86</ele>
      </trkpt>
      <trkpt lat="47.51998" lon="-121.22263">
        <ele>1044.12</ele>
      </trkpt>
      <trkpt lat="47.51978" lon="-121.22215">
        <ele>1037.36</ele>
      </trkpt>
      <trkpt lat="47.51966" lon="-121.22217">
        <ele>1035.8</ele>
      </trkpt>
      <trkpt lat="47.51958" lon="-121.22213">
        <ele>1033.39</ele>
      </trkpt>
      <trkpt lat="47.51955" lon="-121.2219">
        <ele>1029.66</ele>
      </trkpt>
      <trkpt lat="47.51954" lon="-121.22153">
        <ele>1026.98</ele>
      </trkpt>
      <trkpt lat="47.51947" lon="-121.22137">
        <ele>1024.24</ele>
      </trkpt>
      <trkpt lat="47.5193" lon="-121.22091">
        <ele>1015.83</ele>
      </trkpt>
      <trkpt lat="47.51923" lon="-121.22068">
        <ele>1013.34</ele>
      </trkpt>
      <trkpt lat="47.51919" lon="-121.22072">
        <ele>1013.78</ele>
      </trkpt>
      <trkpt lat="47.51907" lon="-121.22086">
        <ele>1012.2</ele>
      </trkpt>
      <trkpt lat="47.519" lon="-121.22088">
        <ele>1010.9</ele>
      </trkpt>
      <trkpt lat="47.51895" lon="-121.22094">
        <ele>1010.37</ele>
      </trkpt>
      <trkpt lat="47.51891" lon="-121.22076">
        <ele>1008.28</ele>
      </trkpt>
      <trkpt lat="47.51894" lon="-121.22061">
        <ele>1007.69</ele>
      </trkpt>
      <trkpt lat="47.519" lon="-121.22047">
        <ele>1006.55</ele>
      </trkpt>
      <trkpt lat="47.51897" lon="-121.22034">
        <ele>1004.55</ele>
      </trkpt>
      <trkpt lat="47.51897" lon="-121.22021">
        <ele>1003.14</ele>
      </trkpt>
      <trkpt lat="47.51895" lon="-121.22011">
        <ele>1002.38</ele>
      </trkpt>
      <trkpt lat="47.51899" lon="-121.22001">
        <ele>1002.11</ele>
      </trkpt>
      <trkpt lat="47.519" lon="-121.21995">
        <ele>1001.46</ele>
      </trkpt>
      <trkpt lat="47.51896" lon="-121.21982">
        <ele>998.65</ele>
      </trkpt>
      <trkpt lat="47.51884" lon="-121.21955">
        <ele>991.61</ele>
      </trkpt>
      <trkpt lat="47.5188" lon="-121.2194">
        <ele>989.08</ele>
      </trkpt>
      <trkpt lat="47.51872" lon="-121.2192">
        <ele>982.14</ele>
      </trkpt>
      <trkpt lat="47.51892" lon="-121.21886">
        <ele>974.42</ele>
      </trkpt>
      <trkpt lat="47.519" lon="-121.21899">
        <ele>977.6</ele>
      </trkpt>
      <trkpt lat="47.51911" lon="-121.21895">
        <ele>972.43</ele>
      </trkpt>
      <trkpt lat="47.51928" lon="-121.2189">
        <ele>963.69</ele>
      </trkpt>
      <trkpt lat="47.5192" lon="-121.21878">
        <ele>963.67</ele>
      </trkpt>
      <trkpt lat="47.51917" lon="-121.21863">
        <ele>959.66</ele>
      </trkpt>
      <trkpt lat="47.51915" lon="-121.21848">
        <ele>955.29</ele>
      </trkpt>
      <trkpt lat="47.51886" lon="-121.21832">
        <ele>957.61</ele>
      </trkpt>
      <trkpt lat="47.51881" lon="-121.21827">
        <ele>956.53</ele>
      </trkpt>
      <trkpt lat="47.51884" lon="-121.21807">
        <ele>954.08</ele>
      </trkpt>
      <trkpt lat="47.51891" lon="-121.21779">
        <ele>952.77</ele>
      </trkpt>
      <trkpt lat="47.51907" lon="-121.21755">
        <ele>949.58</ele>
      </trkpt>
      <trkpt lat="47.51906" lon="-121.21724">
        <ele>946.19</ele>
      </trkpt>
      <trkpt lat="47.51914" lon="-121.21698">
        <ele>944.56</ele>
      </trkpt>
      <trkpt lat="47.51911" lon="-121.2167">
        <ele>943.22</ele>
      </trkpt>
      <trkpt lat="47.51923" lon="-121.21656">
        <ele>942.27</ele>
      </trkpt>
      <trkpt lat="47.51936" lon="-121.21647">
        <ele>941.0</ele>
      </trkpt>
      <trkpt lat="47.51952" lon="-121.21611">
        <ele>939.18</ele>
      </trkpt>
      <trkpt lat="47.51947" lon="-121.21602">
        <ele>939.01</ele>
      </trkpt>
      <trkpt lat="47.51937" lon="-121.21599">
        <ele>939.8</ele>
      </trkpt>
      <trkpt lat="47.51914" lon="-121.2158">
        <ele>940.0</ele>
      </trkpt>
      <trkpt lat="47.51901" lon="-121.21548">
        <ele>939.0</ele>
      </trkpt>
      <trkpt lat="47.51892" lon="-121.2154">
        <ele>938.32</ele>
      </trkpt>
      <trkpt lat="47.51884" lon="-121.21525">
        <ele>937.7</ele>
      </trkpt>
      <trkpt lat="47.51866" lon="-121.21473">
        <ele>935.08</ele>
      </trkpt>
      <trkpt lat="47.51834" lon="-121.2142">
        <ele>934.0</ele>
      </trkpt>
      <trkpt lat="47.5181" lon="-121.21417">
        <ele>934.0</ele>
      </trkpt>
      <trkpt lat="47.51799" lon="-121.21423">
        <ele>934.0</ele>
      </trkpt>
      <trkpt lat="47.51785" lon="-121.21419">
        <ele>934.42</ele>
      </trkpt>
      <trkpt lat="47.51757" lon="-121.2137">
        <ele>934.23</ele>
      </trkpt>
      <trkpt lat="47.51739" lon="-121.21359">
        <ele>934.81</ele>
      </trkpt>
      <trkpt lat="47.51716" lon="-121.21298">
        <ele>932.12</ele>
      </trkpt>
      <trkpt lat="47.51693" lon="-121.21279">
        <ele>932.02</ele>
      </trkpt>
      <trkpt lat="47.51669" lon="-121.21283">
        <ele>933.56</ele>
      </trkpt>
      <trkpt lat="47.51653" lon="-121.21275">
        <ele>934.18</ele>
      </trkpt>
      <trkpt lat="47.51633" lon="-121.21233">
        <ele>931.8</ele>
      </trkpt>
      <trkpt lat="47.51615" lon="-121.21194">
        <ele>931.13</ele>
      </trkpt>
      <trkpt lat="47.51616" lon="-121.21147">
        <ele>928.41</ele>
      </trkpt>
      <trkpt lat="47.51604" lon="-121.21061">
        <ele>928.0</ele>
      </trkpt>
      <trkpt lat="47.516" lon="-121.21066">
        <ele>928.2</ele>
      </trkpt>
      <trkpt lat="47.51593" lon="-121.21069">
        <ele>928.96</ele>
      </trkpt>
      <trkpt lat="47.51586" lon="-121.21076">
        <ele>929.92</ele>
      </trkpt>
      <trkpt lat="47.51575" lon="-121.21076">
        <ele>931.82</ele>
      </trkpt>
      <trkpt lat="47.51568" lon="-121.21071">
        <ele>932.66</ele>
      </trkpt>
      <trkpt lat="47.51555" lon="-121.21056">
        <ele>934.06</ele>
      </trkpt>
      <trkpt lat="47.51545" lon="-121.21046">
        <ele>935.14</ele>
      </trkpt>
      <trkpt lat="47.51509" lon="-121.21016">
        <ele>938.74</ele>
      </trkpt>
      <trkpt lat="47.51501" lon="-121.21012">
        <ele>938.92</ele>
      </trkpt>
      <trkpt lat="47.51478" lon="-121.21011">
        <ele>941.94</ele>
      </trkpt>
      <trkpt lat="47.51467" lon="-121.2101">
        <ele>944.21</ele>
      </trkpt>
      <trkpt lat="47.5146" lon="-121.21007">
        <ele>945.4</ele>
      </trkpt>
      <trkpt lat="47.51454" lon="-121.21002">
        <ele>946.15</ele>
      </trkpt>
      <trkpt lat="47.51448" lon="-121.20992">
        <ele>947.32</ele>
      </trkpt>
      <trkpt lat="47.51444" lon="-121.20979">
        <ele>946.88</ele>
      </trkpt>
      <trkpt lat="47.51438" lon="-121.20967">
        <ele>947.13</ele>
      </trkpt>
      <trkpt lat="47.51431" lon="-121.20959">
        <ele>947.73</ele>
      </trkpt>
      <trkpt lat="47.51427" lon="-121.20947">
        <ele>947.13</ele>
      </trkpt>
      <trkpt lat="47.51417" lon="-121.20936">
        <ele>948.93</ele>
      </trkpt>
      <trkpt lat="47.51412" lon="-121.20929">
        <ele>949.34</ele>
      </trkpt>
      <trkpt lat="47.51409" lon="-121.20919">
        <ele>948.91</ele>
      </trkpt>
      <trkpt lat="47.51405" lon="-121.2091">
        <ele>949.59</ele>
      </trkpt>
      <trkpt lat="47.51394" lon="-121.20886">
        <ele>951.2</ele>
      </trkpt>
      <trkpt lat="47.51391" lon="-121.20886">
        <ele>952.08</ele>
      </trkpt>
      <trkpt lat="47.51389" lon="-121.2089">
        <ele>952.97</ele>
      </trkpt>
      <trkpt lat="47.5139" lon="-121.20895">
        <ele>952.72</ele>
      </trkpt>
      <trkpt lat="47.51389" lon="-121.20905">
        <ele>953.71</ele>
      </trkpt>
      <trkpt lat="47.51393" lon="-121.2092">
        <ele>953.11</ele>
      </trkpt>
      <trkpt lat="47.51392" lon="-121.20924">
        <ele>953.33</ele>
      </trkpt>
      <trkpt lat="47.51388" lon="-121.20923">
        <ele>954.26</ele>
      </trkpt>
      <trkpt lat="47.51382" lon="-121.20918">
        <ele>955.6</ele>
      </trkpt>
      <trkpt lat="47.51369" lon="-121.20918">
        <ele>958.42</ele>
      </trkpt>
      <trkpt lat="47.51354" lon="-121.20912">
        <ele>960.65</ele>
      </trkpt>
      <trkpt lat="47.51346" lon="-121.20907">
        <ele>961.59</ele>
      </trkpt>
      <trkpt lat="47.51331" lon="-121.20889">
        <ele>962.52</ele>
      </trkpt>
      <trkpt lat="47.51331" lon="-121.20889">
        <ele>962.52</ele>
      </trkpt>
      <trkpt lat="47.51286" lon="-121.20836">
        <ele>965.91</ele>
      </trkpt>
      <trkpt lat="47.51267" lon="-121.20804">
        <ele>967.16</ele>
      </trkpt>
      <trkpt lat="47.51263" lon="-121.20803">
        <ele>968.24</ele>
      </trkpt>
      <trkpt lat="47.51259" lon="-121.20805">
        <ele>969.99</ele>
      </trkpt>
      <trkpt lat="47.51248" lon="-121.20806">
        <ele>974.73</ele>
      </trkpt>
      <trkpt lat="47.51243" lon="-121.20802">
        <ele>975.5</ele>
      </trkpt>
      <trkpt lat="47.51226" lon="-121.20785">
        <ele>976.34</ele>
      </trkpt>
      <trkpt lat="47.51216" lon="-121.20778">
        <ele>977.39</ele>
      </trkpt>
      <trkpt lat="47.51207" lon="-121.20774">
        <ele>978.47</ele>
      </trkpt>
      <trkpt lat="47.51191" lon="-121.20773">
        <ele>981.71</ele>
      </trkpt>
      <trkpt lat="47.51179" lon="-121.20766">
        <ele>983.19</ele>
      </trkpt>
      <trkpt lat="47.51171" lon="-121.20752">
        <ele>982.03</ele>
      </trkpt>
      <trkpt lat="47.51161" lon="-121.20743">
        <ele>983.32</ele>
      </trkpt>
      <trkpt lat="47.51154" lon="-121.2074">
        <ele>984.94</ele>
      </trkpt>
      <trkpt lat="47.51135" lon="-121.20718">
        <ele>986.61</ele>
      </trkpt>
      <trkpt lat="47.51115" lon="-121.20704">
        <ele>989.21</ele>
      </trkpt>
      <trkpt lat="47.51101" lon="-121.207">
        <ele>991.48</ele>
      </trkpt>
      <trkpt lat="47.51082" lon="-121.20686">
        <ele>995.6</ele>
      </trkpt>
      <trkpt lat="47.51082" lon="-121.20678">
        <ele>994.77</ele>
      </trkpt>
      <trkpt lat="47.51081" lon="-121.20671">
        <ele>994.48</ele>
      </trkpt>
      <trkpt lat="47.5107" lon="-121.20654">
        <ele>997.67</ele>
      </trkpt>
      <trkpt lat="47.51054" lon="-121.20639">
        <ele>999.36</ele>
      </trkpt>
      <trkpt lat="47.51048" lon="-121.20635">
        <ele>999.79</ele>
      </trkpt>
      <trkpt lat="47.5104" lon="-121.20632">
        <ele>1000.19</ele>
      </trkpt>
      <trkpt lat="47.51018" lon="-121.20631">
        <ele>1003.41</ele>
      </trkpt>
      <trkpt lat="47.51" lon="-121.20617">
        <ele>1005.27</ele>
      </trkpt>
      <trkpt lat="47.50987" lon="-121.20604">
        <ele>1006.58</ele>
      </trkpt>
      <trkpt lat="47.5098" lon="-121.20595">
        <ele>1006.96</ele>
      </trkpt>
      <trkpt lat="47.50978" lon="-121.20588">
        <ele>1006.45</ele>
      </trkpt>
      <trkpt lat="47.50972" lon="-121.2058">
        <ele>1006.69</ele>
      </trkpt>
      <trkpt lat="47.50965" lon="-121.20576">
        <ele>1007.77</ele>
      </trkpt>
      <trkpt lat="47.50945" lon="-121.20556">
        <ele>1009.93</ele>
      </trkpt>
      <trkpt lat="47.50935" lon="-121.20547">
        <ele>1011.12</ele>
      </trkpt>
      <trkpt lat="47.5093" lon="-121.20537">
        <ele>1011.12</ele>
      </trkpt>
      <trkpt lat="47.50921" lon="-121.20531">
        <ele>1012.07</ele>
      </trkpt>
      <trkpt lat="47.50914" lon="-121.20529">
        <ele>1012.84</ele>
      </trkpt>
      <trkpt lat="47.50894" lon="-121.20517">
        <ele>1016.64</ele>
      </trkpt>
      <trkpt lat="47.50887" lon="-121.2051">
        <ele>1017.71</ele>
      </trkpt>
      <trkpt lat="47.50877" lon="-121.20496">
        <ele>1018.58</ele>
      </trkpt>
      <trkpt lat="47.50849" lon="-121.20468">
        <ele>1023.16</ele>
      </trkpt>
      <trkpt lat="47.5084" lon="-121.20461">
        <ele>1024.35</ele>
      </trkpt>
      <trkpt lat="47.50833" lon="-121.20457">
        <ele>1025.44</ele>
      </trkpt>
      <trkpt lat="47.50829" lon="-121.20452">
        <ele>1025.57</ele>
      </trkpt>
      <trkpt lat="47.50825" lon="-121.20445">
        <ele>1024.92</ele>
      </trkpt>
      <trkpt lat="47.50817" lon="-121.20427">
        <ele>1023.0</ele>
      </trkpt>
      <trkpt lat="47.50814" lon="-121.20423">
        <ele>1022.08</ele>
      </trkpt>
      <trkpt lat="47.50812" lon="-121.20423">
        <ele>1022.15</ele>
      </trkpt>
      <trkpt lat="47.50818" lon="-121.20447">
        <ele>1027.05</ele>
      </trkpt>
      <trkpt lat="47.50817" lon="-121.20448">
        <ele>1027.59</ele>
      </trkpt>
      <trkpt lat="47.50811" lon="-121.20425">
        <ele>1022.74</ele>
      </trkpt>
      <trkpt lat="47.5081" lon="-121.20427">
        <ele>1023.29</ele>
      </trkpt>
      <trkpt lat="47.50813" lon="-121.20454">
        <ele>1030.68</ele>
      </trkpt>
      <trkpt lat="47.50821" lon="-121.20474">
        <ele>1032.9</ele>
      </trkpt>
      <trkpt lat="47.5083" lon="-121.2049">
        <ele>1033.28</ele>
      </trkpt>
      <trkpt lat="47.50836" lon="-121.20505">
        <ele>1034.6</ele>
      </trkpt>
      <trkpt lat="47.50845" lon="-121.2053">
        <ele>1036.44</ele>
      </trkpt>
      <trkpt lat="47.50856" lon="-121.20555">
        <ele>1037.54</ele>
      </trkpt>
      <trkpt lat="47.50859" lon="-121.20566">
        <ele>1038.94</ele>
      </trkpt>
      <trkpt lat="47.50866" lon="-121.20597">
        <ele>1042.84</ele>
      </trkpt>
      <trkpt lat="47.50873" lon="-121.20613">
        <ele>1044.27</ele>
      </trkpt>
      <trkpt lat="47.50879" lon="-121.20622">
        <ele>1043.79</ele>
      </trkpt>
      <trkpt lat="47.50882" lon="-121.20631">
        <ele>1045.05</ele>
      </trkpt>
      <trkpt lat="47.50886" lon="-121.20651">
        <ele>1048.86</ele>
      </trkpt>
      <trkpt lat="47.50886" lon="-121.20655">
        <ele>1049.73</ele>
      </trkpt>
      <trkpt lat="47.50884" lon="-121.20656">
        <ele>1050.81</ele>
      </trkpt>
      <trkpt lat="47.50875" lon="-121.20637">
        <ele>1049.49</ele>
      </trkpt>
      <trkpt lat="47.5087" lon="-121.2063">
        <ele>1049.28</ele>
      </trkpt>
      <trkpt lat="47.50859" lon="-121.20624">
        <ele>1052.24</ele>
      </trkpt>
      <trkpt lat="47.50848" lon="-121.20615">
        <ele>1053.43</ele>
      </trkpt>
      <trkpt lat="47.5084" lon="-121.20607">
        <ele>1054.27</ele>
      </trkpt>
      <trkpt lat="47.50835" lon="-121.20597">
        <ele>1053.59</ele>
      </trkpt>
      <trkpt lat="47.50815" lon="-121.20569">
        <ele>1054.84</ele>
      </trkpt>
      <trkpt lat="47.5081" lon="-121.20564">
        <ele>1055.38</ele>
      </trkpt>
      <trkpt lat="47.50807" lon="-121.20558">
        <ele>1055.06</ele>
      </trkpt>
      <trkpt lat="47.50802" lon="-121.20556">
        <ele>1056.23</ele>
      </trkpt>
      <trkpt lat="47.50797" lon="-121.20558">
        <ele>1058.06</ele>
      </trkpt>
      <trkpt lat="47.50792" lon="-121.20555">
        <ele>1058.84</ele>
      </trkpt>
      <trkpt lat="47.50779" lon="-121.20544">
        <ele>1060.24</ele>
      </trkpt>
      <trkpt lat="47.50771" lon="-121.20537">
        <ele>1060.45</ele>
      </trkpt>
      <trkpt lat="47.50766" lon="-121.20528">
        <ele>1058.34</ele>
      </trkpt>
      <trkpt lat="47.50759" lon="-121.2052">
        <ele>1057.35</ele>
      </trkpt>
      <trkpt lat="47.50753" lon="-121.20517">
        <ele>1057.29</ele>
      </trkpt>
      <trkpt lat="47.50752" lon="-121.2052">
        <ele>1058.1</ele>
      </trkpt>
      <trkpt lat="47.5076" lon="-121.20528">
        <ele>1058.99</ele>
      </trkpt>
      <trkpt lat="47.50768" lon="-121.20544">
        <ele>1062.56</ele>
      </trkpt>
      <trkpt lat="47.50775" lon="-121.20562">
        <ele>1065.2</ele>
      </trkpt>
      <trkpt lat="47.50779" lon="-121.20578">
        <ele>1067.82</ele>
      </trkpt>
      <trkpt lat="47.5078" lon="-121.20598">
        <ele>1072.21</ele>
      </trkpt>
      <trkpt lat="47.50782" lon="-121.20605">
        <ele>1072.52</ele>
      </trkpt>
      <trkpt lat="47.50802" lon="-121.20642">
        <ele>1071.49</ele>
      </trkpt>
      <trkpt lat="47.5084" lon="-121.20699">
        <ele>1072.54</ele>
      </trkpt>
      <trkpt lat="47.50848" lon="-121.20705">
        <ele>1072.11</ele>
      </trkpt>
      <trkpt lat="47.50855" lon="-121.20716">
        <ele>1073.3</ele>
      </trkpt>
      <trkpt lat="47.50861" lon="-121.20725">
        <ele>1074.62</ele>
      </trkpt>
      <trkpt lat="47.50865" lon="-121.20731">
        <ele>1074.64</ele>
      </trkpt>
      <trkpt lat="47.50865" lon="-121.20746">
        <ele>1078.63</ele>
      </trkpt>
      <trkpt lat="47.50869" lon="-121.20753">
        <ele>1079.42</ele>
      </trkpt>
      <trkpt lat="47.50895" lon="-121.20785">
        <ele>1081.97</ele>
      </trkpt>
      <trkpt lat="47.50898" lon="-121.20789">
        <ele>1081.71</ele>
      </trkpt>
      <trkpt lat="47.509" lon="-121.20798">
        <ele>1083.37</ele>
      </trkpt>
      <trkpt lat="47.50898" lon="-121.208">
        <ele>1084.87</ele>
      </trkpt>
      <trkpt lat="47.50895" lon="-121.20795">
        <ele>1084.99</ele>
      </trkpt>
      <trkpt lat="47.50893" lon="-121.20788">
        <ele>1084.03</ele>
      </trkpt>
      <trkpt lat="47.50886" lon="-121.20782">
        <ele>1084.76</ele>
      </trkpt>
      <trkpt lat="47.50874" lon="-121.20774">
        <ele>1085.6</ele>
      </trkpt>
      <trkpt lat="47.50864" lon="-121.20766">
        <ele>1085.48</ele>
      </trkpt>
      <trkpt lat="47.50854" lon="-121.20756">
        <ele>1084.98</ele>
      </trkpt>
      <trkpt lat="47.50838" lon="-121.20744">
        <ele>1084.87</ele>
      </trkpt>
      <trkpt lat="47.50829" lon="-121.20741">
        <ele>1086.5</ele>
      </trkpt>
      <trkpt lat="47.50815" lon="-121.20734">
        <ele>1089.02</ele>
      </trkpt>
      <trkpt lat="47.50809" lon="-121.20728">
        <ele>1089.78</ele>
      </trkpt>
      <trkpt lat="47.50802" lon="-121.20719">
        <ele>1090.13</ele>
      </trkpt>
      <trkpt lat="47.50797" lon="-121.20715">
        <ele>1091.48</ele>
      </trkpt>
      <trkpt lat="47.50767" lon="-121.20678">
        <ele>1094.46</ele>
      </trkpt>
      <trkpt lat="47.50751" lon="-121.20665">
        <ele>1098.03</ele>
      </trkpt>
      <trkpt lat="47.50728" lon="-121.2065">
        <ele>1099.43</ele>
      </trkpt>
      <trkpt lat="47.50721" lon="-121.20647">
        <ele>1099.64</ele>
      </trkpt>
      <trkpt lat="47.50714" lon="-121.20646">
        <ele>1099.96</ele>
      </trkpt>
      <trkpt lat="47.50709" lon="-121.20642">
        <ele>1099.06</ele>
      </trkpt>
      <trkpt lat="47.50706" lon="-121.20642">
        <ele>1099.6</ele>
      </trkpt>
      <trkpt lat="47.50705" lon="-121.20643">
        <ele>1100.4</ele>
      </trkpt>
      <trkpt lat="47.50705" lon="-121.20647">
        <ele>1102.87</ele>
      </trkpt>
      <trkpt lat="47.50708" lon="-121.2065">
        <ele>1103.7</ele>
      </trkpt>
      <trkpt lat="47.50733" lon="-121.20668">
        <ele>1104.94</ele>
      </trkpt>
      <trkpt lat="47.50739" lon="-121.20674">
        <ele>1104.94</ele>
      </trkpt>
      <trkpt lat="47.50746" lon="-121.20684">
        <ele>1105.42</ele>
      </trkpt>
      <trkpt lat="47.50757" lon="-121.20694">
        <ele>1103.83</ele>
      </trkpt>
      <trkpt lat="47.50763" lon="-121.20707">
        <ele>1105.45</ele>
      </trkpt>
      <trkpt lat="47.50779" lon="-121.20748">
        <ele>1111.82</ele>
      </trkpt>
      <trkpt lat="47.50787" lon="-121.20762">
        <ele>1112.9</ele>
      </trkpt>
      <trkpt lat="47.50791" lon="-121.20771">
        <ele>1113.94</ele>
      </trkpt>
      <trkpt lat="47.50796" lon="-121.20781">
        <ele>1115.14</ele>
      </trkpt>
      <trkpt lat="47.50819" lon="-121.20819">
        <ele>1120.45</ele>
      </trkpt>
      <trkpt lat="47.50829" lon="-121.20829">
        <ele>1121.53</ele>
      </trkpt>
      <trkpt lat="47.50834" lon="-121.20838">
        <ele>1123.84</ele>
      </trkpt>
      <trkpt lat="47.50845" lon="-121.20851">
        <ele>1123.78</ele>
      </trkpt>
      <trkpt lat="47.50851" lon="-121.20861">
        <ele>1123.34</ele>
      </trkpt>
      <trkpt lat="47.50854" lon="-121.20871">
        <ele>1124.19</ele>
      </trkpt>
      <trkpt lat="47.50867" lon="-121.20888">
        <ele>1121.26</ele>
      </trkpt>
      <trkpt lat="47.5087" lon="-121.20896">
        <ele>1121.73</ele>
      </trkpt>
      <trkpt lat="47.50872" lon="-121.2091">
        <ele>1125.19</ele>
      </trkpt>
      <trkpt lat="47.50871" lon="-121.20916">
        <ele>1127.58</ele>
      </trkpt>
      <trkpt lat="47.50872" lon="-121.2092">
        <ele>1128.98</ele>
      </trkpt>
      <trkpt lat="47.50875" lon="-121.20922">
        <ele>1129.09</ele>
      </trkpt>
      <trkpt lat="47.50879" lon="-121.20921">
        <ele>1127.51</ele>
      </trkpt>
      <trkpt lat="47.50883" lon="-121.2092">
        <ele>1126.44</ele>
      </trkpt>
      <trkpt lat="47.50886" lon="-121.20922">
        <ele>1127.19</ele>
      </trkpt>
      <trkpt lat="47.50888" lon="-121.20927">
        <ele>1129.57</ele>
      </trkpt>
      <trkpt lat="47.50892" lon="-121.20931">
        <ele>1130.86</ele>
      </trkpt>
      <trkpt lat="47.50895" lon="-121.20932">
        <ele>1130.96</ele>
      </trkpt>
      <trkpt lat="47.50902" lon="-121.20928">
        <ele>1128.06</ele>
      </trkpt>
      <trkpt lat="47.50905" lon="-121.2093">
        <ele>1128.28</ele>
      </trkpt>
      <trkpt lat="47.50909" lon="-121.2094">
        <ele>1131.56</ele>
      </trkpt>
      <trkpt lat="47.50914" lon="-121.20946">
        <ele>1132.66</ele>
      </trkpt>
      <trkpt lat="47.50919" lon="-121.20952">
        <ele>1134.07</ele>
      </trkpt>
      <trkpt lat="47.50927" lon="-121.20957">
        <ele>1132.89</ele>
      </trkpt>
      <trkpt lat="47.50935" lon="-121.20966">
        <ele>1133.39</ele>
      </trkpt>
      <trkpt lat="47.50948" lon="-121.20982">
        <ele>1133.69</ele>
      </trkpt>
      <trkpt lat="47.50957" lon="-121.21">
        <ele>1136.86</ele>
      </trkpt>
      <trkpt lat="47.50961" lon="-121.21006">
        <ele>1136.86</ele>
      </trkpt>
      <trkpt lat="47.50972" lon="-121.21015">
        <ele>1134.6</ele>
      </trkpt>
      <trkpt lat="47.50996" lon="-121.21052">
        <ele>1136.19</ele>
      </trkpt>
      <trkpt lat="47.51005" lon="-121.21071">
        <ele>1139.51</ele>
      </trkpt>
      <trkpt lat="47.51007" lon="-121.21081">
        <ele>1142.22</ele>
      </trkpt>
      <trkpt lat="47.51008" lon="-121.21089">
        <ele>1144.99</ele>
      </trkpt>
      <trkpt lat="47.51011" lon="-121.21098">
        <ele>1146.92</ele>
      </trkpt>
      <trkpt lat="47.51035" lon="-121.21141">
        <ele>1148.61</ele>
      </trkpt>
      <trkpt lat="47.51043" lon="-121.21152">
        <ele>1146.76</ele>
      </trkpt>
      <trkpt lat="47.51051" lon="-121.21162">
        <ele>1144.95</ele>
      </trkpt>
      <trkpt lat="47.51054" lon="-121.21171">
        <ele>1146.24</ele>
      </trkpt>
      <trkpt lat="47.51056" lon="-121.21202">
        <ele>1155.22</ele>
      </trkpt>
      <trkpt lat="47.51059" lon="-121.21213">
        <ele>1157.15</ele>
      </trkpt>
      <trkpt lat="47.51075" lon="-121.21257">
        <ele>1159.11</ele>
      </trkpt>
      <trkpt lat="47.51083" lon="-121.21282">
        <ele>1161.58</ele>
      </trkpt>
      <trkpt lat="47.51093" lon="-121.21304">
        <ele>1163.32</ele>
      </trkpt>
      <trkpt lat="47.51118" lon="-121.2135">
        <ele>1170.22</ele>
      </trkpt>
      <trkpt lat="47.51131" lon="-121.21363">
        <ele>1171.22</ele>
      </trkpt>
      <trkpt lat="47.51144" lon="-121.21372">
        <ele>1170.05</ele>
      </trkpt>
      <trkpt lat="47.51144" lon="-121.21375">
        <ele>1171.34</ele>
      </trkpt>
      <trkpt lat="47.51141" lon="-121.21376">
        <ele>1172.75</ele>
      </trkpt>
      <trkpt lat="47.51136" lon="-121.21374">
        <ele>1173.94</ele>
      </trkpt>
      <trkpt lat="47.51127" lon="-121.21368">
        <ele>1175.32</ele>
      </trkpt>
      <trkpt lat="47.51091" lon="-121.21329">
        <ele>1174.78</ele>
      </trkpt>
      <trkpt lat="47.51061" lon="-121.21287">
        <ele>1179.28</ele>
      </trkpt>
      <trkpt lat="47.5101" lon="-121.21228">
        <ele>1196.36</ele>
      </trkpt>
      <trkpt lat="47.50967" lon="-121.21166">
        <ele>1198.6</ele>
      </trkpt>
      <trkpt lat="47.50955" lon="-121.21155">
        <ele>1201.52</ele>
      </trkpt>
      <trkpt lat="47.50943" lon="-121.2114">
        <ele>1202.14</ele>
      </trkpt>
      <trkpt lat="47.5093" lon="-121.21127">
        <ele>1203.95</ele>
      </trkpt>
      <trkpt lat="47.50907" lon="-121.211">
        <ele>1204.42</ele>
      </trkpt>
      <trkpt lat="47.50903" lon="-121.21097">
        <ele>1205.28</ele>
      </trkpt>
      <trkpt lat="47.509" lon="-121.21098">
        <ele>1207.34</ele>
      </trkpt>
      <trkpt lat="47.509" lon="-121.21101">
        <ele>1208.63</ele>
      </trkpt>
      <trkpt lat="47.50914" lon="-121.2112">
        <ele>1209.03</ele>
      </trkpt>
      <trkpt lat="47.5093" lon="-121.21146">
        <ele>1210.97</ele>
      </trkpt>
      <trkpt lat="47.50934" lon="-121.21157">
        <ele>1213.34</ele>
      </trkpt>
      <trkpt lat="47.50946" lon="-121.21181">
        <ele>1215.26</ele>
      </trkpt>
      <trkpt lat="47.50954" lon="-121.21194">
        <ele>1214.7</ele>
      </trkpt>
      <trkpt lat="47.5096" lon="-121.21206">
        <ele>1215.91</ele>
      </trkpt>
      <trkpt lat="47.50966" lon="-121.21228">
        <ele>1221.2</ele>
      </trkpt>
      <trkpt lat="47.5097" lon="-121.21235">
        <ele>1221.49</ele>
      </trkpt>
      <trkpt lat="47.50976" lon="-121.21241">
        <ele>1220.26</ele>
      </trkpt>
      <trkpt lat="47.5098" lon="-121.21247">
        <ele>1219.82</ele>
      </trkpt>
      <trkpt lat="47.50985" lon="-121.2126">
        <ele>1221.69</ele>
      </trkpt>
      <trkpt lat="47.50988" lon="-121.21271">
        <ele>1224.58</ele>
      </trkpt>
      <trkpt lat="47.51003" lon="-121.21297">
        <ele>1223.04</ele>
      </trkpt>
      <trkpt lat="47.51007" lon="-121.21307">
        <ele>1224.29</ele>
      </trkpt>
      <trkpt lat="47.51009" lon="-121.21317">
        <ele>1226.88</ele>
      </trkpt>
      <trkpt lat="47.51015" lon="-121.21328">
        <ele>1226.98</ele>
      </trkpt>
      <trkpt lat="47.51027" lon="-121.21344">
        <ele>1226.11</ele>
      </trkpt>
      <trkpt lat="47.51038" lon="-121.21366">
        <ele>1229.54</ele>
      </trkpt>
      <trkpt lat="47.51062" lon="-121.21402">
        <ele>1230.77</ele>
      </trkpt>
      <trkpt lat="47.51072" lon="-121.21418">
        <ele>1230.66</ele>
      </trkpt>
      <trkpt lat="47.51076" lon="-121.2143">
        <ele>1233.16</ele>
      </trkpt>
      <trkpt lat="47.51081" lon="-121.21445">
        <ele>1235.19</ele>
      </trkpt>
      <trkpt lat="47.51093" lon="-121.21478">
        <ele>1237.98</ele>
      </trkpt>
      <trkpt lat="47.51099" lon="-121.21498">
        <ele>1237.17</ele>
      </trkpt>
      <trkpt lat="47.511" lon="-121.21509">
        <ele>1237.39</ele>
      </trkpt>
      <trkpt lat="47.51103" lon="-121.21518">
        <ele>1235.26</ele>
      </trkpt>
      <trkpt lat="47.51104" lon="-121.2153">
        <ele>1234.38</ele>
      </trkpt>
      <trkpt lat="47.51101" lon="-121.21549">
        <ele>1235.71</ele>
      </trkpt>
      <trkpt lat="47.51094" lon="-121.21569">
        <ele>1239.55</ele>
      </trkpt>
      <trkpt lat="47.51088" lon="-121.21584">
        <ele>1241.44</ele>
      </trkpt>
      <trkpt lat="47.51086" lon="-121.21586">
        <ele>1242.35</ele>
      </trkpt>
      <trkpt lat="47.51084" lon="-121.21584">
        <ele>1243.57</ele>
      </trkpt>
      <trkpt lat="47.51083" lon="-121.21581">
        <ele>1244.4</ele>
      </trkpt>
      <trkpt lat="47.51088" lon="-121.2157">
        <ele>1242.92</ele>
      </trkpt>
      <trkpt lat="47.51088" lon="-121.21565">
        <ele>1243.46</ele>
      </trkpt>
      <trkpt lat="47.51086" lon="-121.21555">
        <ele>1245.62</ele>
      </trkpt>
      <trkpt lat="47.51086" lon="-121.2154">
        <ele>1247.04</ele>
      </trkpt>
      <trkpt lat="47.51083" lon="-121.21523">
        <ele>1249.18</ele>
      </trkpt>
      <trkpt lat="47.51081" lon="-121.215">
        <ele>1248.26</ele>
      </trkpt>
      <trkpt lat="47.51077" lon="-121.21493">
        <ele>1248.91</ele>
      </trkpt>
      <trkpt lat="47.51068" lon="-121.21483">
        <ele>1251.61</ele>
      </trkpt>
      <trkpt lat="47.51059" lon="-121.21471">
        <ele>1254.37</ele>
      </trkpt>
      <trkpt lat="47.51054" lon="-121.2146">
        <ele>1253.88</ele>
      </trkpt>
      <trkpt lat="47.51052" lon="-121.2146">
        <ele>1254.96</ele>
      </trkpt>
      <trkpt lat="47.5105" lon="-121.2146">
        <ele>1256.04</ele>
      </trkpt>
      <trkpt lat="47.51051" lon="-121.21466">
        <ele>1257.28</ele>
      </trkpt>
      <trkpt lat="47.51057" lon="-121.21481">
        <ele>1257.96</ele>
      </trkpt>
      <trkpt lat="47.51059" lon="-121.21498">
        <ele>1259.22</ele>
      </trkpt>
      <trkpt lat="47.51056" lon="-121.21499">
        <ele>1260.69</ele>
      </trkpt>
      <trkpt lat="47.51052" lon="-121.21488">
        <ele>1261.24</ele>
      </trkpt>
      <trkpt lat="47.51047" lon="-121.21479">
        <ele>1262.16</ele>
      </trkpt>
      <trkpt lat="47.51034" lon="-121.21463">
        <ele>1264.65</ele>
      </trkpt>
      <trkpt lat="47.51021" lon="-121.21444">
        <ele>1266.5</ele>
      </trkpt>
      <trkpt lat="47.51006" lon="-121.21426">
        <ele>1269.14</ele>
      </trkpt>
      <trkpt lat="47.50997" lon="-121.21408">
        <ele>1266.57</ele>
      </trkpt>
      <trkpt lat="47.5099" lon="-121.21398">
        <ele>1266.4</ele>
      </trkpt>
      <trkpt lat="47.50966" lon="-121.21372">
        <ele>1270.62</ele>
      </trkpt>
      <trkpt lat="47.50948" lon="-121.21344">
        <ele>1269.01</ele>
      </trkpt>
      <trkpt lat="47.50943" lon="-121.21337">
        <ele>1268.27</ele>
      </trkpt>
      <trkpt lat="47.50927" lon="-121.21324">
        <ele>1270.5</ele>
      </trkpt>
      <trkpt lat="47.50924" lon="-121.21322">
        <ele>1271.51</ele>
      </trkpt>
      <trkpt lat="47.50923" lon="-121.21324">
        <ele>1273.18</ele>
      </trkpt>
      <trkpt lat="47.50939" lon="-121.21345">
        <ele>1273.98</ele>
      </trkpt>
      <trkpt lat="47.50947" lon="-121.21361">
        <ele>1276.57</ele>
      </trkpt>
      <trkpt lat="47.5096" lon="-121.21394">
        <ele>1283.3</ele>
      </trkpt>
      <trkpt lat="47.50987" lon="-121.21444">
        <ele>1287.88</ele>
      </trkpt>
      <trkpt lat="47.50999" lon="-121.2148">
        <ele>1290.22</ele>
      </trkpt>
      <trkpt lat="47.51002" lon="-121.21498">
        <ele>1291.66</ele>
      </trkpt>
      <trkpt lat="47.51001" lon="-121.2151">
        <ele>1294.44</ele>
      </trkpt>
      <trkpt lat="47.50998" lon="-121.21518">
        <ele>1297.44</ele>
      </trkpt>
      <trkpt lat="47.50997" lon="-121.21524">
        <ele>1299.26</ele>
      </trkpt>
      <trkpt lat="47.50998" lon="-121.21542">
        <ele>1300.05</ele>
      </trkpt>
      <trkpt lat="47.50999" lon="-121.21548">
        <ele>1299.76</ele>
      </trkpt>
      <trkpt lat="47.50999" lon="-121.21551">
        <ele>1299.76</ele>
      </trkpt>
      <trkpt lat="47.50997" lon="-121.21552">
        <ele>1301.27</ele>
      </trkpt>
      <trkpt lat="47.50992" lon="-121.21542">
        <ele>1304.58</ele>
      </trkpt>
      <trkpt lat="47.50989" lon="-121.21523">
        <ele>1304.51</ele>
      </trkpt>
      <trkpt lat="47.50991" lon="-121.21517">
        <ele>1302.48</ele>
      </trkpt>
      <trkpt lat="47.50992" lon="-121.21508">
        <ele>1299.91</ele>
      </trkpt>
      <trkpt lat="47.5099" lon="-121.215">
        <ele>1299.48</ele>
      </trkpt>
      <trkpt lat="47.50986" lon="-121.21489">
        <ele>1299.7</ele>
      </trkpt>
      <trkpt lat="47.50984" lon="-121.21478">
        <ele>1298.62</ele>
      </trkpt>
      <trkpt lat="47.50982" lon="-121.21475">
        <ele>1299.26</ele>
      </trkpt>
      <trkpt lat="47.5098" lon="-121.21475">
        <ele>1300.4</ele>
      </trkpt>
      <trkpt lat="47.50981" lon="-121.21496">
        <ele>1304.4</ele>
      </trkpt>
      <trkpt lat="47.5098" lon="-121.21505">
        <ele>1306.88</ele>
      </trkpt>
      <trkpt lat="47.50978" lon="-121.21512">
        <ele>1309.18</ele>
      </trkpt>
      <trkpt lat="47.50977" lon="-121.21523">
        <ele>1311.39</ele>
      </trkpt>
      <trkpt lat="47.50979" lon="-121.2153">
        <ele>1311.58</ele>
      </trkpt>
      <trkpt lat="47.50982" lon="-121.21534">
        <ele>1310.34</ele>
      </trkpt>
      <trkpt lat="47.50982" lon="-121.21538">
        <ele>1310.77</ele>
      </trkpt>
      <trkpt lat="47.5098" lon="-121.21539">
        <ele>1312.01</ele>
      </trkpt>
      <trkpt lat="47.50977" lon="-121.21538">
        <ele>1313.52</ele>
      </trkpt>
      <trkpt lat="47.50975" lon="-121.21535">
        <ele>1314.28</ele>
      </trkpt>
      <trkpt lat="47.50972" lon="-121.21505">
        <ele>1311.2</ele>
      </trkpt>
      <trkpt lat="47.50967" lon="-121.21492">
        <ele>1311.09</ele>
      </trkpt>
      <trkpt lat="47.5096" lon="-121.21481">
        <ele>1312.18</ele>
      </trkpt>
      <trkpt lat="47.5095" lon="-121.21468">
        <ele>1313.91</ele>
      </trkpt>
      <trkpt lat="47.50945" lon="-121.21454">
        <ele>1312.82</ele>
      </trkpt>
      <trkpt lat="47.50942" lon="-121.21448">
        <ele>1312.82</ele>
      </trkpt>
      <trkpt lat="47.50923" lon="-121.21435">
        <ele>1317.22</ele>
      </trkpt>
      <trkpt lat="47.50916" lon="-121.21426">
        <ele>1318.38</ele>
      </trkpt>
      <trkpt lat="47.50903" lon="-121.21399">
        <ele>1317.13</ele>
      </trkpt>
      <trkpt lat="47.509" lon="-121.21397">
        <ele>1317.83</ele>
      </trkpt>
      <trkpt lat="47.509" lon="-121.21399">
        <ele>1318.46</ele>
      </trkpt>
      <trkpt lat="47.50902" lon="-121.21404">
        <ele>1318.97</ele>
      </trkpt>
      <trkpt lat="47.50904" lon="-121.21407">
        <ele>1318.74</ele>
      </trkpt>
      <trkpt lat="47.5091" lon="-121.21425">
        <ele>1321.33</ele>
      </trkpt>
      <trkpt lat="47.50918" lon="-121.21451">
        <ele>1324.45</ele>
      </trkpt>
      <trkpt lat="47.5092" lon="-121.21461">
        <ele>1325.78</ele>
      </trkpt>
      <trkpt lat="47.50928" lon="-121.21465">
        <ele>1322.54</ele>
      </trkpt>
      <trkpt lat="47.50931" lon="-121.21468">
        <ele>1321.9</ele>
      </trkpt>
      <trkpt lat="47.50933" lon="-121.21474">
        <ele>1322.33</ele>
      </trkpt>
      <trkpt lat="47.50933" lon="-121.21483">
        <ele>1324.23</ele>
      </trkpt>
      <trkpt lat="47.5094" lon="-121.215">
        <ele>1324.92</ele>
      </trkpt>
      <trkpt lat="47.50942" lon="-121.21522">
        <ele>1328.81</ele>
      </trkpt>
      <trkpt lat="47.50949" lon="-121.2154">
        <ele>1329.02</ele>
      </trkpt>
      <trkpt lat="47.50951" lon="-121.2155">
        <ele>1329.15</ele>
      </trkpt>
      <trkpt lat="47.5095" lon="-121.21557">
        <ele>1330.4</ele>
      </trkpt>
      <trkpt lat="47.50945" lon="-121.21565">
        <ele>1333.62</ele>
      </trkpt>
      <trkpt lat="47.50941" lon="-121.21577">
        <ele>1335.29</ele>
      </trkpt>
      <trkpt lat="47.50937" lon="-121.21595">
        <ele>1337.37</ele>
      </trkpt>
      <trkpt lat="47.50934" lon="-121.21596">
        <ele>1339.53</ele>
      </trkpt>
      <trkpt lat="47.50933" lon="-121.21593">
        <ele>1340.61</ele>
      </trkpt>
      <trkpt lat="47.50934" lon="-121.21573">
        <ele>1340.75</ele>
      </trkpt>
      <trkpt lat="47.50931" lon="-121.21544">
        <ele>1339.76</ele>
      </trkpt>
      <trkpt lat="47.50926" lon="-121.21537">
        <ele>1340.95</ele>
      </trkpt>
      <trkpt lat="47.50918" lon="-121.2153">
        <ele>1342.79</ele>
      </trkpt>
      <trkpt lat="47.50908" lon="-121.21524">
        <ele>1345.9</ele>
      </trkpt>
      <trkpt lat="47.50899" lon="-121.21516">
        <ele>1347.82</ele>
      </trkpt>
      <trkpt lat="47.50886" lon="-121.21502">
        <ele>1349.68</ele>
      </trkpt>
      <trkpt lat="47.50883" lon="-121.2149">
        <ele>1349.1</ele>
      </trkpt>
      <trkpt lat="47.5088" lon="-121.21484">
        <ele>1350.07</ele>
      </trkpt>
      <trkpt lat="47.50872" lon="-121.21474">
        <ele>1351.52</ele>
      </trkpt>
      <trkpt lat="47.50864" lon="-121.21468">
        <ele>1353.15</ele>
      </trkpt>
      <trkpt lat="47.50855" lon="-121.21465">
        <ele>1355.42</ele>
      </trkpt>
      <trkpt lat="47.50842" lon="-121.21468">
        <ele>1358.64</ele>
      </trkpt>
      <trkpt lat="47.50836" lon="-121.21466">
        <ele>1359.27</ele>
      </trkpt>
      <trkpt lat="47.50828" lon="-121.21458">
        <ele>1359.08</ele>
      </trkpt>
      <trkpt lat="47.50804" lon="-121.21442">
        <ele>1360.81</ele>
      </trkpt>
      <trkpt lat="47.508" lon="-121.21435">
        <ele>1360.17</ele>
      </trkpt>
      <trkpt lat="47.50789" lon="-121.2141">
        <ele>1358.7</ele>
      </trkpt>
      <trkpt lat="47.50785" lon="-121.21404">
        <ele>1358.56</ele>
      </trkpt>
      <trkpt lat="47.50779" lon="-121.21398">
        <ele>1358.7</ele>
      </trkpt>
      <trkpt lat="47.50773" lon="-121.21389">
        <ele>1357.02</ele>
      </trkpt>
      <trkpt lat="47.50764" lon="-121.21388">
        <ele>1356.22</ele>
      </trkpt>
      <trkpt lat="47.50763" lon="-121.21392">
        <ele>1357.28</ele>
      </trkpt>
      <trkpt lat="47.50768" lon="-121.21405">
        <ele>1360.52</ele>
      </trkpt>
      <trkpt lat="47.50779" lon="-121.21424">
        <ele>1364.01</ele>
      </trkpt>
      <trkpt lat="47.50784" lon="-121.21431">
        <ele>1363.9</ele>
      </trkpt>
      <trkpt lat="47.50789" lon="-121.21442">
        <ele>1364.26</ele>
      </trkpt>
      <trkpt lat="47.50794" lon="-121.21463">
        <ele>1367.75</ele>
      </trkpt>
      <trkpt lat="47.50796" lon="-121.21471">
        <ele>1368.86</ele>
      </trkpt>
      <trkpt lat="47.50808" lon="-121.21484">
        <ele>1369.22</ele>
      </trkpt>
      <trkpt lat="47.50822" lon="-121.21512">
        <ele>1373.04</ele>
      </trkpt>
      <trkpt lat="47.50829" lon="-121.21521">
        <ele>1373.74</ele>
      </trkpt>
      <trkpt lat="47.5084" lon="-121.21531">
        <ele>1373.88</ele>
      </trkpt>
      <trkpt lat="47.50851" lon="-121.21538">
        <ele>1372.59</ele>
      </trkpt>
      <trkpt lat="47.50856" lon="-121.21544">
        <ele>1372.58</ele>
      </trkpt>
      <trkpt lat="47.50859" lon="-121.2155">
        <ele>1373.02</ele>
      </trkpt>
      <trkpt lat="47.50862" lon="-121.21558">
        <ele>1374.14</ele>
      </trkpt>
      <trkpt lat="47.50869" lon="-121.21569">
        <ele>1373.04</ele>
      </trkpt>
      <trkpt lat="47.50877" lon="-121.21589">
        <ele>1372.57</ele>
      </trkpt>
      <trkpt lat="47.5088" lon="-121.21599">
        <ele>1372.57</ele>
      </trkpt>
      <trkpt lat="47.50881" lon="-121.21611">
        <ele>1373.4</ele>
      </trkpt>
      <trkpt lat="47.50881" lon="-121.21625">
        <ele>1375.33</ele>
      </trkpt>
      <trkpt lat="47.5088" lon="-121.21632">
        <ele>1376.8</ele>
      </trkpt>
      <trkpt lat="47.50882" lon="-121.21647">
        <ele>1376.6</ele>
      </trkpt>
      <trkpt lat="47.50883" lon="-121.2168">
        <ele>1380.06</ele>
      </trkpt>
      <trkpt lat="47.50885" lon="-121.21695">
        <ele>1382.64</ele>
      </trkpt>
      <trkpt lat="47.50887" lon="-121.21701">
        <ele>1382.64</ele>
      </trkpt>
      <trkpt lat="47.50888" lon="-121.2171">
        <ele>1383.94</ele>
      </trkpt>
      <trkpt lat="47.50887" lon="-121.21719">
        <ele>1385.88</ele>
      </trkpt>
      <trkpt lat="47.50885" lon="-121.21735">
        <ele>1388.74</ele>
      </trkpt>
      <trkpt lat="47.50886" lon="-121.21759">
        <ele>1387.89</ele>
      </trkpt>
      <trkpt lat="47.50885" lon="-121.21775">
        <ele>1388.51</ele>
      </trkpt>
      <trkpt lat="47.50887" lon="-121.21783">
        <ele>1388.38</ele>
      </trkpt>
      <trkpt lat="47.50891" lon="-121.2179">
        <ele>1387.25</ele>
      </trkpt>
      <trkpt lat="47.50895" lon="-121.21794">
        <ele>1385.95</ele>
      </trkpt>
      <trkpt lat="47.50896" lon="-121.21799">
        <ele>1386.22</ele>
      </trkpt>
      <trkpt lat="47.50894" lon="-121.21801">
        <ele>1387.3</ele>
      </trkpt>
      <trkpt lat="47.50891" lon="-121.21801">
        <ele>1388.6</ele>
      </trkpt>
      <trkpt lat="47.50879" lon="-121.21783">
        <ele>1391.9</ele>
      </trkpt>
      <trkpt lat="47.50878" lon="-121.21776">
        <ele>1391.88</ele>
      </trkpt>
      <trkpt lat="47.5088" lon="-121.21768">
        <ele>1390.85</ele>
      </trkpt>
      <trkpt lat="47.50879" lon="-121.21755">
        <ele>1392.3</ele>
      </trkpt>
      <trkpt lat="47.50875" lon="-121.2174">
        <ele>1394.5</ele>
      </trkpt>
      <trkpt lat="47.50873" lon="-121.21725">
        <ele>1394.88</ele>
      </trkpt>
      <trkpt lat="47.50869" lon="-121.2171">
        <ele>1395.1</ele>
      </trkpt>
      <trkpt lat="47.50857" lon="-121.21681">
        <ele>1395.32</ele>
      </trkpt>
      <trkpt lat="47.5085" lon="-121.21671">
        <ele>1397.16</ele>
      </trkpt>
      <trkpt lat="47.50838" lon="-121.21661">
        <ele>1399.26</ele>
      </trkpt>
      <trkpt lat="47.50831" lon="-121.21652">
        <ele>1399.34</ele>
      </trkpt>
      <trkpt lat="47.50807" lon="-121.21609">
        <ele>1402.76</ele>
      </trkpt>
      <trkpt lat="47.50793" lon="-121.21588">
        <ele>1403.08</ele>
      </trkpt>
      <trkpt lat="47.50785" lon="-121.21578">
        <ele>1403.29</ele>
      </trkpt>
      <trkpt lat="47.50774" lon="-121.21568">
        <ele>1403.5</ele>
      </trkpt>
      <trkpt lat="47.50765" lon="-121.21558">
        <ele>1402.91</ele>
      </trkpt>
      <trkpt lat="47.50762" lon="-121.21556">
        <ele>1402.8</ele>
      </trkpt>
      <trkpt lat="47.50759" lon="-121.21556">
        <ele>1403.1</ele>
      </trkpt>
      <trkpt lat="47.50756" lon="-121.21557">
        <ele>1403.31</ele>
      </trkpt>
      <trkpt lat="47.50756" lon="-121.21561">
        <ele>1404.18</ele>
      </trkpt>
      <trkpt lat="47.50757" lon="-121.21573">
        <ele>1406.77</ele>
      </trkpt>
      <trkpt lat="47.50755" lon="-121.21578">
        <ele>1408.04</ele>
      </trkpt>
      <trkpt lat="47.5075" lon="-121.21583">
        <ele>1409.89</ele>
      </trkpt>
      <trkpt lat="47.50729" lon="-121.2159">
        <ele>1410.62</ele>
      </trkpt>
      <trkpt lat="47.50721" lon="-121.21593">
        <ele>1409.82</ele>
      </trkpt>
      <trkpt lat="47.50716" lon="-121.21598">
        <ele>1409.82</ele>
      </trkpt>
      <trkpt lat="47.50713" lon="-121.2161">
        <ele>1410.89</ele>
      </trkpt>
      <trkpt lat="47.5071" lon="-121.21629">
        <ele>1413.61</ele>
      </trkpt>
      <trkpt lat="47.50706" lon="-121.21648">
        <ele>1414.49</ele>
      </trkpt>
      <trkpt lat="47.50705" lon="-121.21663">
        <ele>1415.88</ele>
      </trkpt>
      <trkpt lat="47.50702" lon="-121.21674">
        <ele>1417.25</ele>
      </trkpt>
      <trkpt lat="47.50699" lon="-121.21679">
        <ele>1417.65</ele>
      </trkpt>
      <trkpt lat="47.50696" lon="-121.2168">
        <ele>1417.22</ele>
      </trkpt>
      <trkpt lat="47.50683" lon="-121.21666">
        <ele>1415.18</ele>
      </trkpt>
      <trkpt lat="47.50678" lon="-121.21664">
        <ele>1415.71</ele>
      </trkpt>
      <trkpt lat="47.50674" lon="-121.21665">
        <ele>1416.62</ele>
      </trkpt>
      <trkpt lat="47.50671" lon="-121.21667">
        <ele>1417.67</ele>
      </trkpt>
      <trkpt lat="47.50666" lon="-121.21667">
        <ele>1419.43</ele>
      </trkpt>
      <trkpt lat="47.50662" lon="-121.21665">
        <ele>1421.43</ele>
      </trkpt>
      <trkpt lat="47.5066" lon="-121.21659">
        <ele>1422.0</ele>
      </trkpt>
      <trkpt lat="47.50659" lon="-121.21634">
        <ele>1422.14</ele>
      </trkpt>
      <trkpt lat="47.50661" lon="-121.21601">
        <ele>1421.12</ele>
      </trkpt>
      <trkpt lat="47.50657" lon="-121.21564">
        <ele>1424.22</ele>
      </trkpt>
      <trkpt lat="47.50651" lon="-121.21534">
        <ele>1425.29</ele>
      </trkpt>
      <trkpt lat="47.50648" lon="-121.2152">
        <ele>1424.42</ele>
      </trkpt>
      <trkpt lat="47.50644" lon="-121.21511">
        <ele>1425.06</ele>
      </trkpt>
      <trkpt lat="47.50636" lon="-121.21501">
        <ele>1428.4</ele>
      </trkpt>
      <trkpt lat="47.50631" lon="-121.21492">
        <ele>1430.24</ele>
      </trkpt>
      <trkpt lat="47.50629" lon="-121.21484">
        <ele>1430.16</ele>
      </trkpt>
      <trkpt lat="47.50627" lon="-121.21464">
        <ele>1427.78</ele>
      </trkpt>
      <trkpt lat="47.50625" lon="-121.21463">
        <ele>1429.51</ele>
      </trkpt>
      <trkpt lat="47.50623" lon="-121.21466">
        <ele>1432.1</ele>
      </trkpt>
      <trkpt lat="47.50623" lon="-121.21471">
        <ele>1433.18</ele>
      </trkpt>
      <trkpt lat="47.50625" lon="-121.21499">
        <ele>1436.84</ele>
      </trkpt>
      <trkpt lat="47.50627" lon="-121.21512">
        <ele>1437.37</ele>
      </trkpt>
      <trkpt lat="47.5063" lon="-121.21527">
        <ele>1437.59</ele>
      </trkpt>
      <trkpt lat="47.50637" lon="-121.21546">
        <ele>1436.17</ele>
      </trkpt>
      <trkpt lat="47.50638" lon="-121.21554">
        <ele>1436.41</ele>
      </trkpt>
      <trkpt lat="47.50638" lon="-121.21561">
        <ele>1436.63</ele>
      </trkpt>
      <trkpt lat="47.50635" lon="-121.2156">
        <ele>1438.72</ele>
      </trkpt>
      <trkpt lat="47.50633" lon="-121.21557">
        <ele>1439.92</ele>
      </trkpt>
      <trkpt lat="47.50633" lon="-121.21551">
        <ele>1439.32</ele>
      </trkpt>
      <trkpt lat="47.50631" lon="-121.21544">
        <ele>1439.83</ele>
      </trkpt>
      <trkpt lat="47.50626" lon="-121.21539">
        <ele>1443.82</ele>
      </trkpt>
      <trkpt lat="47.50622" lon="-121.21533">
        <ele>1446.18</ele>
      </trkpt>
      <trkpt lat="47.50618" lon="-121.21521">
        <ele>1446.84</ele>
      </trkpt>
      <trkpt lat="47.50617" lon="-121.21514">
        <ele>1446.3</ele>
      </trkpt>
      <trkpt lat="47.50618" lon="-121.21508">
        <ele>1444.13</ele>
      </trkpt>
      <trkpt lat="47.50616" lon="-121.21501">
        <ele>1444.93</ele>
      </trkpt>
      <trkpt lat="47.50614" lon="-121.21495">
        <ele>1445.59</ele>
      </trkpt>
      <trkpt lat="47.50607" lon="-121.21465">
        <ele>1447.43</ele>
      </trkpt>
      <trkpt lat="47.50596" lon="-121.21438">
        <ele>1449.96</ele>
      </trkpt>
      <trkpt lat="47.50587" lon="-121.21419">
        <ele>1450.07</ele>
      </trkpt>
      <trkpt lat="47.50578" lon="-121.21405">
        <ele>1449.63</ele>
      </trkpt>
      <trkpt lat="47.50559" lon="-121.21379">
        <ele>1446.61</ele>
      </trkpt>
      <trkpt lat="47.50544" lon="-121.21365">
        <ele>1445.18</ele>
      </trkpt>
      <trkpt lat="47.50537" lon="-121.21362">
        <ele>1445.39</ele>
      </trkpt>
      <trkpt lat="47.50472" lon="-121.21361">
        <ele>1446.94</ele>
      </trkpt>
      <trkpt lat="47.50461" lon="-121.21359">
        <ele>1446.51</ele>
      </trkpt>
      <trkpt lat="47.5043" lon="-121.21359">
        <ele>1453.77</ele>
      </trkpt>
      <trkpt lat="47.50424" lon="-121.21355">
        <ele>1453.78</ele>
      </trkpt>
      <trkpt lat="47.50411" lon="-121.21352">
        <ele>1455.9</ele>
      </trkpt>
      <trkpt lat="47.50406" lon="-121.2134">
        <ele>1452.18</ele>
      </trkpt>
      <trkpt lat="47.50402" lon="-121.21335">
        <ele>1450.89</ele>
      </trkpt>
      <trkpt lat="47.50386" lon="-121.21327">
        <ele>1452.2</ele>
      </trkpt>
      <trkpt lat="47.50379" lon="-121.21325">
        <ele>1453.54</ele>
      </trkpt>
      <trkpt lat="47.50373" lon="-121.21326">
        <ele>1455.26</ele>
      </trkpt>
      <trkpt lat="47.50366" lon="-121.21322">
        <ele>1455.05</ele>
      </trkpt>
      <trkpt lat="47.50355" lon="-121.21321">
        <ele>1456.99</ele>
      </trkpt>
      <trkpt lat="47.50342" lon="-121.21318">
        <ele>1457.33</ele>
      </trkpt>
      <trkpt lat="47.50332" lon="-121.21314">
        <ele>1454.5</ele>
      </trkpt>
      <trkpt lat="47.50327" lon="-121.21314">
        <ele>1453.96</ele>
      </trkpt>
      <trkpt lat="47.50323" lon="-121.21316">
        <ele>1454.29</ele>
      </trkpt>
      <trkpt lat="47.50314" lon="-121.21325">
        <ele>1456.33</ele>
      </trkpt>
      <trkpt lat="47.50307" lon="-121.21341">
        <ele>1462.63</ele>
      </trkpt>
      <trkpt lat="47.50303" lon="-121.21342">
        <ele>1461.85</ele>
      </trkpt>
      <trkpt lat="47.50296" lon="-121.2134">
        <ele>1458.54</ele>
      </trkpt>
      <trkpt lat="47.50291" lon="-121.21342">
        <ele>1458.54</ele>
      </trkpt>
      <trkpt lat="47.50287" lon="-121.21346">
        <ele>1459.83</ele>
      </trkpt>
      <trkpt lat="47.50282" lon="-121.21347">
        <ele>1459.58</ele>
      </trkpt>
      <trkpt lat="47.50277" lon="-121.21346">
        <ele>1458.53</ele>
      </trkpt>
      <trkpt lat="47.50272" lon="-121.21348">
        <ele>1459.6</ele>
      </trkpt>
      <trkpt lat="47.50269" lon="-121.2135">
        <ele>1460.39</ele>
      </trkpt>
      <trkpt lat="47.50267" lon="-121.21356">
        <ele>1462.43</ele>
      </trkpt>
      <trkpt lat="47.50266" lon="-121.21362">
        <ele>1464.29</ele>
      </trkpt>
      <trkpt lat="47.50265" lon="-121.21371">
        <ele>1467.2</ele>
      </trkpt>
      <trkpt lat="47.50262" lon="-121.21374">
        <ele>1468.18</ele>
      </trkpt>
      <trkpt lat="47.50258" lon="-121.21373">
        <ele>1468.12</ele>
      </trkpt>
      <trkpt lat="47.5025" lon="-121.21359">
        <ele>1466.54</ele>
      </trkpt>
      <trkpt lat="47.50244" lon="-121.21353">
        <ele>1467.19</ele>
      </trkpt>
      <trkpt lat="47.50234" lon="-121.21347">
        <ele>1470.01</ele>
      </trkpt>
      <trkpt lat="47.50226" lon="-121.21345">
        <ele>1472.3</ele>
      </trkpt>
      <trkpt lat="47.50219" lon="-121.21347">
        <ele>1475.0</ele>
      </trkpt>
      <trkpt lat="47.50212" lon="-121.21348">
        <ele>1477.33</ele>
      </trkpt>
      <trkpt lat="47.50197" lon="-121.2134">
        <ele>1477.89</ele>
      </trkpt>
      <trkpt lat="47.50189" lon="-121.21337">
        <ele>1478.38</ele>
      </trkpt>
      <trkpt lat="47.50178" lon="-121.21329">
        <ele>1478.62</ele>
      </trkpt>
      <trkpt lat="47.50174" lon="-121.21321">
        <ele>1477.75</ele>
      </trkpt>
      <trkpt lat="47.50163" lon="-121.21308">
        <ele>1477.61</ele>
      </trkpt>
      <trkpt lat="47.50162" lon="-121.21299">
        <ele>1476.8</ele>
      </trkpt>
      <trkpt lat="47.50158" lon="-121.21292">
        <ele>1477.81</ele>
      </trkpt>
      <trkpt lat="47.50146" lon="-121.21278">
        <ele>1480.72</ele>
      </trkpt>
      <trkpt lat="47.5014" lon="-121.21266">
        <ele>1481.73</ele>
      </trkpt>
      <trkpt lat="47.50137" lon="-121.2126">
        <ele>1482.42</ele>
      </trkpt>
      <trkpt lat="47.50136" lon="-121.21254">
        <ele>1482.06</ele>
      </trkpt>
      <trkpt lat="47.50136" lon="-121.21249">
        <ele>1481.52</ele>
      </trkpt>
      <trkpt lat="47.50141" lon="-121.2124">
        <ele>1479.48</ele>
      </trkpt>
      <trkpt lat="47.50143" lon="-121.21231">
        <ele>1478.5</ele>
      </trkpt>
      <trkpt lat="47.50142" lon="-121.21218">
        <ele>1477.21</ele>
      </trkpt>
      <trkpt lat="47.5014" lon="-121.21207">
        <ele>1476.16</ele>
      </trkpt>
      <trkpt lat="47.50136" lon="-121.21202">
        <ele>1476.38</ele>
      </trkpt>
      <trkpt lat="47.50127" lon="-121.21192">
        <ele>1475.76</ele>
      </trkpt>
      <trkpt lat="47.50123" lon="-121.21191">
        <ele>1475.97</ele>
      </trkpt>
      <trkpt lat="47.50117" lon="-121.21193">
        <ele>1476.69</ele>
      </trkpt>
      <trkpt lat="47.50114" lon="-121.21197">
        <ele>1477.47</ele>
      </trkpt>
      <trkpt lat="47.50112" lon="-121.21203">
        <ele>1478.76</ele>
      </trkpt>
      <trkpt lat="47.50114" lon="-121.21228">
        <ele>1482.31</ele>
      </trkpt>
      <trkpt lat="47.50111" lon="-121.21237">
        <ele>1484.21</ele>
      </trkpt>
      <trkpt lat="47.50108" lon="-121.21244">
        <ele>1485.81</ele>
      </trkpt>
      <trkpt lat="47.50103" lon="-121.21247">
        <ele>1487.14</ele>
      </trkpt>
      <trkpt lat="47.50098" lon="-121.21245">
        <ele>1487.56</ele>
      </trkpt>
      <trkpt lat="47.50093" lon="-121.21241">
        <ele>1487.94</ele>
      </trkpt>
      <trkpt lat="47.50088" lon="-121.21241">
        <ele>1488.54</ele>
      </trkpt>
      <trkpt lat="47.50078" lon="-121.21245">
        <ele>1490.76</ele>
      </trkpt>
      <trkpt lat="47.50068" lon="-121.21245">
        <ele>1492.39</ele>
      </trkpt>
      <trkpt lat="47.50062" lon="-121.21242">
        <ele>1492.62</ele>
      </trkpt>
      <trkpt lat="47.50054" lon="-121.21236">
        <ele>1491.8</ele>
      </trkpt>
      <trkpt lat="47.50039" lon="-121.21219">
        <ele>1488.46</ele>
      </trkpt>
      <trkpt lat="47.50037" lon="-121.2122">
        <ele>1489.29</ele>
      </trkpt>
      <trkpt lat="47.50038" lon="-121.21223">
        <ele>1490.05</ele>
      </trkpt>
      <trkpt lat="47.5005" lon="-121.21244">
        <ele>1495.47</ele>
      </trkpt>
      <trkpt lat="47.50056" lon="-121.21261">
        <ele>1499.23</ele>
      </trkpt>
      <trkpt lat="47.50064" lon="-121.21274">
        <ele>1499.4</ele>
      </trkpt>
      <trkpt lat="47.50069" lon="-121.2128">
        <ele>1499.58</ele>
      </trkpt>
      <trkpt lat="47.50086" lon="-121.21293">
        <ele>1498.53</ele>
      </trkpt>
      <trkpt lat="47.5009" lon="-121.21299">
        <ele>1498.42</ele>
      </trkpt>
      <trkpt lat="47.5009" lon="-121.21302">
        <ele>1499.07</ele>
      </trkpt>
      <trkpt lat="47.50088" lon="-121.21304">
        <ele>1500.15</ele>
      </trkpt>
      <trkpt lat="47.50053" lon="-121.21282">
        <ele>1504.35</ele>
      </trkpt>
      <trkpt lat="47.50046" lon="-121.21273">
        <ele>1505.08</ele>
      </trkpt>
      <trkpt lat="47.50043" lon="-121.21267">
        <ele>1504.68</ele>
      </trkpt>
      <trkpt lat="47.50033" lon="-121.21254">
        <ele>1502.92</ele>
      </trkpt>
      <trkpt lat="47.50012" lon="-121.21233">
        <ele>1498.9</ele>
      </trkpt>
      <trkpt lat="47.50001" lon="-121.2123">
        <ele>1500.45</ele>
      </trkpt>
      <trkpt lat="47.49992" lon="-121.21225">
        <ele>1502.45</ele>
      </trkpt>
      <trkpt lat="47.49988" lon="-121.21221">
        <ele>1503.22</ele>
      </trkpt>
      <trkpt lat="47.4998" lon="-121.21218">
        <ele>1506.89</ele>
      </trkpt>
      <trkpt lat="47.49975" lon="-121.21215">
        <ele>1508.94</ele>
      </trkpt>
      <trkpt lat="47.49971" lon="-121.2121">
        <ele>1509.7</ele>
      </trkpt>
      <trkpt lat="47.49968" lon="-121.21211">
        <ele>1511.64</ele>
      </trkpt>
      <trkpt lat="47.49969" lon="-121.21216">
        <ele>1512.4</ele>
      </trkpt>
      <trkpt lat="47.49978" lon="-121.21226">
        <ele>1509.7</ele>
      </trkpt>
      <trkpt lat="47.49986" lon="-121.2123">
        <ele>1506.65</ele>
      </trkpt>
      <trkpt lat="47.49993" lon="-121.21238">
        <ele>1506.31</ele>
      </trkpt>
      <trkpt lat="47.5" lon="-121.2124">
        <ele>1504.68</ele>
      </trkpt>
      <trkpt lat="47.50005" lon="-121.21245">
        <ele>1505.22</ele>
      </trkpt>
      <trkpt lat="47.5001" lon="-121.21253">
        <ele>1507.08</ele>
      </trkpt>
      <trkpt lat="47.50015" lon="-121.21264">
        <ele>1510.81</ele>
      </trkpt>
      <trkpt lat="47.50023" lon="-121.21276">
        <ele>1513.87</ele>
      </trkpt>
      <trkpt lat="47.50026" lon="-121.21284">
        <ele>1515.46</ele>
      </trkpt>
      <trkpt lat="47.50039" lon="-121.21302">
        <ele>1515.21</ele>
      </trkpt>
      <trkpt lat="47.50043" lon="-121.21314">
        <ele>1517.8</ele>
      </trkpt>
      <trkpt lat="47.5005" lon="-121.21347">
        <ele>1521.88</ele>
      </trkpt>
      <trkpt lat="47.50054" lon="-121.21359">
        <ele>1522.09</ele>
      </trkpt>
      <trkpt lat="47.50062" lon="-121.21376">
        <ele>1521.25</ele>
      </trkpt>
      <trkpt lat="47.50072" lon="-121.21402">
        <ele>1524.92</ele>
      </trkpt>
      <trkpt lat="47.50081" lon="-121.21413">
        <ele>1526.47</ele>
      </trkpt>
      <trkpt lat="47.50093" lon="-121.21424">
        <ele>1526.24</ele>
      </trkpt>
      <trkpt lat="47.50102" lon="-121.21434">
        <ele>1527.44</ele>
      </trkpt>
      <trkpt lat="47.50114" lon="-121.21452">
        <ele>1529.51</ele>
      </trkpt>
      <trkpt lat="47.50122" lon="-121.21459">
        <ele>1529.36</ele>
      </trkpt>
      <trkpt lat="47.50129" lon="-121.21465">
        <ele>1529.8</ele>
      </trkpt>
      <trkpt lat="47.50137" lon="-121.21466">
        <ele>1527.86</ele>
      </trkpt>
      <trkpt lat="47.50148" lon="-121.2147">
        <ele>1526.32</ele>
      </trkpt>
      <trkpt lat="47.50158" lon="-121.21476">
        <ele>1525.44</ele>
      </trkpt>
      <trkpt lat="47.50165" lon="-121.21483">
        <ele>1526.17</ele>
      </trkpt>
      <trkpt lat="47.5018" lon="-121.21512">
        <ele>1532.57</ele>
      </trkpt>
      <trkpt lat="47.50196" lon="-121.21534">
        <ele>1535.51</ele>
      </trkpt>
      <trkpt lat="47.50201" lon="-121.21545">
        <ele>1537.2</ele>
      </trkpt>
      <trkpt lat="47.50204" lon="-121.21556">
        <ele>1540.0</ele>
      </trkpt>
      <trkpt lat="47.50207" lon="-121.21559">
        <ele>1539.81</ele>
      </trkpt>
      <trkpt lat="47.50207" lon="-121.21564">
        <ele>1541.08</ele>
      </trkpt>
      <trkpt lat="47.50206" lon="-121.21567">
        <ele>1541.98</ele>
      </trkpt>
      <trkpt lat="47.50196" lon="-121.21559">
        <ele>1542.41</ele>
      </trkpt>
      <trkpt lat="47.5019" lon="-121.21557">
        <ele>1543.27</ele>
      </trkpt>
      <trkpt lat="47.50165" lon="-121.21541">
        <ele>1545.29</ele>
      </trkpt>
      <trkpt lat="47.50151" lon="-121.21538">
        <ele>1548.32</ele>
      </trkpt>
      <trkpt lat="47.50142" lon="-121.21531">
        <ele>1548.37</ele>
      </trkpt>
      <trkpt lat="47.50133" lon="-121.21514">
        <ele>1544.81</ele>
      </trkpt>
      <trkpt lat="47.50128" lon="-121.21507">
        <ele>1543.75</ele>
      </trkpt>
      <trkpt lat="47.50113" lon="-121.21497">
        <ele>1544.16</ele>
      </trkpt>
      <trkpt lat="47.50107" lon="-121.21485">
        <ele>1541.47</ele>
      </trkpt>
      <trkpt lat="47.50097" lon="-121.21483">
        <ele>1544.06</ele>
      </trkpt>
      <trkpt lat="47.50093" lon="-121.2148">
        <ele>1544.23</ele>
      </trkpt>
      <trkpt lat="47.50077" lon="-121.21472">
        <ele>1546.97</ele>
      </trkpt>
      <trkpt lat="47.50048" lon="-121.21463">
        <ele>1554.46</ele>
      </trkpt>
      <trkpt lat="47.50039" lon="-121.21455">
        <ele>1555.57</ele>
      </trkpt>
      <trkpt lat="47.50034" lon="-121.21448">
        <ele>1555.46</ele>
      </trkpt>
      <trkpt lat="47.50028" lon="-121.2143">
        <ele>1552.24</ele>
      </trkpt>
      <trkpt lat="47.50023" lon="-121.21421">
        <ele>1552.52</ele>
      </trkpt>
      <trkpt lat="47.50021" lon="-121.21412">
        <ele>1551.65</ele>
      </trkpt>
      <trkpt lat="47.50014" lon="-121.21391">
        <ele>1550.9</ele>
      </trkpt>
      <trkpt lat="47.50009" lon="-121.2138">
        <ele>1550.26</ele>
      </trkpt>
      <trkpt lat="47.50002" lon="-121.21366">
        <ele>1549.13</ele>
      </trkpt>
      <trkpt lat="47.49988" lon="-121.21353">
        <ele>1550.56</ele>
      </trkpt>
      <trkpt lat="47.49975" lon="-121.21346">
        <ele>1552.76</ele>
      </trkpt>
      <trkpt lat="47.49957" lon="-121.2134">
        <ele>1555.35</ele>
      </trkpt>
      <trkpt lat="47.49935" lon="-121.21336">
        <ele>1561.94</ele>
      </trkpt>
      <trkpt lat="47.49924" lon="-121.21331">
        <ele>1565.13</ele>
      </trkpt>
      <trkpt lat="47.49911" lon="-121.21322">
        <ele>1568.78</ele>
      </trkpt>
      <trkpt lat="47.49899" lon="-121.2131">
        <ele>1571.03</ele>
      </trkpt>
      <trkpt lat="47.49889" lon="-121.21294">
        <ele>1572.44</ele>
      </trkpt>
      <trkpt lat="47.49885" lon="-121.2129">
        <ele>1572.9</ele>
      </trkpt>
      <trkpt lat="47.49881" lon="-121.21289">
        <ele>1573.98</ele>
      </trkpt>
      <trkpt lat="47.49878" lon="-121.21291">
        <ele>1575.06</ele>
      </trkpt>
      <trkpt lat="47.49875" lon="-121.21298">
        <ele>1576.0</ele>
      </trkpt>
      <trkpt lat="47.49876" lon="-121.21305">
        <ele>1576.0</ele>
      </trkpt>
      <trkpt lat="47.49884" lon="-121.21317">
        <ele>1575.51</ele>
      </trkpt>
      <trkpt lat="47.49896" lon="-121.21329">
        <ele>1574.75</ele>
      </trkpt>
      <trkpt lat="47.49907" lon="-121.21345">
        <ele>1575.25</ele>
      </trkpt>
      <trkpt lat="47.49913" lon="-121.21352">
        <ele>1574.81</ele>
      </trkpt>
      <trkpt lat="47.49919" lon="-121.21365">
        <ele>1575.88</ele>
      </trkpt>
      <trkpt lat="47.49922" lon="-121.21374">
        <ele>1576.88</ele>
      </trkpt>
      <trkpt lat="47.49925" lon="-121.21384">
        <ele>1578.75</ele>
      </trkpt>
      <trkpt lat="47.49926" lon="-121.21393">
        <ele>1580.45</ele>
      </trkpt>
      <trkpt lat="47.49926" lon="-121.21406">
        <ele>1580.17</ele>
      </trkpt>
      <trkpt lat="47.49925" lon="-121.21419">
        <ele>1579.7</ele>
      </trkpt>
      <trkpt lat="47.49924" lon="-121.2143">
        <ele>1579.72</ele>
      </trkpt>
      <trkpt lat="47.49925" lon="-121.21442">
        <ele>1580.6</ele>
      </trkpt>
      <trkpt lat="47.49924" lon="-121.21451">
        <ele>1580.17</ele>
      </trkpt>
      <trkpt lat="47.49924" lon="-121.21457">
        <ele>1579.89</ele>
      </trkpt>
      <trkpt lat="47.49925" lon="-121.21465">
        <ele>1579.68</ele>
      </trkpt>
      <trkpt lat="47.49929" lon="-121.21472">
        <ele>1581.0</ele>
      </trkpt>
      <trkpt lat="47.49938" lon="-121.21485">
        <ele>1582.42</ele>
      </trkpt>
      <trkpt lat="47.49946" lon="-121.2149">
        <ele>1583.47</ele>
      </trkpt>
      <trkpt lat="47.49953" lon="-121.21493">
        <ele>1584.6</ele>
      </trkpt>
      <trkpt lat="47.4996" lon="-121.21496">
        <ele>1584.82</ele>
      </trkpt>
      <trkpt lat="47.49966" lon="-121.21503">
        <ele>1585.33</ele>
      </trkpt>
      <trkpt lat="47.49972" lon="-121.21513">
        <ele>1585.97</ele>
      </trkpt>
      <trkpt lat="47.49991" lon="-121.2155">
        <ele>1584.63</ele>
      </trkpt>
      <trkpt lat="47.50009" lon="-121.21582">
        <ele>1583.95</ele>
      </trkpt>
      <trkpt lat="47.50039" lon="-121.21617">
        <ele>1586.21</ele>
      </trkpt>
      <trkpt lat="47.5005" lon="-121.21623">
        <ele>1587.4</ele>
      </trkpt>
      <trkpt lat="47.50055" lon="-121.21622">
        <ele>1587.94</ele>
      </trkpt>
      <trkpt lat="47.50063" lon="-121.21615">
        <ele>1587.53</ele>
      </trkpt>
      <trkpt lat="47.50072" lon="-121.21612">
        <ele>1586.32</ele>
      </trkpt>
      <trkpt lat="47.50087" lon="-121.21614">
        <ele>1585.1</ele>
      </trkpt>
      <trkpt lat="47.50094" lon="-121.21612">
        <ele>1583.81</ele>
      </trkpt>
      <trkpt lat="47.5011" lon="-121.21615">
        <ele>1581.96</ele>
      </trkpt>
      <trkpt lat="47.50119" lon="-121.21619">
        <ele>1581.0</ele>
      </trkpt>
      <trkpt lat="47.50128" lon="-121.21633">
        <ele>1583.38</ele>
      </trkpt>
      <trkpt lat="47.5013" lon="-121.21639">
        <ele>1584.93</ele>
      </trkpt>
      <trkpt lat="47.50147" lon="-121.21656">
        <ele>1585.82</ele>
      </trkpt>
      <trkpt lat="47.50153" lon="-121.21673">
        <ele>1588.16</ele>
      </trkpt>
      <trkpt lat="47.50155" lon="-121.21683">
        <ele>1589.59</ele>
      </trkpt>
      <trkpt lat="47.50154" lon="-121.21689">
        <ele>1590.41</ele>
      </trkpt>
      <trkpt lat="47.50146" lon="-121.21707">
        <ele>1593.36</ele>
      </trkpt>
      <trkpt lat="47.50145" lon="-121.21713">
        <ele>1594.0</ele>
      </trkpt>
      <trkpt lat="47.50146" lon="-121.2172">
        <ele>1594.76</ele>
      </trkpt>
      <trkpt lat="47.50149" lon="-121.21727">
        <ele>1595.52</ele>
      </trkpt>
      <trkpt lat="47.50162" lon="-121.21751">
        <ele>1599.11</ele>
      </trkpt>
      <trkpt lat="47.50169" lon="-121.2176">
        <ele>1600.1</ele>
      </trkpt>
      <trkpt lat="47.50179" lon="-121.21773">
        <ele>1602.98</ele>
      </trkpt>
      <trkpt lat="47.50186" lon="-121.21786">
        <ele>1606.06</ele>
      </trkpt>
      <trkpt lat="47.50196" lon="-121.21799">
        <ele>1609.17</ele>
      </trkpt>
      <trkpt lat="47.50204" lon="-121.21812">
        <ele>1610.06</ele>
      </trkpt>
      <trkpt lat="47.5021" lon="-121.21824">
        <ele>1610.69</ele>
      </trkpt>
      <trkpt lat="47.5022" lon="-121.21839">
        <ele>1611.61</ele>
      </trkpt>
      <trkpt lat="47.50233" lon="-121.21855">
        <ele>1613.44</ele>
      </trkpt>
      <trkpt lat="47.50253" lon="-121.21878">
        <ele>1618.97</ele>
      </trkpt>
      <trkpt lat="47.50256" lon="-121.21883">
        <ele>1619.82</ele>
      </trkpt>
      <trkpt lat="47.5026" lon="-121.21903">
        <ele>1621.32</ele>
      </trkpt>
      <trkpt lat="47.50266" lon="-121.21922">
        <ele>1624.33</ele>
      </trkpt>
      <trkpt lat="47.50267" lon="-121.21939">
        <ele>1625.59</ele>
      </trkpt>
      <trkpt lat="47.50265" lon="-121.21951">
        <ele>1625.54</ele>
      </trkpt>
      <trkpt lat="47.50252" lon="-121.21975">
        <ele>1620.38</ele>
      </trkpt>
      <trkpt lat="47.50245" lon="-121.21994">
        <ele>1618.65</ele>
      </trkpt>
      <trkpt lat="47.50242" lon="-121.22006">
        <ele>1618.89</ele>
      </trkpt>
      <trkpt lat="47.50236" lon="-121.22016">
        <ele>1617.68</ele>
      </trkpt>
      <trkpt lat="47.50235" lon="-121.22022">
        <ele>1618.13</ele>
      </trkpt>
      <trkpt lat="47.50235" lon="-121.22031">
        <ele>1619.49</ele>
      </trkpt>
      <trkpt lat="47.50237" lon="-121.22039">
        <ele>1621.21</ele>
      </trkpt>
      <trkpt lat="47.50237" lon="-121.22044">
        <ele>1622.29</ele>
      </trkpt>
      <trkpt lat="47.50234" lon="-121.22046">
        <ele>1621.75</ele>
      </trkpt>
      <trkpt lat="47.50225" lon="-121.22048">
        <ele>1619.91</ele>
      </trkpt>
      <trkpt lat="47.50218" lon="-121.22055">
        <ele>1620.4</ele>
      </trkpt>
      <trkpt lat="47.50188" lon="-121.22071">
        <ele>1623.31</ele>
      </trkpt>
      <trkpt lat="47.50174" lon="-121.22073">
        <ele>1623.44</ele>
      </trkpt>
      <trkpt lat="47.5017" lon="-121.22077">
        <ele>1624.19</ele>
      </trkpt>
      <trkpt lat="47.50158" lon="-121.22102">
        <ele>1629.11</ele>
      </trkpt>
      <trkpt lat="47.50151" lon="-121.2211">
        <ele>1631.03</ele>
      </trkpt>
      <trkpt lat="47.50143" lon="-121.22117">
        <ele>1631.72</ele>
      </trkpt>
      <trkpt lat="47.50134" lon="-121.2212">
        <ele>1631.39</ele>
      </trkpt>
      <trkpt lat="47.5012" lon="-121.22133">
        <ele>1633.69</ele>
      </trkpt>
      <trkpt lat="47.50091" lon="-121.22141">
        <ele>1635.27</ele>
      </trkpt>
      <trkpt lat="47.50083" lon="-121.2214">
        <ele>1635.28</ele>
      </trkpt>
      <trkpt lat="47.50065" lon="-121.22135">
        <ele>1637.13</ele>
      </trkpt>
      <trkpt lat="47.50057" lon="-121.22131">
        <ele>1638.11</ele>
      </trkpt>
      <trkpt lat="47.50053" lon="-121.22125">
        <ele>1637.83</ele>
      </trkpt>
      <trkpt lat="47.50047" lon="-121.22113">
        <ele>1636.44</ele>
      </trkpt>
      <trkpt lat="47.50045" lon="-121.22111">
        <ele>1636.4</ele>
      </trkpt>
      <trkpt lat="47.5004" lon="-121.22109">
        <ele>1637.58</ele>
      </trkpt>
      <trkpt lat="47.50013" lon="-121.22105">
        <ele>1644.81</ele>
      </trkpt>
      <trkpt lat="47.49972" lon="-121.22095">
        <ele>1650.82</ele>
      </trkpt>
      <trkpt lat="47.49957" lon="-121.22088">
        <ele>1651.65</ele>
      </trkpt>
      <trkpt lat="47.49951" lon="-121.22088">
        <ele>1652.3</ele>
      </trkpt>
      <trkpt lat="47.49945" lon="-121.22085">
        <ele>1652.3</ele>
      </trkpt>
      <trkpt lat="47.49936" lon="-121.22075">
        <ele>1650.12</ele>
      </trkpt>
      <trkpt lat="47.4993" lon="-121.22073">
        <ele>1649.22</ele>
      </trkpt>
      <trkpt lat="47.49926" lon="-121.22075">
        <ele>1649.21</ele>
      </trkpt>
      <trkpt lat="47.49922" lon="-121.22081">
        <ele>1649.44</ele>
      </trkpt>
      <trkpt lat="47.49917" lon="-121.22096">
        <ele>1649.49</ele>
      </trkpt>
      <trkpt lat="47.49917" lon="-121.22122">
        <ele>1652.14</ele>
      </trkpt>
      <trkpt lat="47.4992" lon="-121.22145">
        <ele>1652.78</ele>
      </trkpt>
      <trkpt lat="47.4992" lon="-121.22161">
        <ele>1651.44</ele>
      </trkpt>
      <trkpt lat="47.49926" lon="-121.2218">
        <ele>1651.6</ele>
      </trkpt>
      <trkpt lat="47.49932" lon="-121.2219">
        <ele>1652.93</ele>
      </trkpt>
      <trkpt lat="47.49936" lon="-121.22201">
        <ele>1653.73</ele>
      </trkpt>
      <trkpt lat="47.49943" lon="-121.22229">
        <ele>1653.64</ele>
      </trkpt>
      <trkpt lat="47.49954" lon="-121.22273">
        <ele>1654.68</ele>
      </trkpt>
      <trkpt lat="47.49966" lon="-121.2231">
        <ele>1657.99</ele>
      </trkpt>
      <trkpt lat="47.49972" lon="-121.22343">
        <ele>1657.84</ele>
      </trkpt>
      <trkpt lat="47.49978" lon="-121.22359">
        <ele>1657.95</ele>
      </trkpt>
      <trkpt lat="47.49983" lon="-121.22369">
        <ele>1658.8</ele>
      </trkpt>
      <trkpt lat="47.49989" lon="-121.22377">
        <ele>1659.82</ele>
      </trkpt>
      <trkpt lat="47.5" lon="-121.22387">
        <ele>1662.41</ele>
      </trkpt>
      <trkpt lat="47.50035" lon="-121.22431">
        <ele>1665.12</ele>
      </trkpt>
      <trkpt lat="47.5004" lon="-121.22436">
        <ele>1665.72</ele>
      </trkpt>
      <trkpt lat="47.50043" lon="-121.22442">
        <ele>1665.2</ele>
      </trkpt>
      <trkpt lat="47.50048" lon="-121.22452">
        <ele>1664.25</ele>
      </trkpt>
      <trkpt lat="47.50048" lon="-121.22458">
        <ele>1662.34</ele>
      </trkpt>
      <trkpt lat="47.5005" lon="-121.22465">
        <ele>1660.81</ele>
      </trkpt>
      <trkpt lat="47.50057" lon="-121.2247">
        <ele>1662.34</ele>
      </trkpt>
      <trkpt lat="47.50085" lon="-121.22503">
        <ele>1662.75</ele>
      </trkpt>
      <trkpt lat="47.50103" lon="-121.22526">
        <ele>1663.78</ele>
      </trkpt>
      <trkpt lat="47.50111" lon="-121.22536">
        <ele>1664.18</ele>
      </trkpt>
      <trkpt lat="47.50119" lon="-121.22542">
        <ele>1665.8</ele>
      </trkpt>
      <trkpt lat="47.50124" lon="-121.22555">
        <ele>1664.32</ele>
      </trkpt>
      <trkpt lat="47.50125" lon="-121.22565">
        <ele>1661.94</ele>
      </trkpt>
      <trkpt lat="47.50128" lon="-121.22578">
        <ele>1659.45</ele>
      </trkpt>
      <trkpt lat="47.50134" lon="-121.22597">
        <ele>1656.94</ele>
      </trkpt>
      <trkpt lat="47.50136" lon="-121.22606">
        <ele>1655.55</ele>
      </trkpt>
      <trkpt lat="47.50144" lon="-121.22639">
        <ele>1650.63</ele>
      </trkpt>
      <trkpt lat="47.50148" lon="-121.22651">
        <ele>1650.0</ele>
      </trkpt>
      <trkpt lat="47.50149" lon="-121.22658">
        <ele>1648.18</ele>
      </trkpt>
      <trkpt lat="47.50164" lon="-121.22688">
        <ele>1648.58</ele>
      </trkpt>
      <trkpt lat="47.50168" lon="-121.22699">
        <ele>1648.74</ele>
      </trkpt>
      <trkpt lat="47.50173" lon="-121.22723">
        <ele>1646.3</ele>
      </trkpt>
      <trkpt lat="47.50186" lon="-121.22755">
        <ele>1647.78</ele>
      </trkpt>
      <trkpt lat="47.50191" lon="-121.22765">
        <ele>1647.67</ele>
      </trkpt>
      <trkpt lat="47.50197" lon="-121.22789">
        <ele>1644.23</ele>
      </trkpt>
      <trkpt lat="47.50199" lon="-121.22805">
        <ele>1643.0</ele>
      </trkpt>
      <trkpt lat="47.50202" lon="-121.22819">
        <ele>1645.53</ele>
      </trkpt>
      <trkpt lat="47.50206" lon="-121.22831">
        <ele>1647.74</ele>
      </trkpt>
      <trkpt lat="47.50211" lon="-121.22842">
        <ele>1649.79</ele>
      </trkpt>
      <trkpt lat="47.5022" lon="-121.22859">
        <ele>1653.02</ele>
      </trkpt>
      <trkpt lat="47.5023" lon="-121.22879">
        <ele>1654.39</ele>
      </trkpt>
      <trkpt lat="47.5024" lon="-121.22897">
        <ele>1654.17</ele>
      </trkpt>
      <trkpt lat="47.50246" lon="-121.22906">
        <ele>1654.38</ele>
      </trkpt>
      <trkpt lat="47.50263" lon="-121.22943">
        <ele>1653.8</ele>
      </trkpt>
      <trkpt lat="47.50269" lon="-121.22959">
        <ele>1654.84</ele>
      </trkpt>
      <trkpt lat="47.50273" lon="-121.22964">
        <ele>1657.71</ele>
      </trkpt>
      <trkpt lat="47.50277" lon="-121.22984">
        <ele>1658.22</ele>
      </trkpt>
      <trkpt lat="47.50275" lon="-121.22992">
        <ele>1656.16</ele>
      </trkpt>
      <trkpt lat="47.50275" lon="-121.23004">
        <ele>1655.47</ele>
      </trkpt>
      <trkpt lat="47.50276" lon="-121.23016">
        <ele>1655.52</ele>
      </trkpt>
      <trkpt lat="47.5028" lon="-121.23036">
        <ele>1657.01</ele>
      </trkpt>
      <trkpt lat="47.50281" lon="-121.23052">
        <ele>1657.44</ele>
      </trkpt>
      <trkpt lat="47.50283" lon="-121.23062">
        <ele>1659.34</ele>
      </trkpt>
      <trkpt lat="47.50283" lon="-121.23071">
        <ele>1659.51</ele>
      </trkpt>
      <trkpt lat="47.50282" lon="-121.23077">
        <ele>1658.96</ele>
      </trkpt>
      <trkpt lat="47.50276" lon="-121.23091">
        <ele>1654.66</ele>
      </trkpt>
      <trkpt lat="47.50275" lon="-121.23098">
        <ele>1654.48</ele>
      </trkpt>
      <trkpt lat="47.50277" lon="-121.23104">
        <ele>1656.64</ele>
      </trkpt>
      <trkpt lat="47.50283" lon="-121.23113">
        <ele>1663.28</ele>
      </trkpt>
      <trkpt lat="47.50284" lon="-121.23126">
        <ele>1665.05</ele>
      </trkpt>
      <trkpt lat="47.50284" lon="-121.23133">
        <ele>1664.68</ele>
      </trkpt>
      <trkpt lat="47.50282" lon="-121.23136">
        <ele>1662.42</ele>
      </trkpt>
      <trkpt lat="47.50282" lon="-121.23141">
        <ele>1662.0</ele>
      </trkpt>
      <trkpt lat="47.50282" lon="-121.23148">
        <ele>1661.66</ele>
      </trkpt>
      <trkpt lat="47.50291" lon="-121.23163">
        <ele>1667.47</ele>
      </trkpt>
      <trkpt lat="47.50294" lon="-121.2317">
        <ele>1669.05</ele>
      </trkpt>
      <trkpt lat="47.50295" lon="-121.23193">
        <ele>1663.35</ele>
      </trkpt>
      <trkpt lat="47.50302" lon="-121.23216">
        <ele>1660.03</ele>
      </trkpt>
      <trkpt lat="47.50319" lon="-121.23258">
        <ele>1657.61</ele>
      </trkpt>
      <trkpt lat="47.50328" lon="-121.23285">
        <ele>1656.05</ele>
      </trkpt>
      <trkpt lat="47.50329" lon="-121.23307">
        <ele>1650.27</ele>
      </trkpt>
      <trkpt lat="47.50329" lon="-121.23327">
        <ele>1643.92</ele>
      </trkpt>
      <trkpt lat="47.5033" lon="-121.23336">
        <ele>1642.64</ele>
      </trkpt>
      <trkpt lat="47.50333" lon="-121.23343">
        <ele>1645.37</ele>
      </trkpt>
      <trkpt lat="47.50343" lon="-121.23354">
        <ele>1649.42</ele>
      </trkpt>
      <trkpt lat="47.50346" lon="-121.2336">
        <ele>1652.03</ele>
      </trkpt>
      <trkpt lat="47.50348" lon="-121.23367">
        <ele>1652.66</ele>
      </trkpt>
      <trkpt lat="47.50349" lon="-121.23377">
        <ele>1651.91</ele>
      </trkpt>
      <trkpt lat="47.50348" lon="-121.2341">
        <ele>1643.16</ele>
      </trkpt>
      <trkpt lat="47.50352" lon="-121.23438">
        <ele>1640.54</ele>
      </trkpt>
      <trkpt lat="47.50355" lon="-121.23455">
        <ele>1639.78</ele>
      </trkpt>
      <trkpt lat="47.50356" lon="-121.23482">
        <ele>1636.05</ele>
      </trkpt>
      <trkpt lat="47.50358" lon="-121.23491">
        <ele>1635.94</ele>
      </trkpt>
      <trkpt lat="47.50368" lon="-121.2351">
        <ele>1640.73</ele>
      </trkpt>
      <trkpt lat="47.50376" lon="-121.23536">
        <ele>1640.83</ele>
      </trkpt>
      <trkpt lat="47.50378" lon="-121.23549">
        <ele>1639.41</ele>
      </trkpt>
      <trkpt lat="47.50378" lon="-121.23558">
        <ele>1637.37</ele>
      </trkpt>
      <trkpt lat="47.50377" lon="-121.2357">
        <ele>1633.9</ele>
      </trkpt>
      <trkpt lat="47.50378" lon="-121.23578">
        <ele>1632.97</ele>
      </trkpt>
      <trkpt lat="47.50383" lon="-121.23596">
        <ele>1631.49</ele>
      </trkpt>
      <trkpt lat="47.50383" lon="-121.23608">
        <ele>1629.13</ele>
      </trkpt>
      <trkpt lat="47.50385" lon="-121.23616">
        <ele>1628.49</ele>
      </trkpt>
      <trkpt lat="47.5039" lon="-121.23623">
        <ele>1629.08</ele>
      </trkpt>
      <trkpt lat="47.50392" lon="-121.23631">
        <ele>1628.71</ele>
      </trkpt>
      <trkpt lat="47.50393" lon="-121.23641">
        <ele>1627.21</ele>
      </trkpt>
      <trkpt lat="47.50398" lon="-121.23662">
        <ele>1627.95</ele>
      </trkpt>
      <trkpt lat="47.50399" lon="-121.2367">
        <ele>1628.64</ele>
      </trkpt>
      <trkpt lat="47.50398" lon="-121.23676">
        <ele>1628.97</ele>
      </trkpt>
      <trkpt lat="47.50393" lon="-121.23683">
        <ele>1628.86</ele>
      </trkpt>
      <trkpt lat="47.50382" lon="-121.23686">
        <ele>1625.88</ele>
      </trkpt>
      <trkpt lat="47.50377" lon="-121.23684">
        <ele>1623.93</ele>
      </trkpt>
      <trkpt lat="47.50372" lon="-121.23686">
        <ele>1622.54</ele>
      </trkpt>
      <trkpt lat="47.50364" lon="-121.23709">
        <ele>1620.25</ele>
      </trkpt>
      <trkpt lat="47.50363" lon="-121.23726">
        <ele>1619.82</ele>
      </trkpt>
      <trkpt lat="47.50361" lon="-121.2373">
        <ele>1619.02</ele>
      </trkpt>
      <trkpt lat="47.50357" lon="-121.23732">
        <ele>1619.89</ele>
      </trkpt>
      <trkpt lat="47.50353" lon="-121.23737">
        <ele>1620.75</ele>
      </trkpt>
      <trkpt lat="47.5035" lon="-121.23743">
        <ele>1621.55</ele>
      </trkpt>
      <trkpt lat="47.50346" lon="-121.23746">
        <ele>1622.54</ele>
      </trkpt>
      <trkpt lat="47.50338" lon="-121.23747">
        <ele>1624.16</ele>
      </trkpt>
      <trkpt lat="47.50333" lon="-121.23745">
        <ele>1625.04</ele>
      </trkpt>
      <trkpt lat="47.50328" lon="-121.23737">
        <ele>1625.81</ele>
      </trkpt>
      <trkpt lat="47.50324" lon="-121.23723">
        <ele>1627.02</ele>
      </trkpt>
      <trkpt lat="47.50319" lon="-121.23708">
        <ele>1628.1</ele>
      </trkpt>
      <trkpt lat="47.50316" lon="-121.23694">
        <ele>1629.49</ele>
      </trkpt>
      <trkpt lat="47.50313" lon="-121.23671">
        <ele>1630.89</ele>
      </trkpt>
      <trkpt lat="47.5031" lon="-121.23659">
        <ele>1632.17</ele>
      </trkpt>
      <trkpt lat="47.50306" lon="-121.23648">
        <ele>1632.79</ele>
      </trkpt>
      <trkpt lat="47.50297" lon="-121.23633">
        <ele>1633.55</ele>
      </trkpt>
      <trkpt lat="47.50294" lon="-121.23611">
        <ele>1631.5</ele>
      </trkpt>
      <trkpt lat="47.50291" lon="-121.23605">
        <ele>1632.14</ele>
      </trkpt>
      <trkpt lat="47.50284" lon="-121.23597">
        <ele>1634.18</ele>
      </trkpt>
      <trkpt lat="47.50277" lon="-121.23586">
        <ele>1636.17</ele>
      </trkpt>
      <trkpt lat="47.50266" lon="-121.23556">
        <ele>1637.74</ele>
      </trkpt>
      <trkpt lat="47.50264" lon="-121.23555">
        <ele>1637.42</ele>
      </trkpt>
      <trkpt lat="47.50262" lon="-121.23558">
        <ele>1637.48</ele>
      </trkpt>
      <trkpt lat="47.50259" lon="-121.23571">
        <ele>1638.69</ele>
      </trkpt>
      <trkpt lat="47.50256" lon="-121.23573">
        <ele>1639.2</ele>
      </trkpt>
      <trkpt lat="47.50246" lon="-121.23571">
        <ele>1639.34</ele>
      </trkpt>
      <trkpt lat="47.50234" lon="-121.23565">
        <ele>1638.05</ele>
      </trkpt>
      <trkpt lat="47.5023" lon="-121.23565">
        <ele>1638.06</ele>
      </trkpt>
      <trkpt lat="47.50216" lon="-121.23571">
        <ele>1640.0</ele>
      </trkpt>
      <trkpt lat="47.50203" lon="-121.23572">
        <ele>1640.33</ele>
      </trkpt>
      <trkpt lat="47.50183" lon="-121.23569">
        <ele>1639.02</ele>
      </trkpt>
      <trkpt lat="47.50172" lon="-121.23571">
        <ele>1638.92</ele>
      </trkpt>
      <trkpt lat="47.50157" lon="-121.23575">
        <ele>1639.5</ele>
      </trkpt>
      <trkpt lat="47.50147" lon="-121.2358">
        <ele>1641.44</ele>
      </trkpt>
      <trkpt lat="47.50138" lon="-121.2358">
        <ele>1640.39</ele>
      </trkpt>
      <trkpt lat="47.50132" lon="-121.23574">
        <ele>1635.71</ele>
      </trkpt>
      <trkpt lat="47.50129" lon="-121.23574">
        <ele>1634.74</ele>
      </trkpt>
      <trkpt lat="47.50127" lon="-121.23581">
        <ele>1638.85</ele>
      </trkpt>
      <trkpt lat="47.50121" lon="-121.2359">
        <ele>1642.69</ele>
      </trkpt>
      <trkpt lat="47.50115" lon="-121.23594">
        <ele>1644.03</ele>
      </trkpt>
      <trkpt lat="47.5009" lon="-121.23603">
        <ele>1643.69</ele>
      </trkpt>
      <trkpt lat="47.50082" lon="-121.23602">
        <ele>1640.79</ele>
      </trkpt>
      <trkpt lat="47.50076" lon="-121.23605">
        <ele>1641.12</ele>
      </trkpt>
      <trkpt lat="47.50072" lon="-121.23608">
        <ele>1641.95</ele>
      </trkpt>
      <trkpt lat="47.50069" lon="-121.23614">
        <ele>1644.32</ele>
      </trkpt>
      <trkpt lat="47.50067" lon="-121.23621">
        <ele>1647.44</ele>
      </trkpt>
      <trkpt lat="47.50064" lon="-121.23625">
        <ele>1648.37</ele>
      </trkpt>
      <trkpt lat="47.50058" lon="-121.23626">
        <ele>1647.8</ele>
      </trkpt>
      <trkpt lat="47.50043" lon="-121.23626">
        <ele>1646.82</ele>
      </trkpt>
      <trkpt lat="47.50014" lon="-121.23625">
        <ele>1650.23</ele>
      </trkpt>
      <trkpt lat="47.5001" lon="-121.23626">
        <ele>1651.3</ele>
      </trkpt>
      <trkpt lat="47.50001" lon="-121.23637">
        <ele>1654.68</ele>
      </trkpt>
      <trkpt lat="47.49998" lon="-121.23644">
        <ele>1656.44</ele>
      </trkpt>
      <trkpt lat="47.49997" lon="-121.23654">
        <ele>1659.37</ele>
      </trkpt>
      <trkpt lat="47.49989" lon="-121.23658">
        <ele>1658.8</ele>
      </trkpt>
      <trkpt lat="47.49979" lon="-121.23655">
        <ele>1654.95</ele>
      </trkpt>
      <trkpt lat="47.49979" lon="-121.23655">
        <ele>1654.95</ele>
      </trkpt>
      <trkpt lat="47.49975" lon="-121.23657">
        <ele>1653.4</ele>
      </trkpt>
      <trkpt lat="47.49973" lon="-121.2366">
        <ele>1652.98</ele>
      </trkpt>
      <trkpt lat="47.49973" lon="-121.23664">
        <ele>1653.84</ele>
      </trkpt>
      <trkpt lat="47.49974" lon="-121.23671">
        <ele>1656.27</ele>
      </trkpt>
      <trkpt lat="47.49976" lon="-121.23679">
        <ele>1659.23</ele>
      </trkpt>
      <trkpt lat="47.49976" lon="-121.23687">
        <ele>1660.96</ele>
      </trkpt>
      <trkpt lat="47.49974" lon="-121.23691">
        <ele>1660.92</ele>
      </trkpt>
      <trkpt lat="47.49969" lon="-121.23691">
        <ele>1658.27</ele>
      </trkpt>
      <trkpt lat="47.49967" lon="-121.23694">
        <ele>1658.06</ele>
      </trkpt>
      <trkpt lat="47.49968" lon="-121.23704">
        <ele>1660.84</ele>
      </trkpt>
      <trkpt lat="47.49966" lon="-121.23718">
        <ele>1661.38</ele>
      </trkpt>
      <trkpt lat="47.49964" lon="-121.23729">
        <ele>1664.28</ele>
      </trkpt>
      <trkpt lat="47.49961" lon="-121.23735">
        <ele>1667.03</ele>
      </trkpt>
      <trkpt lat="47.49953" lon="-121.23739">
        <ele>1669.11</ele>
      </trkpt>
      <trkpt lat="47.4995" lon="-121.2375">
        <ele>1673.2</ele>
      </trkpt>
      <trkpt lat="47.49939" lon="-121.23767">
        <ele>1674.81</ele>
      </trkpt>
      <trkpt lat="47.49933" lon="-121.23772">
        <ele>1673.9</ele>
      </trkpt>
      <trkpt lat="47.49931" lon="-121.23779">
        <ele>1674.82</ele>
      </trkpt>
      <trkpt lat="47.49931" lon="-121.23784">
        <ele>1675.56</ele>
      </trkpt>
      <trkpt lat="47.49922" lon="-121.23793">
        <ele>1674.85</ele>
      </trkpt>
      <trkpt lat="47.4992" lon="-121.23799">
        <ele>1674.91</ele>
      </trkpt>
      <trkpt lat="47.49904" lon="-121.23824">
        <ele>1677.36</ele>
      </trkpt>
      <trkpt lat="47.499" lon="-121.23826">
        <ele>1678.01</ele>
      </trkpt>
      <trkpt lat="47.49896" lon="-121.23824">
        <ele>1678.22</ele>
      </trkpt>
      <trkpt lat="47.4989" lon="-121.2382">
        <ele>1678.0</ele>
      </trkpt>
      <trkpt lat="47.49884" lon="-121.23818">
        <ele>1678.03</ele>
      </trkpt>
      <trkpt lat="47.49878" lon="-121.23813">
        <ele>1677.61</ele>
      </trkpt>
      <trkpt lat="47.49872" lon="-121.23812">
        <ele>1677.39</ele>
      </trkpt>
      <trkpt lat="47.4987" lon="-121.23816">
        <ele>1678.3</ele>
      </trkpt>
      <trkpt lat="47.49868" lon="-121.23821">
        <ele>1679.59</ele>
      </trkpt>
      <trkpt lat="47.49865" lon="-121.23829">
        <ele>1681.64</ele>
      </trkpt>
      <trkpt lat="47.49861" lon="-121.23836">
        <ele>1683.59</ele>
      </trkpt>
      <trkpt lat="47.49855" lon="-121.23841">
        <ele>1685.86</ele>
      </trkpt>
      <trkpt lat="47.49844" lon="-121.23841">
        <ele>1687.19</ele>
      </trkpt>
      <trkpt lat="47.4984" lon="-121.23845">
        <ele>1689.04</ele>
      </trkpt>
      <trkpt lat="47.49814" lon="-121.23844">
        <ele>1689.78</ele>
      </trkpt>
      <trkpt lat="47.49808" lon="-121.23842">
        <ele>1690.17</ele>
      </trkpt>
      <trkpt lat="47.49802" lon="-121.23833">
        <ele>1686.66</ele>
      </trkpt>
      <trkpt lat="47.49798" lon="-121.23828">
        <ele>1685.9</ele>
      </trkpt>
      <trkpt lat="47.49788" lon="-121.23828">
        <ele>1688.44</ele>
      </trkpt>
      <trkpt lat="47.49774" lon="-121.23829">
        <ele>1693.76</ele>
      </trkpt>
      <trkpt lat="47.49768" lon="-121.23826">
        <ele>1695.01</ele>
      </trkpt>
      <trkpt lat="47.49754" lon="-121.23815">
        <ele>1694.23</ele>
      </trkpt>
      <trkpt lat="47.49732" lon="-121.23803">
        <ele>1692.23</ele>
      </trkpt>
      <trkpt lat="47.4972" lon="-121.23803">
        <ele>1694.82</ele>
      </trkpt>
      <trkpt lat="47.49712" lon="-121.23799">
        <ele>1693.9</ele>
      </trkpt>
      <trkpt lat="47.49706" lon="-121.23799">
        <ele>1694.82</ele>
      </trkpt>
      <trkpt lat="47.49702" lon="-121.23803">
        <ele>1696.9</ele>
      </trkpt>
      <trkpt lat="47.49682" lon="-121.23825">
        <ele>1692.21</ele>
      </trkpt>
      <trkpt lat="47.49679" lon="-121.23827">
        <ele>1690.56</ele>
      </trkpt>
      <trkpt lat="47.49668" lon="-121.23828">
        <ele>1685.21</ele>
      </trkpt>
      <trkpt lat="47.49666" lon="-121.23831">
        <ele>1683.82</ele>
      </trkpt>
      <trkpt lat="47.4967" lon="-121.23848">
        <ele>1684.86</ele>
      </trkpt>
      <trkpt lat="47.4968" lon="-121.2387">
        <ele>1687.78</ele>
      </trkpt>
      <trkpt lat="47.49683" lon="-121.23884">
        <ele>1687.7</ele>
      </trkpt>
      <trkpt lat="47.49684" lon="-121.23904">
        <ele>1686.86</ele>
      </trkpt>
      <trkpt lat="47.49685" lon="-121.23929">
        <ele>1685.57</ele>
      </trkpt>
      <trkpt lat="47.4969" lon="-121.23951">
        <ele>1686.74</ele>
      </trkpt>
      <trkpt lat="47.49695" lon="-121.23999">
        <ele>1686.4</ele>
      </trkpt>
      <trkpt lat="47.49709" lon="-121.24041">
        <ele>1691.86</ele>
      </trkpt>
      <trkpt lat="47.4971" lon="-121.24064">
        <ele>1691.78</ele>
      </trkpt>
      <trkpt lat="47.49704" lon="-121.24084">
        <ele>1690.13</ele>
      </trkpt>
      <trkpt lat="47.49703" lon="-121.24094">
        <ele>1689.85</ele>
      </trkpt>
      <trkpt lat="47.49698" lon="-121.24101">
        <ele>1688.44</ele>
      </trkpt>
      <trkpt lat="47.4969" lon="-121.24107">
        <ele>1685.9</ele>
      </trkpt>
      <trkpt lat="47.49686" lon="-121.24115">
        <ele>1686.52</ele>
      </trkpt>
      <trkpt lat="47.49686" lon="-121.24117">
        <ele>1687.17</ele>
      </trkpt>
      <trkpt lat="47.49679" lon="-121.24129">
        <ele>1691.06</ele>
      </trkpt>
      <trkpt lat="47.49675" lon="-121.24132">
        <ele>1691.77</ele>
      </trkpt>
      <trkpt lat="47.4967" lon="-121.24131">
        <ele>1691.44</ele>
      </trkpt>
      <trkpt lat="47.49654" lon="-121.24134">
        <ele>1691.94</ele>
      </trkpt>
      <trkpt lat="47.4965" lon="-121.24133">
        <ele>1691.73</ele>
      </trkpt>
      <trkpt lat="47.49645" lon="-121.24143">
        <ele>1694.18</ele>
      </trkpt>
      <trkpt lat="47.49641" lon="-121.24146">
        <ele>1694.71</ele>
      </trkpt>
      <trkpt lat="47.49629" lon="-121.24149">
        <ele>1695.12</ele>
      </trkpt>
      <trkpt lat="47.49622" lon="-121.24153">
        <ele>1695.66</ele>
      </trkpt>
      <trkpt lat="47.49615" lon="-121.24151">
        <ele>1694.17</ele>
      </trkpt>
      <trkpt lat="47.49612" lon="-121.24153">
        <ele>1694.19</ele>
      </trkpt>
      <trkpt lat="47.49603" lon="-121.24165">
        <ele>1694.89</ele>
      </trkpt>
      <trkpt lat="47.49591" lon="-121.24183">
        <ele>1695.05</ele>
      </trkpt>
      <trkpt lat="47.49583" lon="-121.24186">
        <ele>1692.9</ele>
      </trkpt>
      <trkpt lat="47.49575" lon="-121.24195">
        <ele>1691.21</ele>
      </trkpt>
      <trkpt lat="47.49571" lon="-121.2422">
        <ele>1689.75</ele>
      </trkpt>
      <trkpt lat="47.49568" lon="-121.24228">
        <ele>1688.38</ele>
      </trkpt>
      <trkpt lat="47.49561" lon="-121.24242">
        <ele>1685.9</ele>
      </trkpt>
      <trkpt lat="47.49551" lon="-121.24252">
        <ele>1683.85</ele>
      </trkpt>
      <trkpt lat="47.49548" lon="-121.24256">
        <ele>1683.73</ele>
      </trkpt>
      <trkpt lat="47.49542" lon="-121.24274">
        <ele>1685.66</ele>
      </trkpt>
      <trkpt lat="47.49541" lon="-121.24285">
        <ele>1687.42</ele>
      </trkpt>
      <trkpt lat="47.49539" lon="-121.24308">
        <ele>1688.64</ele>
      </trkpt>
      <trkpt lat="47.49539" lon="-121.24316">
        <ele>1688.64</ele>
      </trkpt>
      <trkpt lat="47.49552" lon="-121.24353">
        <ele>1690.34</ele>
      </trkpt>
      <trkpt lat="47.49563" lon="-121.24374">
        <ele>1692.02</ele>
      </trkpt>
      <trkpt lat="47.49566" lon="-121.24384">
        <ele>1691.91</ele>
      </trkpt>
      <trkpt lat="47.49572" lon="-121.24411">
        <ele>1691.33</ele>
      </trkpt>
      <trkpt lat="47.49576" lon="-121.24421">
        <ele>1692.16</ele>
      </trkpt>
      <trkpt lat="47.4958" lon="-121.24429">
        <ele>1692.38</ele>
      </trkpt>
      <trkpt lat="47.49582" lon="-121.24442">
        <ele>1690.87</ele>
      </trkpt>
      <trkpt lat="47.49587" lon="-121.24453">
        <ele>1690.31</ele>
      </trkpt>
      <trkpt lat="47.49593" lon="-121.24463">
        <ele>1690.08</ele>
      </trkpt>
      <trkpt lat="47.49601" lon="-121.24474">
        <ele>1690.34</ele>
      </trkpt>
      <trkpt lat="47.49615" lon="-121.24499">
        <ele>1690.95</ele>
      </trkpt>
      <trkpt lat="47.49623" lon="-121.24507">
        <ele>1692.57</ele>
      </trkpt>
      <trkpt lat="47.49632" lon="-121.24508">
        <ele>1694.51</ele>
      </trkpt>
      <trkpt lat="47.49636" lon="-121.24519">
        <ele>1695.32</ele>
      </trkpt>
      <trkpt lat="47.49637" lon="-121.24525">
        <ele>1694.89</ele>
      </trkpt>
      <trkpt lat="47.49643" lon="-121.24543">
        <ele>1695.89</ele>
      </trkpt>
      <trkpt lat="47.49644" lon="-121.24554">
        <ele>1696.1</ele>
      </trkpt>
      <trkpt lat="47.49645" lon="-121.2456">
        <ele>1696.0</ele>
      </trkpt>
      <trkpt lat="47.49649" lon="-121.24564">
        <ele>1696.26</ele>
      </trkpt>
      <trkpt lat="47.49655" lon="-121.24565">
        <ele>1697.47</ele>
      </trkpt>
      <trkpt lat="47.49655" lon="-121.24567">
        <ele>1697.31</ele>
      </trkpt>
      <trkpt lat="47.49657" lon="-121.24568">
        <ele>1697.58</ele>
      </trkpt>
      <trkpt lat="47.49658" lon="-121.24567">
        <ele>1697.83</ele>
      </trkpt>
      <trkpt lat="47.49662" lon="-121.24568">
        <ele>1698.15</ele>
      </trkpt>
      <trkpt lat="47.49668" lon="-121.24566">
        <ele>1698.89</ele>
      </trkpt>
      <trkpt lat="47.49677" lon="-121.24565">
        <ele>1699.11</ele>
      </trkpt>
      <trkpt lat="47.49683" lon="-121.24567">
        <ele>1699.58</ele>
      </trkpt>
      <trkpt lat="47.4969" lon="-121.24572">
        <ele>1699.74</ele>
      </trkpt>
      <trkpt lat="47.49695" lon="-121.24571">
        <ele>1700.39</ele>
      </trkpt>
      <trkpt lat="47.49701" lon="-121.24568">
        <ele>1701.36</ele>
      </trkpt>
      <trkpt lat="47.49707" lon="-121.24568">
        <ele>1701.89</ele>
      </trkpt>
      <trkpt lat="47.49721" lon="-121.24583">
        <ele>1700.9</ele>
      </trkpt>
      <trkpt lat="47.49724" lon="-121.24597">
        <ele>1699.24</ele>
      </trkpt>
      <trkpt lat="47.49731" lon="-121.24606">
        <ele>1698.5</ele>
      </trkpt>
      <trkpt lat="47.49736" lon="-121.24605">
        <ele>1699.15</ele>
      </trkpt>
      <trkpt lat="47.49743" lon="-121.24602">
        <ele>1700.23</ele>
      </trkpt>
      <trkpt lat="47.49748" lon="-121.24598">
        <ele>1701.62</ele>
      </trkpt>
      <trkpt lat="47.49754" lon="-121.24597">
        <ele>1702.69</ele>
      </trkpt>
      <trkpt lat="47.49756" lon="-121.24604">
        <ele>1701.91</ele>
      </trkpt>
      <trkpt lat="47.4976" lon="-121.24608">
        <ele>1701.75</ele>
      </trkpt>
      <trkpt lat="47.49764" lon="-121.24612">
        <ele>1701.32</ele>
      </trkpt>
      <trkpt lat="47.49768" lon="-121.24613">
        <ele>1701.54</ele>
      </trkpt>
      <trkpt lat="47.49774" lon="-121.24615">
        <ele>1701.75</ele>
      </trkpt>
      <trkpt lat="47.4978" lon="-121.24614">
        <ele>1702.54</ele>
      </trkpt>
      <trkpt lat="47.49787" lon="-121.24612">
        <ele>1703.71</ele>
      </trkpt>
      <trkpt lat="47.49794" lon="-121.24614">
        <ele>1703.3</ele>
      </trkpt>
      <trkpt lat="47.498" lon="-121.24618">
        <ele>1702.51</ele>
      </trkpt>
      <trkpt lat="47.49808" lon="-121.24617">
        <ele>1702.82</ele>
      </trkpt>
      <trkpt lat="47.4982" lon="-121.24618">
        <ele>1702.77</ele>
      </trkpt>
      <trkpt lat="47.49823" lon="-121.2462">
        <ele>1702.12</ele>
      </trkpt>
      <trkpt lat="47.49836" lon="-121.24621">
        <ele>1702.75</ele>
      </trkpt>
      <trkpt lat="47.4984" lon="-121.24623">
        <ele>1702.07</ele>
      </trkpt>
      <trkpt lat="47.49846" lon="-121.24626">
        <ele>1701.69</ele>
      </trkpt>
      <trkpt lat="47.4985" lon="-121.24631">
        <ele>1700.24</ele>
      </trkpt>
      <trkpt lat="47.49852" lon="-121.24637">
        <ele>1697.85</ele>
      </trkpt>
      <trkpt lat="47.49854" lon="-121.24641">
        <ele>1696.73</ele>
      </trkpt>
      <trkpt lat="47.49857" lon="-121.24644">
        <ele>1696.15</ele>
      </trkpt>
      <trkpt lat="47.49865" lon="-121.24646">
        <ele>1697.61</ele>
      </trkpt>
      <trkpt lat="47.4987" lon="-121.24651">
        <ele>1698.25</ele>
      </trkpt>
      <trkpt lat="47.49871" lon="-121.24661">
        <ele>1697.58</ele>
      </trkpt>
      <trkpt lat="47.49875" lon="-121.24671">
        <ele>1697.8</ele>
      </trkpt>
      <trkpt lat="47.49877" lon="-121.24682">
        <ele>1696.34</ele>
      </trkpt>
      <trkpt lat="47.49879" lon="-121.24685">
        <ele>1696.02</ele>
      </trkpt>
      <trkpt lat="47.49902" lon="-121.24679">
        <ele>1694.92</ele>
      </trkpt>
      <trkpt lat="47.49925" lon="-121.24668">
        <ele>1695.67</ele>
      </trkpt>
      <trkpt lat="47.49928" lon="-121.2467">
        <ele>1694.55</ele>
      </trkpt>
      <trkpt lat="47.49931" lon="-121.24682">
        <ele>1690.78</ele>
      </trkpt>
      <trkpt lat="47.49932" lon="-121.24685">
        <ele>1689.74</ele>
      </trkpt>
      <trkpt lat="47.49938" lon="-121.24688">
        <ele>1687.78</ele>
      </trkpt>
      <trkpt lat="47.49941" lon="-121.24686">
        <ele>1688.11</ele>
      </trkpt>
      <trkpt lat="47.49944" lon="-121.24683">
        <ele>1688.53</ele>
      </trkpt>
      <trkpt lat="47.4995" lon="-121.2468">
        <ele>1687.92</ele>
      </trkpt>
      <trkpt lat="47.49953" lon="-121.24677">
        <ele>1687.92</ele>
      </trkpt>
      <trkpt lat="47.49957" lon="-121.24675">
        <ele>1687.49</ele>
      </trkpt>
      <trkpt lat="47.49962" lon="-121.24672">
        <ele>1687.06</ele>
      </trkpt>
      <trkpt lat="47.49969" lon="-121.24665">
        <ele>1686.94</ele>
      </trkpt>
      <trkpt lat="47.49977" lon="-121.24651">
        <ele>1686.66</ele>
      </trkpt>
      <trkpt lat="47.4998" lon="-121.24648">
        <ele>1686.34</ele>
      </trkpt>
      <trkpt lat="47.49982" lon="-121.24649">
        <ele>1685.85</ele>
      </trkpt>
      <trkpt lat="47.49983" lon="-121.24653">
        <ele>1685.31</ele>
      </trkpt>
      <trkpt lat="47.49983" lon="-121.24661">
        <ele>1684.45</ele>
      </trkpt>
      <trkpt lat="47.49982" lon="-121.24668">
        <ele>1683.8</ele>
      </trkpt>
      <trkpt lat="47.4998" lon="-121.24676">
        <ele>1683.15</ele>
      </trkpt>
      <trkpt lat="47.49971" lon="-121.24703">
        <ele>1678.36</ele>
      </trkpt>
      <trkpt lat="47.49965" lon="-121.24716">
        <ele>1675.09</ele>
      </trkpt>
      <trkpt lat="47.49954" lon="-121.24728">
        <ele>1671.51</ele>
      </trkpt>
      <trkpt lat="47.49948" lon="-121.24732">
        <ele>1670.44</ele>
      </trkpt>
      <trkpt lat="47.49944" lon="-121.24738">
        <ele>1668.18</ele>
      </trkpt>
      <trkpt lat="47.49941" lon="-121.24747">
        <ele>1665.15</ele>
      </trkpt>
      <trkpt lat="47.4993" lon="-121.24758">
        <ele>1659.36</ele>
      </trkpt>
      <trkpt lat="47.49923" lon="-121.24762">
        <ele>1657.83</ele>
      </trkpt>
      <trkpt lat="47.49903" lon="-121.24776">
        <ele>1652.34</ele>
      </trkpt>
      <trkpt lat="47.49892" lon="-121.24778">
        <ele>1652.57</ele>
      </trkpt>
      <trkpt lat="47.49877" lon="-121.24778">
        <ele>1654.47</ele>
      </trkpt>
      <trkpt lat="47.49846" lon="-121.2479">
        <ele>1651.4</ele>
      </trkpt>
      <trkpt lat="47.49801" lon="-121.24793">
        <ele>1644.75</ele>
      </trkpt>
      <trkpt lat="47.498" lon="-121.24794">
        <ele>1644.29</ele>
      </trkpt>
      <trkpt lat="47.49801" lon="-121.24795">
        <ele>1644.0</ele>
      </trkpt>
      <trkpt lat="47.49842" lon="-121.24802">
        <ele>1645.51</ele>
      </trkpt>
      <trkpt lat="47.49866" lon="-121.2481">
        <ele>1641.33</ele>
      </trkpt>
      <trkpt lat="47.49875" lon="-121.24811">
        <ele>1640.15</ele>
      </trkpt>
      <trkpt lat="47.49884" lon="-121.2482">
        <ele>1635.55</ele>
      </trkpt>
      <trkpt lat="47.49895" lon="-121.2483">
        <ele>1634.7</ele>
      </trkpt>
      <trkpt lat="47.49894" lon="-121.24833">
        <ele>1633.73</ele>
      </trkpt>
      <trkpt lat="47.49878" lon="-121.24824">
        <ele>1634.03</ele>
      </trkpt>
      <trkpt lat="47.49866" lon="-121.24824">
        <ele>1634.51</ele>
      </trkpt>
      <trkpt lat="47.49851" lon="-121.24827">
        <ele>1634.83</ele>
      </trkpt>
      <trkpt lat="47.49838" lon="-121.24825">
        <ele>1636.6</ele>
      </trkpt>
      <trkpt lat="47.49821" lon="-121.24828">
        <ele>1635.73</ele>
      </trkpt>
      <trkpt lat="47.49809" lon="-121.24833">
        <ele>1632.87</ele>
      </trkpt>
      <trkpt lat="47.49798" lon="-121.24832">
        <ele>1630.83</ele>
      </trkpt>
      <trkpt lat="47.49793" lon="-121.24834">
        <ele>1628.31</ele>
      </trkpt>
      <trkpt lat="47.49785" lon="-121.24835">
        <ele>1624.8</ele>
      </trkpt>
      <trkpt lat="47.49759" lon="-121.24828">
        <ele>1629.92</ele>
      </trkpt>
      <trkpt lat="47.49739" lon="-121.24826">
        <ele>1632.83</ele>
      </trkpt>
      <trkpt lat="47.49726" lon="-121.24827">
        <ele>1629.87</ele>
      </trkpt>
      <trkpt lat="47.49701" lon="-121.24823">
        <ele>1625.91</ele>
      </trkpt>
      <trkpt lat="47.49691" lon="-121.24818">
        <ele>1626.42</ele>
      </trkpt>
      <trkpt lat="47.49687" lon="-121.24818">
        <ele>1625.42</ele>
      </trkpt>
      <trkpt lat="47.49683" lon="-121.24818">
        <ele>1624.5</ele>
      </trkpt>
      <trkpt lat="47.49672" lon="-121.24826">
        <ele>1618.98</ele>
      </trkpt>
      <trkpt lat="47.49666" lon="-121.24828">
        <ele>1616.54</ele>
      </trkpt>
      <trkpt lat="47.49659" lon="-121.24828">
        <ele>1614.6</ele>
      </trkpt>
      <trkpt lat="47.49647" lon="-121.24827">
        <ele>1610.47</ele>
      </trkpt>
      <trkpt lat="47.49632" lon="-121.2481">
        <ele>1603.54</ele>
      </trkpt>
      <trkpt lat="47.49625" lon="-121.248">
        <ele>1602.1</ele>
      </trkpt>
      <trkpt lat="47.49624" lon="-121.24796">
        <ele>1603.34</ele>
      </trkpt>
      <trkpt lat="47.49623" lon="-121.24791">
        <ele>1605.96</ele>
      </trkpt>
      <trkpt lat="47.49596" lon="-121.24793">
        <ele>1603.15</ele>
      </trkpt>
      <trkpt lat="47.49585" lon="-121.24791">
        <ele>1602.57</ele>
      </trkpt>
      <trkpt lat="47.49577" lon="-121.24783">
        <ele>1605.63</ele>
      </trkpt>
      <trkpt lat="47.49572" lon="-121.24779">
        <ele>1607.12</ele>
      </trkpt>
      <trkpt lat="47.49563" lon="-121.24774">
        <ele>1608.45</ele>
      </trkpt>
      <trkpt lat="47.49561" lon="-121.24771">
        <ele>1609.42</ele>
      </trkpt>
      <trkpt lat="47.49545" lon="-121.2476">
        <ele>1608.9</ele>
      </trkpt>
      <trkpt lat="47.49535" lon="-121.24752">
        <ele>1608.04</ele>
      </trkpt>
      <trkpt lat="47.49523" lon="-121.24748">
        <ele>1605.42</ele>
      </trkpt>
      <trkpt lat="47.4952" lon="-121.24746">
        <ele>1605.28</ele>
      </trkpt>
      <trkpt lat="47.49515" lon="-121.24735">
        <ele>1608.96</ele>
      </trkpt>
      <trkpt lat="47.49509" lon="-121.24729">
        <ele>1610.0</ele>
      </trkpt>
      <trkpt lat="47.49503" lon="-121.24725">
        <ele>1610.25</ele>
      </trkpt>
      <trkpt lat="47.49498" lon="-121.24724">
        <ele>1609.39</ele>
      </trkpt>
      <trkpt lat="47.49487" lon="-121.24717">
        <ele>1608.87</ele>
      </trkpt>
      <trkpt lat="47.49478" lon="-121.24713">
        <ele>1607.48</ele>
      </trkpt>
      <trkpt lat="47.49469" lon="-121.2471">
        <ele>1605.44</ele>
      </trkpt>
      <trkpt lat="47.49463" lon="-121.2471">
        <ele>1603.29</ele>
      </trkpt>
      <trkpt lat="47.49457" lon="-121.24708">
        <ele>1601.91</ele>
      </trkpt>
      <trkpt lat="47.49444" lon="-121.24706">
        <ele>1598.62</ele>
      </trkpt>
      <trkpt lat="47.49434" lon="-121.24699">
        <ele>1598.71</ele>
      </trkpt>
      <trkpt lat="47.49427" lon="-121.24692">
        <ele>1600.32</ele>
      </trkpt>
      <trkpt lat="47.49413" lon="-121.24676">
        <ele>1603.77</ele>
      </trkpt>
      <trkpt lat="47.4941" lon="-121.24674">
        <ele>1603.67</ele>
      </trkpt>
      <trkpt lat="47.49401" lon="-121.24663">
        <ele>1605.09</ele>
      </trkpt>
      <trkpt lat="47.49392" lon="-121.24661">
        <ele>1602.66</ele>
      </trkpt>
      <trkpt lat="47.49392" lon="-121.24666">
        <ele>1600.32</ele>
      </trkpt>
      <trkpt lat="47.49394" lon="-121.24671">
        <ele>1598.57</ele>
      </trkpt>
      <trkpt lat="47.49402" lon="-121.24678">
        <ele>1598.54</ele>
      </trkpt>
      <trkpt lat="47.4941" lon="-121.24688">
        <ele>1596.41</ele>
      </trkpt>
      <trkpt lat="47.49412" lon="-121.2469">
        <ele>1596.15</ele>
      </trkpt>
      <trkpt lat="47.49419" lon="-121.247">
        <ele>1593.31</ele>
      </trkpt>
      <trkpt lat="47.49435" lon="-121.24718">
        <ele>1588.66</ele>
      </trkpt>
      <trkpt lat="47.49444" lon="-121.24724">
        <ele>1588.85</ele>
      </trkpt>
      <trkpt lat="47.49456" lon="-121.24728">
        <ele>1590.78</ele>
      </trkpt>
      <trkpt lat="47.49471" lon="-121.24738">
        <ele>1590.38</ele>
      </trkpt>
      <trkpt lat="47.4948" lon="-121.24746">
        <ele>1589.52</ele>
      </trkpt>
      <trkpt lat="47.4949" lon="-121.24752">
        <ele>1590.4</ele>
      </trkpt>
      <trkpt lat="47.49503" lon="-121.24768">
        <ele>1585.58</ele>
      </trkpt>
      <trkpt lat="47.49515" lon="-121.24778">
        <ele>1585.39</ele>
      </trkpt>
      <trkpt lat="47.49518" lon="-121.24783">
        <ele>1584.55</ele>
      </trkpt>
      <trkpt lat="47.49521" lon="-121.24785">
        <ele>1584.95</ele>
      </trkpt>
      <trkpt lat="47.49524" lon="-121.24786">
        <ele>1585.82</ele>
      </trkpt>
      <trkpt lat="47.49532" lon="-121.24802">
        <ele>1581.9</ele>
      </trkpt>
      <trkpt lat="47.49534" lon="-121.24807">
        <ele>1580.44</ele>
      </trkpt>
      <trkpt lat="47.49538" lon="-121.24815">
        <ele>1578.25</ele>
      </trkpt>
      <trkpt lat="47.49539" lon="-121.2482">
        <ele>1576.84</ele>
      </trkpt>
      <trkpt lat="47.49542" lon="-121.24829">
        <ele>1574.48</ele>
      </trkpt>
      <trkpt lat="47.49547" lon="-121.24835">
        <ele>1573.67</ele>
      </trkpt>
      <trkpt lat="47.4957" lon="-121.24857">
        <ele>1569.9</ele>
      </trkpt>
      <trkpt lat="47.49582" lon="-121.24866">
        <ele>1569.1</ele>
      </trkpt>
      <trkpt lat="47.49585" lon="-121.24868">
        <ele>1570.16</ele>
      </trkpt>
      <trkpt lat="47.49594" lon="-121.24873">
        <ele>1574.43</ele>
      </trkpt>
      <trkpt lat="47.496" lon="-121.24878">
        <ele>1576.52</ele>
      </trkpt>
      <trkpt lat="47.49606" lon="-121.24885">
        <ele>1576.6</ele>
      </trkpt>
      <trkpt lat="47.4961" lon="-121.24893">
        <ele>1575.31</ele>
      </trkpt>
      <trkpt lat="47.49619" lon="-121.24908">
        <ele>1572.3</ele>
      </trkpt>
      <trkpt lat="47.49622" lon="-121.2491">
        <ele>1572.23</ele>
      </trkpt>
      <trkpt lat="47.49631" lon="-121.2492">
        <ele>1569.86</ele>
      </trkpt>
      <trkpt lat="47.49632" lon="-121.24925">
        <ele>1567.91</ele>
      </trkpt>
      <trkpt lat="47.4963" lon="-121.24927">
        <ele>1566.62</ele>
      </trkpt>
      <trkpt lat="47.49626" lon="-121.24927">
        <ele>1565.75</ele>
      </trkpt>
      <trkpt lat="47.49614" lon="-121.2492">
        <ele>1565.5</ele>
      </trkpt>
      <trkpt lat="47.49596" lon="-121.24903">
        <ele>1566.71</ele>
      </trkpt>
      <trkpt lat="47.49589" lon="-121.24897">
        <ele>1566.16</ele>
      </trkpt>
      <trkpt lat="47.49575" lon="-121.24891">
        <ele>1561.04</ele>
      </trkpt>
      <trkpt lat="47.49561" lon="-121.24882">
        <ele>1558.02</ele>
      </trkpt>
      <trkpt lat="47.49555" lon="-121.24881">
        <ele>1558.21</ele>
      </trkpt>
      <trkpt lat="47.49545" lon="-121.24874">
        <ele>1560.07</ele>
      </trkpt>
      <trkpt lat="47.49536" lon="-121.2487">
        <ele>1558.82</ele>
      </trkpt>
      <trkpt lat="47.4953" lon="-121.24867">
        <ele>1558.18</ele>
      </trkpt>
      <trkpt lat="47.49524" lon="-121.24863">
        <ele>1557.96</ele>
      </trkpt>
      <trkpt lat="47.49513" lon="-121.24856">
        <ele>1556.6</ele>
      </trkpt>
      <trkpt lat="47.49511" lon="-121.24853">
        <ele>1557.09</ele>
      </trkpt>
      <trkpt lat="47.49503" lon="-121.24848">
        <ele>1555.54</ele>
      </trkpt>
      <trkpt lat="47.49497" lon="-121.24843">
        <ele>1554.56</ele>
      </trkpt>
      <trkpt lat="47.4949" lon="-121.24829">
        <ele>1557.55</ele>
      </trkpt>
      <trkpt lat="47.49488" lon="-121.24821">
        <ele>1560.14</ele>
      </trkpt>
      <trkpt lat="47.49486" lon="-121.24817">
        <ele>1561.01</ele>
      </trkpt>
      <trkpt lat="47.49481" lon="-121.24814">
        <ele>1560.14</ele>
      </trkpt>
      <trkpt lat="47.4948" lon="-121.24818">
        <ele>1557.93</ele>
      </trkpt>
      <trkpt lat="47.49484" lon="-121.24827">
        <ele>1555.82</ele>
      </trkpt>
      <trkpt lat="47.49489" lon="-121.24836">
        <ele>1554.04</ele>
      </trkpt>
      <trkpt lat="47.49496" lon="-121.24853">
        <ele>1550.34</ele>
      </trkpt>
      <trkpt lat="47.49507" lon="-121.24871">
        <ele>1547.82</ele>
      </trkpt>
      <trkpt lat="47.49525" lon="-121.24894">
        <ele>1546.28</ele>
      </trkpt>
      <trkpt lat="47.49535" lon="-121.24908">
        <ele>1543.32</ele>
      </trkpt>
      <trkpt lat="47.49544" lon="-121.24916">
        <ele>1539.59</ele>
      </trkpt>
      <trkpt lat="47.4956" lon="-121.24928">
        <ele>1542.32</ele>
      </trkpt>
      <trkpt lat="47.49567" lon="-121.24938">
        <ele>1543.5</ele>
      </trkpt>
      <trkpt lat="47.4957" lon="-121.2494">
        <ele>1544.47</ele>
      </trkpt>
      <trkpt lat="47.49574" lon="-121.24948">
        <ele>1543.82</ele>
      </trkpt>
      <trkpt lat="47.49582" lon="-121.24958">
        <ele>1543.63</ele>
      </trkpt>
      <trkpt lat="47.49584" lon="-121.24966">
        <ele>1540.98</ele>
      </trkpt>
      <trkpt lat="47.49584" lon="-121.24968">
        <ele>1540.11</ele>
      </trkpt>
      <trkpt lat="47.49579" lon="-121.2497">
        <ele>1537.56</ele>
      </trkpt>
      <trkpt lat="47.49568" lon="-121.24968">
        <ele>1534.56</ele>
      </trkpt>
      <trkpt lat="47.49559" lon="-121.24964">
        <ele>1532.15</ele>
      </trkpt>
      <trkpt lat="47.49548" lon="-121.24957">
        <ele>1528.73</ele>
      </trkpt>
      <trkpt lat="47.49539" lon="-121.24954">
        <ele>1525.75</ele>
      </trkpt>
      <trkpt lat="47.49522" lon="-121.24936">
        <ele>1529.08</ele>
      </trkpt>
      <trkpt lat="47.49497" lon="-121.24903">
        <ele>1531.45</ele>
      </trkpt>
      <trkpt lat="47.4949" lon="-121.24897">
        <ele>1530.1</ele>
      </trkpt>
      <trkpt lat="47.49486" lon="-121.2489">
        <ele>1530.96</ele>
      </trkpt>
      <trkpt lat="47.49482" lon="-121.24887">
        <ele>1529.89</ele>
      </trkpt>
      <trkpt lat="47.49478" lon="-121.24882">
        <ele>1529.63</ele>
      </trkpt>
      <trkpt lat="47.49464" lon="-121.24872">
        <ele>1526.76</ele>
      </trkpt>
      <trkpt lat="47.49451" lon="-121.24868">
        <ele>1521.56</ele>
      </trkpt>
      <trkpt lat="47.49443" lon="-121.24863">
        <ele>1519.4</ele>
      </trkpt>
      <trkpt lat="47.49439" lon="-121.24859">
        <ele>1518.97</ele>
      </trkpt>
      <trkpt lat="47.49434" lon="-121.24851">
        <ele>1519.6</ele>
      </trkpt>
      <trkpt lat="47.49429" lon="-121.24838">
        <ele>1521.81</ele>
      </trkpt>
      <trkpt lat="47.49426" lon="-121.2483">
        <ele>1523.48</ele>
      </trkpt>
      <trkpt lat="47.49422" lon="-121.24825">
        <ele>1523.44</ele>
      </trkpt>
      <trkpt lat="47.49415" lon="-121.24823">
        <ele>1520.4</ele>
      </trkpt>
      <trkpt lat="47.49408" lon="-121.24823">
        <ele>1515.96</ele>
      </trkpt>
      <trkpt lat="47.49398" lon="-121.2482">
        <ele>1511.26</ele>
      </trkpt>
      <trkpt lat="47.49397" lon="-121.24821">
        <ele>1510.5</ele>
      </trkpt>
      <trkpt lat="47.49398" lon="-121.24823">
        <ele>1510.28</ele>
      </trkpt>
      <trkpt lat="47.49402" lon="-121.24827">
        <ele>1511.0</ele>
      </trkpt>
      <trkpt lat="47.49414" lon="-121.24831">
        <ele>1515.75</ele>
      </trkpt>
      <trkpt lat="47.49417" lon="-121.24839">
        <ele>1514.36</ele>
      </trkpt>
      <trkpt lat="47.49425" lon="-121.24862">
        <ele>1510.32</ele>
      </trkpt>
      <trkpt lat="47.4943" lon="-121.24874">
        <ele>1508.58</ele>
      </trkpt>
      <trkpt lat="47.49439" lon="-121.24884">
        <ele>1509.23</ele>
      </trkpt>
      <trkpt lat="47.49441" lon="-121.2489">
        <ele>1508.2</ele>
      </trkpt>
      <trkpt lat="47.49447" lon="-121.24897">
        <ele>1508.75</ele>
      </trkpt>
      <trkpt lat="47.49449" lon="-121.24902">
        <ele>1508.01</ele>
      </trkpt>
      <trkpt lat="47.49461" lon="-121.24916">
        <ele>1509.16</ele>
      </trkpt>
      <trkpt lat="47.49463" lon="-121.24922">
        <ele>1508.29</ele>
      </trkpt>
      <trkpt lat="47.49464" lon="-121.24925">
        <ele>1507.75</ele>
      </trkpt>
      <trkpt lat="47.49462" lon="-121.24925">
        <ele>1506.78</ele>
      </trkpt>
      <trkpt lat="47.49454" lon="-121.24919">
        <ele>1504.4</ele>
      </trkpt>
      <trkpt lat="47.4945" lon="-121.24913">
        <ele>1504.83</ele>
      </trkpt>
      <trkpt lat="47.49439" lon="-121.24904">
        <ele>1503.34</ele>
      </trkpt>
      <trkpt lat="47.49414" lon="-121.24887">
        <ele>1498.75</ele>
      </trkpt>
      <trkpt lat="47.49405" lon="-121.24877">
        <ele>1498.6</ele>
      </trkpt>
      <trkpt lat="47.49399" lon="-121.24868">
        <ele>1499.04</ele>
      </trkpt>
      <trkpt lat="47.49393" lon="-121.24861">
        <ele>1498.81</ele>
      </trkpt>
      <trkpt lat="47.49388" lon="-121.2486">
        <ele>1496.98</ele>
      </trkpt>
      <trkpt lat="47.49383" lon="-121.24857">
        <ele>1495.79</ele>
      </trkpt>
      <trkpt lat="47.49376" lon="-121.2485">
        <ele>1494.83</ele>
      </trkpt>
      <trkpt lat="47.49371" lon="-121.24842">
        <ele>1494.46</ele>
      </trkpt>
      <trkpt lat="47.49365" lon="-121.24837">
        <ele>1493.26</ele>
      </trkpt>
      <trkpt lat="47.49359" lon="-121.24831">
        <ele>1492.9</ele>
      </trkpt>
      <trkpt lat="47.49352" lon="-121.24826">
        <ele>1492.22</ele>
      </trkpt>
      <trkpt lat="47.49348" lon="-121.24822">
        <ele>1493.06</ele>
      </trkpt>
      <trkpt lat="47.49328" lon="-121.24811">
        <ele>1491.92</ele>
      </trkpt>
      <trkpt lat="47.49323" lon="-121.24809">
        <ele>1491.16</ele>
      </trkpt>
      <trkpt lat="47.49308" lon="-121.24802">
        <ele>1488.59</ele>
      </trkpt>
      <trkpt lat="47.49298" lon="-121.24795">
        <ele>1485.78</ele>
      </trkpt>
      <trkpt lat="47.49289" lon="-121.24787">
        <ele>1483.5</ele>
      </trkpt>
      <trkpt lat="47.4928" lon="-121.24782">
        <ele>1477.4</ele>
      </trkpt>
      <trkpt lat="47.49271" lon="-121.24779">
        <ele>1475.55</ele>
      </trkpt>
      <trkpt lat="47.49264" lon="-121.24775">
        <ele>1478.29</ele>
      </trkpt>
      <trkpt lat="47.49252" lon="-121.24773">
        <ele>1481.26</ele>
      </trkpt>
      <trkpt lat="47.49246" lon="-121.2477">
        <ele>1483.27</ele>
      </trkpt>
      <trkpt lat="47.49213" lon="-121.24768">
        <ele>1481.29</ele>
      </trkpt>
      <trkpt lat="47.492" lon="-121.24765">
        <ele>1478.83</ele>
      </trkpt>
      <trkpt lat="47.49186" lon="-121.24763">
        <ele>1473.61</ele>
      </trkpt>
      <trkpt lat="47.49178" lon="-121.24758">
        <ele>1473.04</ele>
      </trkpt>
      <trkpt lat="47.4915" lon="-121.2475">
        <ele>1471.2</ele>
      </trkpt>
      <trkpt lat="47.49129" lon="-121.24748">
        <ele>1468.66</ele>
      </trkpt>
      <trkpt lat="47.49088" lon="-121.24728">
        <ele>1466.95</ele>
      </trkpt>
      <trkpt lat="47.49075" lon="-121.24724">
        <ele>1468.85</ele>
      </trkpt>
      <trkpt lat="47.49056" lon="-121.24721">
        <ele>1470.67</ele>
      </trkpt>
      <trkpt lat="47.49048" lon="-121.24718">
        <ele>1472.28</ele>
      </trkpt>
      <trkpt lat="47.49037" lon="-121.24716">
        <ele>1473.35</ele>
      </trkpt>
      <trkpt lat="47.49011" lon="-121.24708">
        <ele>1467.08</ele>
      </trkpt>
      <trkpt lat="47.49005" lon="-121.24705">
        <ele>1464.68</ele>
      </trkpt>
      <trkpt lat="47.48995" lon="-121.24704">
        <ele>1458.63</ele>
      </trkpt>
      <trkpt lat="47.48995" lon="-121.24706">
        <ele>1457.77</ele>
      </trkpt>
      <trkpt lat="47.49001" lon="-121.24713">
        <ele>1458.63</ele>
      </trkpt>
      <trkpt lat="47.49037" lon="-121.24739">
        <ele>1460.94</ele>
      </trkpt>
      <trkpt lat="47.49067" lon="-121.24756">
        <ele>1451.26</ele>
      </trkpt>
      <trkpt lat="47.49084" lon="-121.24759">
        <ele>1448.28</ele>
      </trkpt>
      <trkpt lat="47.49093" lon="-121.24763">
        <ele>1448.56</ele>
      </trkpt>
      <trkpt lat="47.49104" lon="-121.24772">
        <ele>1449.42</ele>
      </trkpt>
      <trkpt lat="47.49108" lon="-121.24777">
        <ele>1448.99</ele>
      </trkpt>
      <trkpt lat="47.49118" lon="-121.24784">
        <ele>1449.54</ele>
      </trkpt>
      <trkpt lat="47.49123" lon="-121.24789">
        <ele>1448.72</ele>
      </trkpt>
      <trkpt lat="47.49137" lon="-121.24796">
        <ele>1448.72</ele>
      </trkpt>
      <trkpt lat="47.49172" lon="-121.24823">
        <ele>1441.99</ele>
      </trkpt>
      <trkpt lat="47.49184" lon="-121.24831">
        <ele>1441.72</ele>
      </trkpt>
      <trkpt lat="47.4919" lon="-121.24833">
        <ele>1442.7</ele>
      </trkpt>
      <trkpt lat="47.49202" lon="-121.24838">
        <ele>1443.62</ele>
      </trkpt>
      <trkpt lat="47.492" lon="-121.24842">
        <ele>1441.46</ele>
      </trkpt>
      <trkpt lat="47.49195" lon="-121.24842">
        <ele>1440.38</ele>
      </trkpt>
      <trkpt lat="47.49183" lon="-121.24838">
        <ele>1438.9</ele>
      </trkpt>
      <trkpt lat="47.4916" lon="-121.24826">
        <ele>1438.73</ele>
      </trkpt>
      <trkpt lat="47.49153" lon="-121.24822">
        <ele>1439.42</ele>
      </trkpt>
      <trkpt lat="47.49146" lon="-121.2482">
        <ele>1439.3</ele>
      </trkpt>
      <trkpt lat="47.49134" lon="-121.24814">
        <ele>1439.87</ele>
      </trkpt>
      <trkpt lat="47.49116" lon="-121.24809">
        <ele>1438.1</ele>
      </trkpt>
      <trkpt lat="47.49092" lon="-121.24808">
        <ele>1429.94</ele>
      </trkpt>
      <trkpt lat="47.49082" lon="-121.24806">
        <ele>1426.23</ele>
      </trkpt>
      <trkpt lat="47.4908" lon="-121.24807">
        <ele>1424.94</ele>
      </trkpt>
      <trkpt lat="47.49056" lon="-121.24808">
        <ele>1422.63</ele>
      </trkpt>
      <trkpt lat="47.49021" lon="-121.24803">
        <ele>1428.65</ele>
      </trkpt>
      <trkpt lat="47.49004" lon="-121.24794">
        <ele>1426.15</ele>
      </trkpt>
      <trkpt lat="47.48986" lon="-121.2478">
        <ele>1420.46</ele>
      </trkpt>
      <trkpt lat="47.48979" lon="-121.24775">
        <ele>1417.4</ele>
      </trkpt>
      <trkpt lat="47.48968" lon="-121.24773">
        <ele>1413.36</ele>
      </trkpt>
      <trkpt lat="47.48953" lon="-121.24775">
        <ele>1415.03</ele>
      </trkpt>
      <trkpt lat="47.48943" lon="-121.24776">
        <ele>1417.28</ele>
      </trkpt>
      <trkpt lat="47.48922" lon="-121.24776">
        <ele>1412.31</ele>
      </trkpt>
      <trkpt lat="47.48908" lon="-121.24771">
        <ele>1406.73</ele>
      </trkpt>
      <trkpt lat="47.48901" lon="-121.24771">
        <ele>1405.51</ele>
      </trkpt>
      <trkpt lat="47.48892" lon="-121.24768">
        <ele>1410.12</ele>
      </trkpt>
      <trkpt lat="47.48887" lon="-121.24769">
        <ele>1411.59</ele>
      </trkpt>
      <trkpt lat="47.48881" lon="-121.24774">
        <ele>1410.02</ele>
      </trkpt>
      <trkpt lat="47.48878" lon="-121.24779">
        <ele>1407.24</ele>
      </trkpt>
      <trkpt lat="47.48874" lon="-121.24782">
        <ele>1407.63</ele>
      </trkpt>
      <trkpt lat="47.48863" lon="-121.24782">
        <ele>1414.58</ele>
      </trkpt>
      <trkpt lat="47.48854" lon="-121.24778">
        <ele>1421.15</ele>
      </trkpt>
      <trkpt lat="47.48827" lon="-121.24778">
        <ele>1421.88</ele>
      </trkpt>
      <trkpt lat="47.48787" lon="-121.24777">
        <ele>1417.31</ele>
      </trkpt>
      <trkpt lat="47.48776" lon="-121.24778">
        <ele>1409.33</ele>
      </trkpt>
      <trkpt lat="47.4876" lon="-121.24781">
        <ele>1398.25</ele>
      </trkpt>
      <trkpt lat="47.48749" lon="-121.24785">
        <ele>1396.88</ele>
      </trkpt>
      <trkpt lat="47.48743" lon="-121.24788">
        <ele>1397.07</ele>
      </trkpt>
      <trkpt lat="47.48736" lon="-121.24789">
        <ele>1398.28</ele>
      </trkpt>
      <trkpt lat="47.48705" lon="-121.24802">
        <ele>1402.12</ele>
      </trkpt>
      <trkpt lat="47.48674" lon="-121.24811">
        <ele>1398.44</ele>
      </trkpt>
      <trkpt lat="47.48673" lon="-121.24813">
        <ele>1397.03</ele>
      </trkpt>
      <trkpt lat="47.48682" lon="-121.24817">
        <ele>1396.71</ele>
      </trkpt>
      <trkpt lat="47.48697" lon="-121.24817">
        <ele>1396.5</ele>
      </trkpt>
      <trkpt lat="47.48705" lon="-121.24815">
        <ele>1395.78</ele>
      </trkpt>
      <trkpt lat="47.4874" lon="-121.24815">
        <ele>1386.22</ele>
      </trkpt>
      <trkpt lat="47.48745" lon="-121.24818">
        <ele>1382.44</ele>
      </trkpt>
      <trkpt lat="47.48754" lon="-121.24815">
        <ele>1382.33</ele>
      </trkpt>
      <trkpt lat="47.4876" lon="-121.24819">
        <ele>1381.06</ele>
      </trkpt>
      <trkpt lat="47.48778" lon="-121.24821">
        <ele>1387.76</ele>
      </trkpt>
      <trkpt lat="47.48792" lon="-121.24828">
        <ele>1389.68</ele>
      </trkpt>
      <trkpt lat="47.48812" lon="-121.24828">
        <ele>1390.88</ele>
      </trkpt>
      <trkpt lat="47.48818" lon="-121.24829">
        <ele>1390.16</ele>
      </trkpt>
      <trkpt lat="47.4884" lon="-121.24837">
        <ele>1383.9</ele>
      </trkpt>
      <trkpt lat="47.48843" lon="-121.24839">
        <ele>1382.24</ele>
      </trkpt>
      <trkpt lat="47.48857" lon="-121.24845">
        <ele>1375.03</ele>
      </trkpt>
      <trkpt lat="47.48863" lon="-121.24845">
        <ele>1372.78</ele>
      </trkpt>
      <trkpt lat="47.48872" lon="-121.24842">
        <ele>1369.93</ele>
      </trkpt>
      <trkpt lat="47.48879" lon="-121.24843">
        <ele>1363.28</ele>
      </trkpt>
      <trkpt lat="47.48893" lon="-121.24856">
        <ele>1354.07</ele>
      </trkpt>
      <trkpt lat="47.48901" lon="-121.24866">
        <ele>1356.72</ele>
      </trkpt>
      <trkpt lat="47.48911" lon="-121.24867">
        <ele>1363.25</ele>
      </trkpt>
      <trkpt lat="47.48916" lon="-121.24868">
        <ele>1365.43</ele>
      </trkpt>
      <trkpt lat="47.48923" lon="-121.24868">
        <ele>1365.94</ele>
      </trkpt>
      <trkpt lat="47.48925" lon="-121.24868">
        <ele>1366.0</ele>
      </trkpt>
      <trkpt lat="47.48941" lon="-121.24869">
        <ele>1361.32</ele>
      </trkpt>
      <trkpt lat="47.4895" lon="-121.24874">
        <ele>1354.72</ele>
      </trkpt>
      <trkpt lat="47.48954" lon="-121.2488">
        <ele>1350.97</ele>
      </trkpt>
      <trkpt lat="47.48956" lon="-121.24885">
        <ele>1349.82</ele>
      </trkpt>
      <trkpt lat="47.48963" lon="-121.24891">
        <ele>1351.58</ele>
      </trkpt>
      <trkpt lat="47.48976" lon="-121.24897">
        <ele>1360.87</ele>
      </trkpt>
      <trkpt lat="47.48992" lon="-121.24909">
        <ele>1364.56</ele>
      </trkpt>
      <trkpt lat="47.48997" lon="-121.24911">
        <ele>1364.54</ele>
      </trkpt>
      <trkpt lat="47.49005" lon="-121.24918">
        <ele>1361.74</ele>
      </trkpt>
      <trkpt lat="47.49011" lon="-121.2492">
        <ele>1360.58</ele>
      </trkpt>
      <trkpt lat="47.49019" lon="-121.24927">
        <ele>1354.14</ele>
      </trkpt>
      <trkpt lat="47.49026" lon="-121.2493">
        <ele>1349.58</ele>
      </trkpt>
      <trkpt lat="47.49031" lon="-121.24935">
        <ele>1344.44</ele>
      </trkpt>
      <trkpt lat="47.49044" lon="-121.24943">
        <ele>1346.39</ele>
      </trkpt>
      <trkpt lat="47.49046" lon="-121.24946">
        <ele>1347.2</ele>
      </trkpt>
      <trkpt lat="47.49046" lon="-121.2495">
        <ele>1345.89</ele>
      </trkpt>
      <trkpt lat="47.49041" lon="-121.2495">
        <ele>1340.71</ele>
      </trkpt>
      <trkpt lat="47.49025" lon="-121.24939">
        <ele>1343.73</ele>
      </trkpt>
      <trkpt lat="47.49" lon="-121.24931">
        <ele>1354.26</ele>
      </trkpt>
      <trkpt lat="47.48983" lon="-121.2493">
        <ele>1352.96</ele>
      </trkpt>
      <trkpt lat="47.48966" lon="-121.24922">
        <ele>1344.55</ele>
      </trkpt>
      <trkpt lat="47.48946" lon="-121.24915">
        <ele>1332.95</ele>
      </trkpt>
      <trkpt lat="47.48939" lon="-121.24915">
        <ele>1334.59</ele>
      </trkpt>
      <trkpt lat="47.48934" lon="-121.24917">
        <ele>1335.46</ele>
      </trkpt>
      <trkpt lat="47.48924" lon="-121.24917">
        <ele>1340.45</ele>
      </trkpt>
      <trkpt lat="47.4891" lon="-121.24922">
        <ele>1340.7</ele>
      </trkpt>
      <trkpt lat="47.48899" lon="-121.24923">
        <ele>1337.25</ele>
      </trkpt>
      <trkpt lat="47.48894" lon="-121.24923">
        <ele>1332.92</ele>
      </trkpt>
      <trkpt lat="47.48884" lon="-121.24917">
        <ele>1326.18</ele>
      </trkpt>
      <trkpt lat="47.48878" lon="-121.24917">
        <ele>1322.86</ele>
      </trkpt>
      <trkpt lat="47.48862" lon="-121.24922">
        <ele>1327.41</ele>
      </trkpt>
      <trkpt lat="47.48847" lon="-121.2492">
        <ele>1337.25</ele>
      </trkpt>
      <trkpt lat="47.48802" lon="-121.24924">
        <ele>1332.84</ele>
      </trkpt>
      <trkpt lat="47.48799" lon="-121.24925">
        <ele>1332.41</ele>
      </trkpt>
      <trkpt lat="47.48795" lon="-121.24927">
        <ele>1331.56</ele>
      </trkpt>
      <trkpt lat="47.48781" lon="-121.24927">
        <ele>1333.0</ele>
      </trkpt>
      <trkpt lat="47.48775" lon="-121.24931">
        <ele>1329.98</ele>
      </trkpt>
      <trkpt lat="47.48774" lon="-121.24933">
        <ele>1328.5</ele>
      </trkpt>
      <trkpt lat="47.48775" lon="-121.24935">
        <ele>1327.51</ele>
      </trkpt>
      <trkpt lat="47.48779" lon="-121.24937">
        <ele>1327.02</ele>
      </trkpt>
      <trkpt lat="47.48782" lon="-121.24937">
        <ele>1327.02</ele>
      </trkpt>
      <trkpt lat="47.48788" lon="-121.24935">
        <ele>1328.0</ele>
      </trkpt>
      <trkpt lat="47.48792" lon="-121.24935">
        <ele>1327.56</ele>
      </trkpt>
      <trkpt lat="47.48795" lon="-121.24937">
        <ele>1326.16</ele>
      </trkpt>
      <trkpt lat="47.488" lon="-121.24937">
        <ele>1326.02</ele>
      </trkpt>
      <trkpt lat="47.48803" lon="-121.24939">
        <ele>1324.94</ele>
      </trkpt>
      <trkpt lat="47.48811" lon="-121.2494">
        <ele>1324.71</ele>
      </trkpt>
      <trkpt lat="47.48825" lon="-121.24944">
        <ele>1324.29</ele>
      </trkpt>
      <trkpt lat="47.48839" lon="-121.24951">
        <ele>1322.35</ele>
      </trkpt>
      <trkpt lat="47.4886" lon="-121.24956">
        <ele>1313.36</ele>
      </trkpt>
      <trkpt lat="47.48865" lon="-121.24959">
        <ele>1308.68</ele>
      </trkpt>
      <trkpt lat="47.48871" lon="-121.2496">
        <ele>1305.16</ele>
      </trkpt>
      <trkpt lat="47.48887" lon="-121.24975">
        <ele>1310.86</ele>
      </trkpt>
      <trkpt lat="47.48894" lon="-121.24979">
        <ele>1315.82</ele>
      </trkpt>
      <trkpt lat="47.48907" lon="-121.2498">
        <ele>1319.6</ele>
      </trkpt>
      <trkpt lat="47.48921" lon="-121.24986">
        <ele>1308.78</ele>
      </trkpt>
      <trkpt lat="47.48936" lon="-121.24988">
        <ele>1300.1</ele>
      </trkpt>
      <trkpt lat="47.48944" lon="-121.24994">
        <ele>1296.3</ele>
      </trkpt>
      <trkpt lat="47.48953" lon="-121.24999">
        <ele>1303.5</ele>
      </trkpt>
      <trkpt lat="47.48967" lon="-121.25003">
        <ele>1312.01</ele>
      </trkpt>
      <trkpt lat="47.48998" lon="-121.25026">
        <ele>1296.82</ele>
      </trkpt>
      <trkpt lat="47.49007" lon="-121.25031">
        <ele>1290.76</ele>
      </trkpt>
      <trkpt lat="47.49012" lon="-121.25033">
        <ele>1291.84</ele>
      </trkpt>
      <trkpt lat="47.49024" lon="-121.25043">
        <ele>1300.4</ele>
      </trkpt>
      <trkpt lat="47.49033" lon="-121.25047">
        <ele>1305.55</ele>
      </trkpt>
      <trkpt lat="47.49049" lon="-121.25057">
        <ele>1302.19</ele>
      </trkpt>
      <trkpt lat="47.49058" lon="-121.25065">
        <ele>1294.36</ele>
      </trkpt>
      <trkpt lat="47.49063" lon="-121.25072">
        <ele>1289.98</ele>
      </trkpt>
      <trkpt lat="47.49092" lon="-121.25096">
        <ele>1299.21</ele>
      </trkpt>
      <trkpt lat="47.49097" lon="-121.25097">
        <ele>1300.05</ele>
      </trkpt>
      <trkpt lat="47.49116" lon="-121.25112">
        <ele>1298.25</ele>
      </trkpt>
      <trkpt lat="47.49149" lon="-121.25127">
        <ele>1300.86</ele>
      </trkpt>
      <trkpt lat="47.49171" lon="-121.25139">
        <ele>1287.08</ele>
      </trkpt>
      <trkpt lat="47.4918" lon="-121.25146">
        <ele>1282.03</ele>
      </trkpt>
      <trkpt lat="47.49182" lon="-121.25149">
        <ele>1280.66</ele>
      </trkpt>
      <trkpt lat="47.49182" lon="-121.25153">
        <ele>1279.07</ele>
      </trkpt>
      <trkpt lat="47.4916" lon="-121.2515">
        <ele>1286.88</ele>
      </trkpt>
      <trkpt lat="47.49126" lon="-121.25141">
        <ele>1288.59</ele>
      </trkpt>
      <trkpt lat="47.49117" lon="-121.25135">
        <ele>1288.59</ele>
      </trkpt>
      <trkpt lat="47.49111" lon="-121.25134">
        <ele>1287.07</ele>
      </trkpt>
      <trkpt lat="47.49104" lon="-121.25132">
        <ele>1285.48</ele>
      </trkpt>
      <trkpt lat="47.49095" lon="-121.25131">
        <ele>1282.52</ele>
      </trkpt>
      <trkpt lat="47.49087" lon="-121.25127">
        <ele>1282.04</ele>
      </trkpt>
      <trkpt lat="47.49084" lon="-121.25124">
        <ele>1282.62</ele>
      </trkpt>
      <trkpt lat="47.4907" lon="-121.25116">
        <ele>1277.78</ele>
      </trkpt>
      <trkpt lat="47.49064" lon="-121.25114">
        <ele>1274.77</ele>
      </trkpt>
      <trkpt lat="47.49058" lon="-121.25111">
        <ele>1273.82</ele>
      </trkpt>
      <trkpt lat="47.49045" lon="-121.2511">
        <ele>1273.64</ele>
      </trkpt>
      <trkpt lat="47.49038" lon="-121.25106">
        <ele>1276.6</ele>
      </trkpt>
      <trkpt lat="47.49008" lon="-121.25097">
        <ele>1273.55</ele>
      </trkpt>
      <trkpt lat="47.48955" lon="-121.25093">
        <ele>1270.38</ele>
      </trkpt>
      <trkpt lat="47.4894" lon="-121.25089">
        <ele>1261.12</ele>
      </trkpt>
      <trkpt lat="47.48933" lon="-121.25088">
        <ele>1257.37</ele>
      </trkpt>
      <trkpt lat="47.48926" lon="-121.25088">
        <ele>1256.99</ele>
      </trkpt>
      <trkpt lat="47.48921" lon="-121.25089">
        <ele>1259.21</ele>
      </trkpt>
      <trkpt lat="47.48884" lon="-121.25087">
        <ele>1266.53</ele>
      </trkpt>
      <trkpt lat="47.48874" lon="-121.25081">
        <ele>1259.32</ele>
      </trkpt>
      <trkpt lat="47.48866" lon="-121.2508">
        <ele>1252.14</ele>
      </trkpt>
      <trkpt lat="47.48856" lon="-121.25083">
        <ele>1247.7</ele>
      </trkpt>
      <trkpt lat="47.48856" lon="-121.25085">
        <ele>1246.83</ele>
      </trkpt>
      <trkpt lat="47.48856" lon="-121.25087">
        <ele>1245.97</ele>
      </trkpt>
      <trkpt lat="47.4887" lon="-121.25089">
        <ele>1251.27</ele>
      </trkpt>
      <trkpt lat="47.48899" lon="-121.25109">
        <ele>1257.16</ele>
      </trkpt>
      <trkpt lat="47.48909" lon="-121.25114">
        <ele>1251.92</ele>
      </trkpt>
      <trkpt lat="47.48918" lon="-121.25117">
        <ele>1247.62</ele>
      </trkpt>
      <trkpt lat="47.4893" lon="-121.25118">
        <ele>1247.34</ele>
      </trkpt>
      <trkpt lat="47.48938" lon="-121.25129">
        <ele>1246.74</ele>
      </trkpt>
      <trkpt lat="47.48943" lon="-121.25132">
        <ele>1248.2</ele>
      </trkpt>
      <trkpt lat="47.48955" lon="-121.25138">
        <ele>1249.76</ele>
      </trkpt>
      <trkpt lat="47.48961" lon="-121.25139">
        <ele>1250.52</ele>
      </trkpt>
      <trkpt lat="47.48976" lon="-121.2515">
        <ele>1242.82</ele>
      </trkpt>
      <trkpt lat="47.48989" lon="-121.25154">
        <ele>1240.59</ele>
      </trkpt>
      <trkpt lat="47.48994" lon="-121.25158">
        <ele>1240.79</ele>
      </trkpt>
      <trkpt lat="47.49003" lon="-121.25169">
        <ele>1239.63</ele>
      </trkpt>
      <trkpt lat="47.49011" lon="-121.25175">
        <ele>1237.6</ele>
      </trkpt>
      <trkpt lat="47.4902" lon="-121.25178">
        <ele>1235.37</ele>
      </trkpt>
      <trkpt lat="47.49031" lon="-121.2519">
        <ele>1226.7</ele>
      </trkpt>
      <trkpt lat="47.4905" lon="-121.25201">
        <ele>1224.88</ele>
      </trkpt>
      <trkpt lat="47.49064" lon="-121.25213">
        <ele>1225.63</ele>
      </trkpt>
      <trkpt lat="47.49077" lon="-121.25217">
        <ele>1228.02</ele>
      </trkpt>
      <trkpt lat="47.49092" lon="-121.2523">
        <ele>1222.74</ele>
      </trkpt>
      <trkpt lat="47.49109" lon="-121.25236">
        <ele>1222.78</ele>
      </trkpt>
      <trkpt lat="47.49113" lon="-121.25241">
        <ele>1220.45</ele>
      </trkpt>
      <trkpt lat="47.49113" lon="-121.25246">
        <ele>1217.32</ele>
      </trkpt>
      <trkpt lat="47.49111" lon="-121.25247">
        <ele>1215.91</ele>
      </trkpt>
      <trkpt lat="47.49097" lon="-121.25247">
        <ele>1211.54</ele>
      </trkpt>
      <trkpt lat="47.49082" lon="-121.25241">
        <ele>1214.69</ele>
      </trkpt>
      <trkpt lat="47.49061" lon="-121.25236">
        <ele>1212.81</ele>
      </trkpt>
      <trkpt lat="47.49049" lon="-121.2523">
        <ele>1210.85</ele>
      </trkpt>
      <trkpt lat="47.49028" lon="-121.25222">
        <ele>1208.14</ele>
      </trkpt>
      <trkpt lat="47.49013" lon="-121.25215">
        <ele>1216.59</ele>
      </trkpt>
      <trkpt lat="47.49009" lon="-121.25215">
        <ele>1216.6</ele>
      </trkpt>
      <trkpt lat="47.49003" lon="-121.25212">
        <ele>1216.56</ele>
      </trkpt>
      <trkpt lat="47.48987" lon="-121.25211">
        <ele>1208.91</ele>
      </trkpt>
      <trkpt lat="47.48974" lon="-121.25211">
        <ele>1200.4</ele>
      </trkpt>
      <trkpt lat="47.48957" lon="-121.25203">
        <ele>1211.49</ele>
      </trkpt>
      <trkpt lat="47.48935" lon="-121.25196">
        <ele>1214.71</ele>
      </trkpt>
      <trkpt lat="47.48896" lon="-121.2519">
        <ele>1201.7</ele>
      </trkpt>
      <trkpt lat="47.48885" lon="-121.25186">
        <ele>1206.3</ele>
      </trkpt>
      <trkpt lat="47.4888" lon="-121.25182">
        <ele>1209.42</ele>
      </trkpt>
      <trkpt lat="47.48873" lon="-121.2518">
        <ele>1207.34</ele>
      </trkpt>
      <trkpt lat="47.48865" lon="-121.25175">
        <ele>1206.06</ele>
      </trkpt>
      <trkpt lat="47.48857" lon="-121.25173">
        <ele>1202.2</ele>
      </trkpt>
      <trkpt lat="47.48831" lon="-121.25172">
        <ele>1204.8</ele>
      </trkpt>
      <trkpt lat="47.48822" lon="-121.25174">
        <ele>1204.43</ele>
      </trkpt>
      <trkpt lat="47.48817" lon="-121.25174">
        <ele>1204.85</ele>
      </trkpt>
      <trkpt lat="47.48805" lon="-121.25173">
        <ele>1205.26</ele>
      </trkpt>
      <trkpt lat="47.48802" lon="-121.25172">
        <ele>1205.7</ele>
      </trkpt>
      <trkpt lat="47.48784" lon="-121.25173">
        <ele>1205.26</ele>
      </trkpt>
      <trkpt lat="47.48771" lon="-121.25182">
        <ele>1199.74</ele>
      </trkpt>
      <trkpt lat="47.48764" lon="-121.25181">
        <ele>1198.83</ele>
      </trkpt>
      <trkpt lat="47.48759" lon="-121.25179">
        <ele>1198.59</ele>
      </trkpt>
      <trkpt lat="47.48739" lon="-121.25178">
        <ele>1197.89</ele>
      </trkpt>
      <trkpt lat="47.48732" lon="-121.25183">
        <ele>1198.54</ele>
      </trkpt>
      <trkpt lat="47.48727" lon="-121.25192">
        <ele>1196.02</ele>
      </trkpt>
      <trkpt lat="47.48725" lon="-121.25197">
        <ele>1194.02</ele>
      </trkpt>
      <trkpt lat="47.4872" lon="-121.25201">
        <ele>1192.7</ele>
      </trkpt>
      <trkpt lat="47.48704" lon="-121.25201">
        <ele>1194.43</ele>
      </trkpt>
      <trkpt lat="47.48697" lon="-121.25202">
        <ele>1194.64</ele>
      </trkpt>
      <trkpt lat="47.48687" lon="-121.25207">
        <ele>1192.51</ele>
      </trkpt>
      <trkpt lat="47.48678" lon="-121.25213">
        <ele>1189.98</ele>
      </trkpt>
      <trkpt lat="47.48677" lon="-121.25215">
        <ele>1188.9</ele>
      </trkpt>
      <trkpt lat="47.48678" lon="-121.25216">
        <ele>1188.36</ele>
      </trkpt>
      <trkpt lat="47.48684" lon="-121.25216">
        <ele>1188.36</ele>
      </trkpt>
      <trkpt lat="47.48691" lon="-121.25213">
        <ele>1189.35</ele>
      </trkpt>
      <trkpt lat="47.48697" lon="-121.25213">
        <ele>1188.7</ele>
      </trkpt>
      <trkpt lat="47.48703" lon="-121.25215">
        <ele>1186.98</ele>
      </trkpt>
      <trkpt lat="47.48709" lon="-121.2522">
        <ele>1184.2</ele>
      </trkpt>
      <trkpt lat="47.48711" lon="-121.25221">
        <ele>1183.66</ele>
      </trkpt>
      <trkpt lat="47.48719" lon="-121.25221">
        <ele>1183.01</ele>
      </trkpt>
      <trkpt lat="47.48729" lon="-121.25217">
        <ele>1183.36</ele>
      </trkpt>
      <trkpt lat="47.48743" lon="-121.25207">
        <ele>1184.38</ele>
      </trkpt>
      <trkpt lat="47.48749" lon="-121.25209">
        <ele>1181.78</ele>
      </trkpt>
      <trkpt lat="47.48753" lon="-121.25213">
        <ele>1179.3</ele>
      </trkpt>
      <trkpt lat="47.48761" lon="-121.25218">
        <ele>1176.92</ele>
      </trkpt>
      <trkpt lat="47.48771" lon="-121.25217">
        <ele>1178.65</ele>
      </trkpt>
      <trkpt lat="47.4879" lon="-121.25207">
        <ele>1186.43</ele>
      </trkpt>
      <trkpt lat="47.48794" lon="-121.25208">
        <ele>1186.08</ele>
      </trkpt>
      <trkpt lat="47.48803" lon="-121.25216">
        <ele>1181.03</ele>
      </trkpt>
      <trkpt lat="47.48808" lon="-121.25218">
        <ele>1179.47</ele>
      </trkpt>
      <trkpt lat="47.48821" lon="-121.25218">
        <ele>1177.76</ele>
      </trkpt>
      <trkpt lat="47.48825" lon="-121.2522">
        <ele>1175.92</ele>
      </trkpt>
      <trkpt lat="47.48834" lon="-121.25231">
        <ele>1165.0</ele>
      </trkpt>
      <trkpt lat="47.48838" lon="-121.25233">
        <ele>1161.41</ele>
      </trkpt>
      <trkpt lat="47.48839" lon="-121.25237">
        <ele>1158.13</ele>
      </trkpt>
      <trkpt lat="47.48838" lon="-121.25239">
        <ele>1157.21</ele>
      </trkpt>
      <trkpt lat="47.48832" lon="-121.25237">
        <ele>1161.26</ele>
      </trkpt>
      <trkpt lat="47.48823" lon="-121.25227">
        <ele>1171.5</ele>
      </trkpt>
      <trkpt lat="47.48808" lon="-121.25227">
        <ele>1173.12</ele>
      </trkpt>
      <trkpt lat="47.488" lon="-121.25222">
        <ele>1177.14</ele>
      </trkpt>
      <trkpt lat="47.4879" lon="-121.25222">
        <ele>1176.48</ele>
      </trkpt>
      <trkpt lat="47.48783" lon="-121.25228">
        <ele>1171.63</ele>
      </trkpt>
      <trkpt lat="47.48775" lon="-121.2525">
        <ele>1154.7</ele>
      </trkpt>
      <trkpt lat="47.48771" lon="-121.25251">
        <ele>1153.54</ele>
      </trkpt>
      <trkpt lat="47.48764" lon="-121.25251">
        <ele>1154.22</ele>
      </trkpt>
      <trkpt lat="47.48753" lon="-121.25243">
        <ele>1163.4</ele>
      </trkpt>
      <trkpt lat="47.48746" lon="-121.25242">
        <ele>1166.3</ele>
      </trkpt>
      <trkpt lat="47.48742" lon="-121.25245">
        <ele>1166.22</ele>
      </trkpt>
      <trkpt lat="47.48738" lon="-121.25251">
        <ele>1165.05</ele>
      </trkpt>
      <trkpt lat="47.48734" lon="-121.2526">
        <ele>1160.98</ele>
      </trkpt>
      <trkpt lat="47.48731" lon="-121.25265">
        <ele>1158.33</ele>
      </trkpt>
      <trkpt lat="47.48724" lon="-121.25268">
        <ele>1157.14</ele>
      </trkpt>
      <trkpt lat="47.48717" lon="-121.25269">
        <ele>1156.58</ele>
      </trkpt>
      <trkpt lat="47.48697" lon="-121.25268">
        <ele>1155.71</ele>
      </trkpt>
      <trkpt lat="47.48696" lon="-121.25269">
        <ele>1154.75</ele>
      </trkpt>
      <trkpt lat="47.48696" lon="-121.25272">
        <ele>1152.16</ele>
      </trkpt>
      <trkpt lat="47.48699" lon="-121.25274">
        <ele>1150.76</ele>
      </trkpt>
      <trkpt lat="47.4871" lon="-121.25275">
        <ele>1151.08</ele>
      </trkpt>
      <trkpt lat="47.48724" lon="-121.2528">
        <ele>1146.93</ele>
      </trkpt>
      <trkpt lat="47.48735" lon="-121.2528">
        <ele>1145.85</ele>
      </trkpt>
      <trkpt lat="47.48739" lon="-121.25277">
        <ele>1147.79</ele>
      </trkpt>
      <trkpt lat="47.48745" lon="-121.25269">
        <ele>1151.82</ele>
      </trkpt>
      <trkpt lat="47.48748" lon="-121.25266">
        <ele>1152.5</ele>
      </trkpt>
      <trkpt lat="47.48756" lon="-121.25268">
        <ele>1146.41</ele>
      </trkpt>
      <trkpt lat="47.48763" lon="-121.25274">
        <ele>1139.48</ele>
      </trkpt>
      <trkpt lat="47.48767" lon="-121.25275">
        <ele>1137.88</ele>
      </trkpt>
      <trkpt lat="47.4878" lon="-121.25278">
        <ele>1137.1</ele>
      </trkpt>
      <trkpt lat="47.48783" lon="-121.25278">
        <ele>1137.42</ele>
      </trkpt>
      <trkpt lat="47.48788" lon="-121.25275">
        <ele>1139.83</ele>
      </trkpt>
      <trkpt lat="47.48791" lon="-121.25271">
        <ele>1142.71</ele>
      </trkpt>
      <trkpt lat="47.48795" lon="-121.2526">
        <ele>1149.59</ele>
      </trkpt>
      <trkpt lat="47.488" lon="-121.25256">
        <ele>1151.97</ele>
      </trkpt>
      <trkpt lat="47.48801" lon="-121.25256">
        <ele>1151.93</ele>
      </trkpt>
      <trkpt lat="47.4881" lon="-121.25261">
        <ele>1148.39</ele>
      </trkpt>
      <trkpt lat="47.48816" lon="-121.25261">
        <ele>1147.72</ele>
      </trkpt>
      <trkpt lat="47.48817" lon="-121.25262">
        <ele>1146.92</ele>
      </trkpt>
      <trkpt lat="47.48823" lon="-121.25276">
        <ele>1135.58</ele>
      </trkpt>
      <trkpt lat="47.48828" lon="-121.25282">
        <ele>1129.99</ele>
      </trkpt>
      <trkpt lat="47.48833" lon="-121.25282">
        <ele>1128.37</ele>
      </trkpt>
      <trkpt lat="47.48836" lon="-121.25282">
        <ele>1128.81</ele>
      </trkpt>
      <trkpt lat="47.48845" lon="-121.25274">
        <ele>1135.49</ele>
      </trkpt>
      <trkpt lat="47.4885" lon="-121.25272">
        <ele>1139.42</ele>
      </trkpt>
      <trkpt lat="47.48858" lon="-121.25281">
        <ele>1137.59</ele>
      </trkpt>
      <trkpt lat="47.48862" lon="-121.25289">
        <ele>1133.44</ele>
      </trkpt>
      <trkpt lat="47.48865" lon="-121.25292">
        <ele>1131.05</ele>
      </trkpt>
      <trkpt lat="47.48873" lon="-121.25294">
        <ele>1128.42</ele>
      </trkpt>
      <trkpt lat="47.48877" lon="-121.25297">
        <ele>1124.66</ele>
      </trkpt>
      <trkpt lat="47.4888" lon="-121.25302">
        <ele>1120.25</ele>
      </trkpt>
      <trkpt lat="47.48887" lon="-121.25307">
        <ele>1116.64</ele>
      </trkpt>
      <trkpt lat="47.48889" lon="-121.25308">
        <ele>1116.26</ele>
      </trkpt>
      <trkpt lat="47.48902" lon="-121.25308">
        <ele>1123.22</ele>
      </trkpt>
      <trkpt lat="47.48905" lon="-121.25309">
        <ele>1124.4</ele>
      </trkpt>
      <trkpt lat="47.4892" lon="-121.25322">
        <ele>1122.14</ele>
      </trkpt>
      <trkpt lat="47.48935" lon="-121.25325">
        <ele>1121.4</ele>
      </trkpt>
      <trkpt lat="47.48937" lon="-121.2533">
        <ele>1117.57</ele>
      </trkpt>
      <trkpt lat="47.48943" lon="-121.25337">
        <ele>1111.43</ele>
      </trkpt>
      <trkpt lat="47.48951" lon="-121.25342">
        <ele>1110.4</ele>
      </trkpt>
      <trkpt lat="47.48967" lon="-121.25344">
        <ele>1118.51</ele>
      </trkpt>
      <trkpt lat="47.48974" lon="-121.25347">
        <ele>1120.58</ele>
      </trkpt>
      <trkpt lat="47.48994" lon="-121.25369">
        <ele>1115.09</ele>
      </trkpt>
      <trkpt lat="47.48999" lon="-121.25377">
        <ele>1111.95</ele>
      </trkpt>
      <trkpt lat="47.49008" lon="-121.25387">
        <ele>1110.41</ele>
      </trkpt>
      <trkpt lat="47.49013" lon="-121.25396">
        <ele>1108.54</ele>
      </trkpt>
      <trkpt lat="47.49016" lon="-121.25408">
        <ele>1103.93</ele>
      </trkpt>
      <trkpt lat="47.49019" lon="-121.25419">
        <ele>1100.08</ele>
      </trkpt>
      <trkpt lat="47.49023" lon="-121.25421">
        <ele>1099.87</ele>
      </trkpt>
      <trkpt lat="47.49034" lon="-121.25421">
        <ele>1102.68</ele>
      </trkpt>
      <trkpt lat="47.49049" lon="-121.25417">
        <ele>1107.12</ele>
      </trkpt>
      <trkpt lat="47.49059" lon="-121.25417">
        <ele>1108.63</ele>
      </trkpt>
      <trkpt lat="47.49063" lon="-121.2542">
        <ele>1108.75</ele>
      </trkpt>
      <trkpt lat="47.49066" lon="-121.25425">
        <ele>1108.74</ele>
      </trkpt>
      <trkpt lat="47.4908" lon="-121.25465">
        <ele>1097.98</ele>
      </trkpt>
      <trkpt lat="47.49087" lon="-121.25477">
        <ele>1095.24</ele>
      </trkpt>
      <trkpt lat="47.49091" lon="-121.25481">
        <ele>1094.81</ele>
      </trkpt>
      <trkpt lat="47.49092" lon="-121.25481">
        <ele>1095.03</ele>
      </trkpt>
      <trkpt lat="47.49097" lon="-121.25481">
        <ele>1097.06</ele>
      </trkpt>
      <trkpt lat="47.49101" lon="-121.25478">
        <ele>1099.76</ele>
      </trkpt>
      <trkpt lat="47.49105" lon="-121.25472">
        <ele>1103.43</ele>
      </trkpt>
      <trkpt lat="47.49108" lon="-121.25473">
        <ele>1104.4</ele>
      </trkpt>
      <trkpt lat="47.49111" lon="-121.25479">
        <ele>1103.76</ele>
      </trkpt>
      <trkpt lat="47.49127" lon="-121.25483">
        <ele>1108.33</ele>
      </trkpt>
      <trkpt lat="47.49134" lon="-121.25491">
        <ele>1108.8</ele>
      </trkpt>
      <trkpt lat="47.49138" lon="-121.25495">
        <ele>1109.24</ele>
      </trkpt>
      <trkpt lat="47.49156" lon="-121.255">
        <ele>1113.54</ele>
      </trkpt>
      <trkpt lat="47.49165" lon="-121.2551">
        <ele>1111.32</ele>
      </trkpt>
      <trkpt lat="47.49168" lon="-121.25519">
        <ele>1108.22</ele>
      </trkpt>
      <trkpt lat="47.49179" lon="-121.25541">
        <ele>1100.62</ele>
      </trkpt>
      <trkpt lat="47.49188" lon="-121.25551">
        <ele>1097.12</ele>
      </trkpt>
      <trkpt lat="47.49191" lon="-121.25557">
        <ele>1095.16</ele>
      </trkpt>
      <trkpt lat="47.49197" lon="-121.2557">
        <ele>1091.87</ele>
      </trkpt>
      <trkpt lat="47.49201" lon="-121.25574">
        <ele>1091.44</ele>
      </trkpt>
      <trkpt lat="47.49206" lon="-121.25575">
        <ele>1092.44</ele>
      </trkpt>
      <trkpt lat="47.49211" lon="-121.25584">
        <ele>1091.15</ele>
      </trkpt>
      <trkpt lat="47.49224" lon="-121.25601">
        <ele>1090.59</ele>
      </trkpt>
      <trkpt lat="47.49232" lon="-121.25607">
        <ele>1091.02</ele>
      </trkpt>
      <trkpt lat="47.49247" lon="-121.25622">
        <ele>1090.82</ele>
      </trkpt>
      <trkpt lat="47.49261" lon="-121.25633">
        <ele>1087.84</ele>
      </trkpt>
      <trkpt lat="47.49269" lon="-121.25636">
        <ele>1086.25</ele>
      </trkpt>
      <trkpt lat="47.49275" lon="-121.25639">
        <ele>1084.98</ele>
      </trkpt>
      <trkpt lat="47.49284" lon="-121.2565">
        <ele>1084.95</ele>
      </trkpt>
      <trkpt lat="47.49292" lon="-121.25664">
        <ele>1087.76</ele>
      </trkpt>
      <trkpt lat="47.493" lon="-121.25683">
        <ele>1087.58</ele>
      </trkpt>
      <trkpt lat="47.49303" lon="-121.25691">
        <ele>1087.09</ele>
      </trkpt>
      <trkpt lat="47.49322" lon="-121.25722">
        <ele>1084.84</ele>
      </trkpt>
      <trkpt lat="47.49325" lon="-121.25731">
        <ele>1083.3</ele>
      </trkpt>
      <trkpt lat="47.49327" lon="-121.25751">
        <ele>1078.62</ele>
      </trkpt>
      <trkpt lat="47.49333" lon="-121.25782">
        <ele>1073.98</ele>
      </trkpt>
      <trkpt lat="47.49334" lon="-121.25786">
        <ele>1073.38</ele>
      </trkpt>
      <trkpt lat="47.49338" lon="-121.25792">
        <ele>1072.94</ele>
      </trkpt>
      <trkpt lat="47.49346" lon="-121.25799">
        <ele>1073.15</ele>
      </trkpt>
      <trkpt lat="47.49368" lon="-121.25825">
        <ele>1070.44</ele>
      </trkpt>
      <trkpt lat="47.49371" lon="-121.25827">
        <ele>1070.19</ele>
      </trkpt>
      <trkpt lat="47.49375" lon="-121.25834">
        <ele>1068.82</ele>
      </trkpt>
      <trkpt lat="47.49391" lon="-121.2585">
        <ele>1067.47</ele>
      </trkpt>
      <trkpt lat="47.49404" lon="-121.25861">
        <ele>1069.56</ele>
      </trkpt>
      <trkpt lat="47.49418" lon="-121.25876">
        <ele>1071.61</ele>
      </trkpt>
      <trkpt lat="47.49426" lon="-121.25882">
        <ele>1072.25</ele>
      </trkpt>
      <trkpt lat="47.49435" lon="-121.25891">
        <ele>1072.26</ele>
      </trkpt>
      <trkpt lat="47.49438" lon="-121.25896">
        <ele>1071.3</ele>
      </trkpt>
      <trkpt lat="47.49434" lon="-121.25898">
        <ele>1069.66</ele>
      </trkpt>
      <trkpt lat="47.49427" lon="-121.25894">
        <ele>1068.69</ele>
      </trkpt>
      <trkpt lat="47.494" lon="-121.25895">
        <ele>1060.15</ele>
      </trkpt>
      <trkpt lat="47.49392" lon="-121.25887">
        <ele>1059.42</ele>
      </trkpt>
      <trkpt lat="47.49384" lon="-121.25885">
        <ele>1057.78</ele>
      </trkpt>
      <trkpt lat="47.49377" lon="-121.25884">
        <ele>1056.49</ele>
      </trkpt>
      <trkpt lat="47.49367" lon="-121.25879">
        <ele>1055.77</ele>
      </trkpt>
      <trkpt lat="47.49359" lon="-121.25878">
        <ele>1055.12</ele>
      </trkpt>
      <trkpt lat="47.49352" lon="-121.25876">
        <ele>1054.8</ele>
      </trkpt>
      <trkpt lat="47.49325" lon="-121.25865">
        <ele>1052.94</ele>
      </trkpt>
      <trkpt lat="47.49301" lon="-121.25857">
        <ele>1048.9</ele>
      </trkpt>
      <trkpt lat="47.49292" lon="-121.25852">
        <ele>1048.05</ele>
      </trkpt>
      <trkpt lat="47.49287" lon="-121.25851">
        <ele>1047.18</ele>
      </trkpt>
      <trkpt lat="47.49284" lon="-121.25848">
        <ele>1047.5</ele>
      </trkpt>
      <trkpt lat="47.4928" lon="-121.25838">
        <ele>1049.23</ele>
      </trkpt>
      <trkpt lat="47.49277" lon="-121.25832">
        <ele>1050.2</ele>
      </trkpt>
      <trkpt lat="47.49268" lon="-121.25808">
        <ele>1054.37</ele>
      </trkpt>
      <trkpt lat="47.49264" lon="-121.25803">
        <ele>1054.58</ele>
      </trkpt>
      <trkpt lat="47.49261" lon="-121.25802">
        <ele>1054.14</ele>
      </trkpt>
      <trkpt lat="47.49265" lon="-121.25821">
        <ele>1051.28</ele>
      </trkpt>
      <trkpt lat="47.49266" lon="-121.25832">
        <ele>1049.02</ele>
      </trkpt>
      <trkpt lat="47.49286" lon="-121.2588">
        <ele>1042.7</ele>
      </trkpt>
      <trkpt lat="47.49302" lon="-121.25906">
        <ele>1040.86</ele>
      </trkpt>
      <trkpt lat="47.49308" lon="-121.2592">
        <ele>1039.9</ele>
      </trkpt>
      <trkpt lat="47.49312" lon="-121.25924">
        <ele>1039.9</ele>
      </trkpt>
      <trkpt lat="47.49319" lon="-121.25941">
        <ele>1037.82</ele>
      </trkpt>
      <trkpt lat="47.49327" lon="-121.25952">
        <ele>1036.63</ele>
      </trkpt>
      <trkpt lat="47.49338" lon="-121.25972">
        <ele>1033.55</ele>
      </trkpt>
      <trkpt lat="47.4934" lon="-121.25986">
        <ele>1031.46</ele>
      </trkpt>
      <trkpt lat="47.49342" lon="-121.25992">
        <ele>1030.74</ele>
      </trkpt>
      <trkpt lat="47.49344" lon="-121.26011">
        <ele>1029.09</ele>
      </trkpt>
      <trkpt lat="47.49345" lon="-121.26032">
        <ele>1026.8</ele>
      </trkpt>
      <trkpt lat="47.49342" lon="-121.26037">
        <ele>1025.94</ele>
      </trkpt>
      <trkpt lat="47.49337" lon="-121.26037">
        <ele>1025.4</ele>
      </trkpt>
      <trkpt lat="47.49318" lon="-121.26023">
        <ele>1023.86</ele>
      </trkpt>
      <trkpt lat="47.49314" lon="-121.26023">
        <ele>1023.47</ele>
      </trkpt>
      <trkpt lat="47.49306" lon="-121.26018">
        <ele>1023.1</ele>
      </trkpt>
      <trkpt lat="47.49297" lon="-121.26019">
        <ele>1022.95</ele>
      </trkpt>
      <trkpt lat="47.49288" lon="-121.26014">
        <ele>1022.59</ele>
      </trkpt>
      <trkpt lat="47.49285" lon="-121.26011">
        <ele>1022.81</ele>
      </trkpt>
      <trkpt lat="47.49273" lon="-121.26002">
        <ele>1023.27</ele>
      </trkpt>
      <trkpt lat="47.49263" lon="-121.25998">
        <ele>1022.62</ele>
      </trkpt>
      <trkpt lat="47.49258" lon="-121.25998">
        <ele>1022.08</ele>
      </trkpt>
      <trkpt lat="47.49254" lon="-121.25997">
        <ele>1021.76</ele>
      </trkpt>
      <trkpt lat="47.49244" lon="-121.25989">
        <ele>1021.42</ele>
      </trkpt>
      <trkpt lat="47.49238" lon="-121.25983">
        <ele>1020.66</ele>
      </trkpt>
      <trkpt lat="47.49234" lon="-121.25976">
        <ele>1020.86</ele>
      </trkpt>
      <trkpt lat="47.49227" lon="-121.25969">
        <ele>1020.86</ele>
      </trkpt>
      <trkpt lat="47.49225" lon="-121.25965">
        <ele>1021.08</ele>
      </trkpt>
      <trkpt lat="47.49218" lon="-121.25958">
        <ele>1021.08</ele>
      </trkpt>
      <trkpt lat="47.49215" lon="-121.25955">
        <ele>1021.08</ele>
      </trkpt>
      <trkpt lat="47.49202" lon="-121.25943">
        <ele>1020.97</ele>
      </trkpt>
      <trkpt lat="47.49189" lon="-121.25937">
        <ele>1020.22</ele>
      </trkpt>
      <trkpt lat="47.49186" lon="-121.25937">
        <ele>1019.89</ele>
      </trkpt>
      <trkpt lat="47.49149" lon="-121.25919">
        <ele>1017.84</ele>
      </trkpt>
      <trkpt lat="47.49141" lon="-121.25917">
        <ele>1017.19</ele>
      </trkpt>
      <trkpt lat="47.4913" lon="-121.25916">
        <ele>1016.11</ele>
      </trkpt>
      <trkpt lat="47.49125" lon="-121.25915">
        <ele>1015.68</ele>
      </trkpt>
      <trkpt lat="47.49099" lon="-121.25895">
        <ele>1013.69</ele>
      </trkpt>
      <trkpt lat="47.4908" lon="-121.25884">
        <ele>1012.64</ele>
      </trkpt>
      <trkpt lat="47.49066" lon="-121.25875">
        <ele>1012.0</ele>
      </trkpt>
      <trkpt lat="47.49062" lon="-121.25871">
        <ele>1011.7</ele>
      </trkpt>
      <trkpt lat="47.49058" lon="-121.25865">
        <ele>1011.26</ele>
      </trkpt>
      <trkpt lat="47.49051" lon="-121.25859">
        <ele>1011.23</ele>
      </trkpt>
      <trkpt lat="47.49048" lon="-121.25858">
        <ele>1011.34</ele>
      </trkpt>
      <trkpt lat="47.49036" lon="-121.25859">
        <ele>1011.2</ele>
      </trkpt>
      <trkpt lat="47.49031" lon="-121.25855">
        <ele>1011.23</ele>
      </trkpt>
      <trkpt lat="47.49018" lon="-121.25839">
        <ele>1011.97</ele>
      </trkpt>
      <trkpt lat="47.49013" lon="-121.25834">
        <ele>1011.96</ele>
      </trkpt>
      <trkpt lat="47.49006" lon="-121.25832">
        <ele>1011.7</ele>
      </trkpt>
      <trkpt lat="47.49005" lon="-121.2583">
        <ele>1011.71</ele>
      </trkpt>
      <trkpt lat="47.48988" lon="-121.25822">
        <ele>1011.16</ele>
      </trkpt>
      <trkpt lat="47.48982" lon="-121.2582">
        <ele>1011.02</ele>
      </trkpt>
      <trkpt lat="47.48956" lon="-121.25804">
        <ele>1010.17</ele>
      </trkpt>
      <trkpt lat="47.48943" lon="-121.258">
        <ele>1009.44</ele>
      </trkpt>
      <trkpt lat="47.48925" lon="-121.25788">
        <ele>1008.9</ele>
      </trkpt>
      <trkpt lat="47.48917" lon="-121.25793">
        <ele>1008.36</ele>
      </trkpt>
      <trkpt lat="47.4889" lon="-121.25811">
        <ele>1003.53</ele>
      </trkpt>
      <trkpt lat="47.48883" lon="-121.25814">
        <ele>1002.45</ele>
      </trkpt>
      <trkpt lat="47.48871" lon="-121.25815">
        <ele>1001.07</ele>
      </trkpt>
      <trkpt lat="47.48854" lon="-121.25822">
        <ele>1000.05</ele>
      </trkpt>
      <trkpt lat="47.4884" lon="-121.25837">
        <ele>999.72</ele>
      </trkpt>
      <trkpt lat="47.48835" lon="-121.25839">
        <ele>999.18</ele>
      </trkpt>
      <trkpt lat="47.48822" lon="-121.2584">
        <ele>999.0</ele>
      </trkpt>
      <trkpt lat="47.48804" lon="-121.25836">
        <ele>999.0</ele>
      </trkpt>
      <trkpt lat="47.48788" lon="-121.25837">
        <ele>998.1</ele>
      </trkpt>
      <trkpt lat="47.48766" lon="-121.25843">
        <ele>997.73</ele>
      </trkpt>
      <trkpt lat="47.48743" lon="-121.25842">
        <ele>997.0</ele>
      </trkpt>
      <trkpt lat="47.48733" lon="-121.25837">
        <ele>997.0</ele>
      </trkpt>
      <trkpt lat="47.48726" lon="-121.25832">
        <ele>996.49</ele>
      </trkpt>
      <trkpt lat="47.48709" lon="-121.25815">
        <ele>996.56</ele>
      </trkpt>
      <trkpt lat="47.4869" lon="-121.25791">
        <ele>996.3</ele>
      </trkpt>
      <trkpt lat="47.48683" lon="-121.25787">
        <ele>996.0</ele>
      </trkpt>
      <trkpt lat="47.48676" lon="-121.25788">
        <ele>996.0</ele>
      </trkpt>
      <trkpt lat="47.48673" lon="-121.2579">
        <ele>995.9</ele>
      </trkpt>
      <trkpt lat="47.48664" lon="-121.25802">
        <ele>995.0</ele>
      </trkpt>
      <trkpt lat="47.48662" lon="-121.25807">
        <ele>995.0</ele>
      </trkpt>
      <trkpt lat="47.48657" lon="-121.25813">
        <ele>994.96</ele>
      </trkpt>
      <trkpt lat="47.48646" lon="-121.25833">
        <ele>994.0</ele>
      </trkpt>
      <trkpt lat="47.48631" lon="-121.25851">
        <ele>993.0</ele>
      </trkpt>
      <trkpt lat="47.48624" lon="-121.25863">
        <ele>992.0</ele>
      </trkpt>
      <trkpt lat="47.48613" lon="-121.25873">
        <ele>991.77</ele>
      </trkpt>
      <trkpt lat="47.48605" lon="-121.25879">
        <ele>991.02</ele>
      </trkpt>
      <trkpt lat="47.48597" lon="-121.25883">
        <ele>991.0</ele>
      </trkpt>
      <trkpt lat="47.48577" lon="-121.25882">
        <ele>990.24</ele>
      </trkpt>
      <trkpt lat="47.48576" lon="-121.25883">
        <ele>990.13</ele>
      </trkpt>
      <trkpt lat="47.48573" lon="-121.25889">
        <ele>990.0</ele>
      </trkpt>
      <trkpt lat="47.48571" lon="-121.25891">
        <ele>990.0</ele>
      </trkpt>
      <trkpt lat="47.48561" lon="-121.2589">
        <ele>990.0</ele>
      </trkpt>
      <trkpt lat="47.48557" lon="-121.25891">
        <ele>990.0</ele>
      </trkpt>
      <trkpt lat="47.48549" lon="-121.25897">
        <ele>989.38</ele>
      </trkpt>
      <trkpt lat="47.48531" lon="-121.25917">
        <ele>988.0</ele>
      </trkpt>
      <trkpt lat="47.48528" lon="-121.2592">
        <ele>988.0</ele>
      </trkpt>
      <trkpt lat="47.48523" lon="-121.25922">
        <ele>987.7</ele>
      </trkpt>
      <trkpt lat="47.48509" lon="-121.25924">
        <ele>987.2</ele>
      </trkpt>
      <trkpt lat="47.48503" lon="-121.25926">
        <ele>986.99</ele>
      </trkpt>
      <trkpt lat="47.48494" lon="-121.25932">
        <ele>986.34</ele>
      </trkpt>
      <trkpt lat="47.48485" lon="-121.25949">
        <ele>985.51</ele>
      </trkpt>
      <trkpt lat="47.48469" lon="-121.25962">
        <ele>984.69</ele>
      </trkpt>
      <trkpt lat="47.48462" lon="-121.25977">
        <ele>983.95</ele>
      </trkpt>
      <trkpt lat="47.48459" lon="-121.2598">
        <ele>983.64</ele>
      </trkpt>
      <trkpt lat="47.48453" lon="-121.25978">
        <ele>983.38</ele>
      </trkpt>
      <trkpt lat="47.48452" lon="-121.25974">
        <ele>983.81</ele>
      </trkpt>
      <trkpt lat="47.48451" lon="-121.25966">
        <ele>984.0</ele>
      </trkpt>
      <trkpt lat="47.48447" lon="-121.2596">
        <ele>984.0</ele>
      </trkpt>
      <trkpt lat="47.48434" lon="-121.25949">
        <ele>983.94</ele>
      </trkpt>
      <trkpt lat="47.48426" lon="-121.25936">
        <ele>984.0</ele>
      </trkpt>
      <trkpt lat="47.4842" lon="-121.25931">
        <ele>984.0</ele>
      </trkpt>
      <trkpt lat="47.48416" lon="-121.25932">
        <ele>983.95</ele>
      </trkpt>
      <trkpt lat="47.48411" lon="-121.25941">
        <ele>983.14</ele>
      </trkpt>
      <trkpt lat="47.48408" lon="-121.25945">
        <ele>983.0</ele>
      </trkpt>
      <trkpt lat="47.484" lon="-121.25948">
        <ele>982.69</ele>
      </trkpt>
      <trkpt lat="47.48396" lon="-121.25951">
        <ele>982.22</ele>
      </trkpt>
      <trkpt lat="47.4837" lon="-121.25959">
        <ele>980.41</ele>
      </trkpt>
      <trkpt lat="47.48366" lon="-121.25957">
        <ele>980.34</ele>
      </trkpt>
      <trkpt lat="47.48361" lon="-121.25953">
        <ele>979.99</ele>
      </trkpt>
      <trkpt lat="47.48341" lon="-121.25939">
        <ele>978.83</ele>
      </trkpt>
      <trkpt lat="47.48334" lon="-121.25935">
        <ele>978.09</ele>
      </trkpt>
      <trkpt lat="47.48307" lon="-121.25933">
        <ele>977.12</ele>
      </trkpt>
      <trkpt lat="47.483" lon="-121.2593">
        <ele>977.0</ele>
      </trkpt>
      <trkpt lat="47.48296" lon="-121.25926">
        <ele>976.97</ele>
      </trkpt>
      <trkpt lat="47.48293" lon="-121.25922">
        <ele>976.37</ele>
      </trkpt>
      <trkpt lat="47.48288" lon="-121.25922">
        <ele>976.06</ele>
      </trkpt>
      <trkpt lat="47.48278" lon="-121.25932">
        <ele>977.65</ele>
      </trkpt>
      <trkpt lat="47.48275" lon="-121.25937">
        <ele>978.2</ele>
      </trkpt>
      <trkpt lat="47.48272" lon="-121.25938">
        <ele>978.3</ele>
      </trkpt>
      <trkpt lat="47.48261" lon="-121.25949">
        <ele>980.8</ele>
      </trkpt>
      <trkpt lat="47.48256" lon="-121.25952">
        <ele>981.98</ele>
      </trkpt>
      <trkpt lat="47.4825" lon="-121.25955">
        <ele>983.14</ele>
      </trkpt>
      <trkpt lat="47.48245" lon="-121.25955">
        <ele>983.68</ele>
      </trkpt>
      <trkpt lat="47.48239" lon="-121.2595">
        <ele>983.39</ele>
      </trkpt>
      <trkpt lat="47.48228" lon="-121.25947">
        <ele>984.3</ele>
      </trkpt>
      <trkpt lat="47.48219" lon="-121.25946">
        <ele>985.68</ele>
      </trkpt>
      <trkpt lat="47.48212" lon="-121.25943">
        <ele>985.9</ele>
      </trkpt>
      <trkpt lat="47.482" lon="-121.25931">
        <ele>985.44</ele>
      </trkpt>
      <trkpt lat="47.4819" lon="-121.25914">
        <ele>983.23</ele>
      </trkpt>
      <trkpt lat="47.48183" lon="-121.25908">
        <ele>983.6</ele>
      </trkpt>
      <trkpt lat="47.48178" lon="-121.25908">
        <ele>984.68</ele>
      </trkpt>
      <trkpt lat="47.48171" lon="-121.2591">
        <ele>986.62</ele>
      </trkpt>
      <trkpt lat="47.48163" lon="-121.2591">
        <ele>988.35</ele>
      </trkpt>
      <trkpt lat="47.48158" lon="-121.25909">
        <ele>989.22</ele>
      </trkpt>
      <trkpt lat="47.48147" lon="-121.25899">
        <ele>989.43</ele>
      </trkpt>
      <trkpt lat="47.48144" lon="-121.25898">
        <ele>989.87</ele>
      </trkpt>
      <trkpt lat="47.48142" lon="-121.25898">
        <ele>990.31</ele>
      </trkpt>
      <trkpt lat="47.4814" lon="-121.25901">
        <ele>991.38</ele>
      </trkpt>
      <trkpt lat="47.48134" lon="-121.2591">
        <ele>993.81</ele>
      </trkpt>
      <trkpt lat="47.48132" lon="-121.25911">
        <ele>994.13</ele>
      </trkpt>
      <trkpt lat="47.48129" lon="-121.25908">
        <ele>994.13</ele>
      </trkpt>
      <trkpt lat="47.48128" lon="-121.25903">
        <ele>993.22</ele>
      </trkpt>
      <trkpt lat="47.48127" lon="-121.25902">
        <ele>993.12</ele>
      </trkpt>
      <trkpt lat="47.48124" lon="-121.25899">
        <ele>992.79</ele>
      </trkpt>
      <trkpt lat="47.48117" lon="-121.25899">
        <ele>993.51</ele>
      </trkpt>
      <trkpt lat="47.48107" lon="-121.25895">
        <ele>993.66</ele>
      </trkpt>
      <trkpt lat="47.48098" lon="-121.25888">
        <ele>992.9</ele>
      </trkpt>
      <trkpt lat="47.48086" lon="-121.25873">
        <ele>992.0</ele>
      </trkpt>
      <trkpt lat="47.48079" lon="-121.25871">
        <ele>992.0</ele>
      </trkpt>
      <trkpt lat="47.48063" lon="-121.25872">
        <ele>991.0</ele>
      </trkpt>
      <trkpt lat="47.48054" lon="-121.25869">
        <ele>990.66</ele>
      </trkpt>
      <trkpt lat="47.48051" lon="-121.2587">
        <ele>990.02</ele>
      </trkpt>
      <trkpt lat="47.48049" lon="-121.25871">
        <ele>989.58</ele>
      </trkpt>
      <trkpt lat="47.48047" lon="-121.25875">
        <ele>989.15</ele>
      </trkpt>
      <trkpt lat="47.48043" lon="-121.2589">
        <ele>988.25</ele>
      </trkpt>
      <trkpt lat="47.48041" lon="-121.25899">
        <ele>987.28</ele>
      </trkpt>
      <trkpt lat="47.48041" lon="-121.25908">
        <ele>987.26</ele>
      </trkpt>
      <trkpt lat="47.48046" lon="-121.25937">
        <ele>986.93</ele>
      </trkpt>
      <trkpt lat="47.48057" lon="-121.25969">
        <ele>987.21</ele>
      </trkpt>
      <trkpt lat="47.48059" lon="-121.25991">
        <ele>986.37</ele>
      </trkpt>
      <trkpt lat="47.48059" lon="-121.25998">
        <ele>986.37</ele>
      </trkpt>
      <trkpt lat="47.48057" lon="-121.26002">
        <ele>986.16</ele>
      </trkpt>
      <trkpt lat="47.48052" lon="-121.26007">
        <ele>985.52</ele>
      </trkpt>
      <trkpt lat="47.48049" lon="-121.26009">
        <ele>985.27</ele>
      </trkpt>
      <trkpt lat="47.48044" lon="-121.26009">
        <ele>984.72</ele>
      </trkpt>
      <trkpt lat="47.48041" lon="-121.26007">
        <ele>984.18</ele>
      </trkpt>
      <trkpt lat="47.48039" lon="-121.26002">
        <ele>983.43</ele>
      </trkpt>
      <trkpt lat="47.48035" lon="-121.26">
        <ele>982.78</ele>
      </trkpt>
      <trkpt lat="47.48033" lon="-121.26">
        <ele>982.56</ele>
      </trkpt>
      <trkpt lat="47.4803" lon="-121.26002">
        <ele>982.29</ele>
      </trkpt>
      <trkpt lat="47.48027" lon="-121.2601">
        <ele>982.0</ele>
      </trkpt>
      <trkpt lat="47.48023" lon="-121.26017">
        <ele>982.32</ele>
      </trkpt>
      <trkpt lat="47.48017" lon="-121.2602">
        <ele>982.0</ele>
      </trkpt>
      <trkpt lat="47.48007" lon="-121.26019">
        <ele>981.05</ele>
      </trkpt>
      <trkpt lat="47.48007" lon="-121.26019">
        <ele>981.05</ele>
      </trkpt>
      <trkpt lat="47.48005" lon="-121.26018">
        <ele>980.97</ele>
      </trkpt>
      <trkpt lat="47.48" lon="-121.26011">
        <ele>980.19</ele>
      </trkpt>
      <trkpt lat="47.47999" lon="-121.25996">
        <ele>978.57</ele>
      </trkpt>
      <trkpt lat="47.47997" lon="-121.25993">
        <ele>978.24</ele>
      </trkpt>
      <trkpt lat="47.47996" lon="-121.25991">
        <ele>978.03</ele>
      </trkpt>
      <trkpt lat="47.47991" lon="-121.2599">
        <ele>977.92</ele>
      </trkpt>
      <trkpt lat="47.47983" lon="-121.25995">
        <ele>978.08</ele>
      </trkpt>
      <trkpt lat="47.4798" lon="-121.26">
        <ele>978.0</ele>
      </trkpt>
      <trkpt lat="47.47968" lon="-121.26011">
        <ele>979.1</ele>
      </trkpt>
      <trkpt lat="47.47963" lon="-121.26014">
        <ele>979.0</ele>
      </trkpt>
      <trkpt lat="47.47956" lon="-121.26011">
        <ele>978.39</ele>
      </trkpt>
      <trkpt lat="47.4795" lon="-121.26006">
        <ele>977.39</ele>
      </trkpt>
      <trkpt lat="47.47946" lon="-121.26006">
        <ele>977.11</ele>
      </trkpt>
      <trkpt lat="47.47944" lon="-121.26007">
        <ele>976.99</ele>
      </trkpt>
      <trkpt lat="47.47942" lon="-121.26008">
        <ele>976.96</ele>
      </trkpt>
      <trkpt lat="47.4794" lon="-121.26011">
        <ele>977.1</ele>
      </trkpt>
      <trkpt lat="47.47931" lon="-121.26042">
        <ele>978.08</ele>
      </trkpt>
      <trkpt lat="47.4793" lon="-121.26049">
        <ele>978.44</ele>
      </trkpt>
      <trkpt lat="47.47928" lon="-121.26056">
        <ele>978.27</ele>
      </trkpt>
      <trkpt lat="47.47912" lon="-121.26076">
        <ele>977.6</ele>
      </trkpt>
      <trkpt lat="47.47904" lon="-121.26081">
        <ele>976.63</ele>
      </trkpt>
      <trkpt lat="47.47894" lon="-121.26083">
        <ele>975.98</ele>
      </trkpt>
      <trkpt lat="47.47878" lon="-121.26103">
        <ele>976.12</ele>
      </trkpt>
      <trkpt lat="47.47867" lon="-121.26109">
        <ele>976.85</ele>
      </trkpt>
      <trkpt lat="47.4786" lon="-121.2611">
        <ele>977.11</ele>
      </trkpt>
      <trkpt lat="47.47849" lon="-121.26102">
        <ele>977.32</ele>
      </trkpt>
      <trkpt lat="47.47842" lon="-121.26098">
        <ele>977.58</ele>
      </trkpt>
      <trkpt lat="47.47834" lon="-121.26096">
        <ele>977.37</ele>
      </trkpt>
      <trkpt lat="47.47827" lon="-121.26091">
        <ele>977.51</ele>
      </trkpt>
      <trkpt lat="47.4782" lon="-121.26091">
        <ele>977.83</ele>
      </trkpt>
      <trkpt lat="47.47815" lon="-121.26089">
        <ele>977.61</ele>
      </trkpt>
      <trkpt lat="47.4781" lon="-121.26089">
        <ele>977.61</ele>
      </trkpt>
      <trkpt lat="47.47805" lon="-121.26091">
        <ele>977.83</ele>
      </trkpt>
      <trkpt lat="47.47795" lon="-121.26101">
        <ele>978.91</ele>
      </trkpt>
      <trkpt lat="47.47788" lon="-121.26105">
        <ele>979.34</ele>
      </trkpt>
      <trkpt lat="47.47785" lon="-121.26109">
        <ele>979.55</ele>
      </trkpt>
      <trkpt lat="47.47781" lon="-121.26117">
        <ele>979.76</ele>
      </trkpt>
      <trkpt lat="47.47776" lon="-121.26121">
        <ele>979.88</ele>
      </trkpt>
      <trkpt lat="47.47756" lon="-121.26126">
        <ele>978.65</ele>
      </trkpt>
      <trkpt lat="47.47747" lon="-121.26129">
        <ele>977.68</ele>
      </trkpt>
      <trkpt lat="47.47745" lon="-121.26134">
        <ele>977.93</ele>
      </trkpt>
      <trkpt lat="47.47744" lon="-121.26141">
        <ele>978.35</ele>
      </trkpt>
      <trkpt lat="47.47744" lon="-121.26148">
        <ele>978.35</ele>
      </trkpt>
      <trkpt lat="47.47747" lon="-121.26158">
        <ele>979.68</ele>
      </trkpt>
      <trkpt lat="47.47746" lon="-121.2616">
        <ele>979.57</ele>
      </trkpt>
      <trkpt lat="47.47744" lon="-121.26167">
        <ele>979.36</ele>
      </trkpt>
      <trkpt lat="47.47742" lon="-121.26169">
        <ele>979.17</ele>
      </trkpt>
      <trkpt lat="47.47737" lon="-121.26171">
        <ele>978.38</ele>
      </trkpt>
      <trkpt lat="47.4773" lon="-121.26171">
        <ele>977.23</ele>
      </trkpt>
      <trkpt lat="47.47727" lon="-121.26174">
        <ele>976.92</ele>
      </trkpt>
      <trkpt lat="47.47724" lon="-121.2618">
        <ele>976.38</ele>
      </trkpt>
      <trkpt lat="47.47723" lon="-121.26181">
        <ele>976.17</ele>
      </trkpt>
      <trkpt lat="47.47714" lon="-121.26178">
        <ele>975.11</ele>
      </trkpt>
      <trkpt lat="47.47709" lon="-121.2617">
        <ele>974.57</ele>
      </trkpt>
      <trkpt lat="47.47706" lon="-121.26169">
        <ele>974.25</ele>
      </trkpt>
      <trkpt lat="47.47699" lon="-121.26174">
        <ele>973.49</ele>
      </trkpt>
      <trkpt lat="47.47693" lon="-121.26175">
        <ele>972.84</ele>
      </trkpt>
      <trkpt lat="47.47677" lon="-121.26176">
        <ele>972.01</ele>
      </trkpt>
      <trkpt lat="47.47674" lon="-121.26174">
        <ele>972.37</ele>
      </trkpt>
      <trkpt lat="47.4767" lon="-121.26173">
        <ele>973.08</ele>
      </trkpt>
      <trkpt lat="47.47661" lon="-121.26182">
        <ele>975.22</ele>
      </trkpt>
      <trkpt lat="47.47657" lon="-121.26184">
        <ele>976.13</ele>
      </trkpt>
      <trkpt lat="47.47651" lon="-121.26181">
        <ele>978.08</ele>
      </trkpt>
      <trkpt lat="47.47623" lon="-121.26153">
        <ele>986.52</ele>
      </trkpt>
      <trkpt lat="47.47617" lon="-121.26142">
        <ele>987.67</ele>
      </trkpt>
      <trkpt lat="47.47613" lon="-121.26134">
        <ele>988.76</ele>
      </trkpt>
      <trkpt lat="47.47602" lon="-121.26121">
        <ele>990.02</ele>
      </trkpt>
      <trkpt lat="47.47602" lon="-121.26113">
        <ele>989.16</ele>
      </trkpt>
      <trkpt lat="47.47598" lon="-121.26101">
        <ele>988.12</ele>
      </trkpt>
      <trkpt lat="47.47592" lon="-121.26088">
        <ele>987.66</ele>
      </trkpt>
      <trkpt lat="47.47575" lon="-121.26072">
        <ele>989.55</ele>
      </trkpt>
      <trkpt lat="47.4756" lon="-121.26059">
        <ele>991.41</ele>
      </trkpt>
      <trkpt lat="47.47551" lon="-121.26049">
        <ele>991.92</ele>
      </trkpt>
      <trkpt lat="47.47541" lon="-121.2604">
        <ele>993.74</ele>
      </trkpt>
      <trkpt lat="47.47537" lon="-121.2603">
        <ele>994.25</ele>
      </trkpt>
      <trkpt lat="47.47535" lon="-121.2602">
        <ele>993.82</ele>
      </trkpt>
      <trkpt lat="47.47528" lon="-121.26">
        <ele>993.95</ele>
      </trkpt>
      <trkpt lat="47.47521" lon="-121.25991">
        <ele>995.48</ele>
      </trkpt>
      <trkpt lat="47.47516" lon="-121.25982">
        <ele>996.54</ele>
      </trkpt>
      <trkpt lat="47.47514" lon="-121.25963">
        <ele>995.98</ele>
      </trkpt>
      <trkpt lat="47.4751" lon="-121.25958">
        <ele>996.3</ele>
      </trkpt>
      <trkpt lat="47.47505" lon="-121.25956">
        <ele>997.17</ele>
      </trkpt>
      <trkpt lat="47.47501" lon="-121.25952">
        <ele>997.78</ele>
      </trkpt>
      <trkpt lat="47.47499" lon="-121.25947">
        <ele>998.22</ele>
      </trkpt>
      <trkpt lat="47.47497" lon="-121.25941">
        <ele>998.28</ele>
      </trkpt>
      <trkpt lat="47.47497" lon="-121.25926">
        <ele>996.66</ele>
      </trkpt>
      <trkpt lat="47.47492" lon="-121.25908">
        <ele>996.74</ele>
      </trkpt>
      <trkpt lat="47.47482" lon="-121.25891">
        <ele>997.12</ele>
      </trkpt>
      <trkpt lat="47.47476" lon="-121.25884">
        <ele>997.66</ele>
      </trkpt>
      <trkpt lat="47.4744" lon="-121.2586">
        <ele>1001.84</ele>
      </trkpt>
      <trkpt lat="47.47433" lon="-121.25854">
        <ele>1002.7</ele>
      </trkpt>
      <trkpt lat="47.47426" lon="-121.25844">
        <ele>1003.14</ele>
      </trkpt>
      <trkpt lat="47.47419" lon="-121.25822">
        <ele>1001.27</ele>
      </trkpt>
      <trkpt lat="47.47419" lon="-121.25815">
        <ele>1000.52</ele>
      </trkpt>
      <trkpt lat="47.47416" lon="-121.25809">
        <ele>1000.52</ele>
      </trkpt>
      <trkpt lat="47.47398" lon="-121.258">
        <ele>1002.84</ele>
      </trkpt>
      <trkpt lat="47.47392" lon="-121.25794">
        <ele>1003.58</ele>
      </trkpt>
      <trkpt lat="47.47388" lon="-121.25786">
        <ele>1003.08</ele>
      </trkpt>
      <trkpt lat="47.4738" lon="-121.25772">
        <ele>1002.7</ele>
      </trkpt>
      <trkpt lat="47.47376" lon="-121.25769">
        <ele>1002.89</ele>
      </trkpt>
      <trkpt lat="47.47368" lon="-121.25768">
        <ele>1004.44</ele>
      </trkpt>
      <trkpt lat="47.47358" lon="-121.25778">
        <ele>1008.37</ele>
      </trkpt>
      <trkpt lat="47.47342" lon="-121.25779">
        <ele>1011.33</ele>
      </trkpt>
      <trkpt lat="47.47336" lon="-121.25778">
        <ele>1011.76</ele>
      </trkpt>
      <trkpt lat="47.47332" lon="-121.25775">
        <ele>1011.84</ele>
      </trkpt>
      <trkpt lat="47.47325" lon="-121.25768">
        <ele>1011.79</ele>
      </trkpt>
      <trkpt lat="47.47309" lon="-121.25756">
        <ele>1011.9</ele>
      </trkpt>
      <trkpt lat="47.47296" lon="-121.2575">
        <ele>1014.1</ele>
      </trkpt>
      <trkpt lat="47.47282" lon="-121.25738">
        <ele>1016.66</ele>
      </trkpt>
      <trkpt lat="47.47271" lon="-121.25732">
        <ele>1018.56</ele>
      </trkpt>
      <trkpt lat="47.47261" lon="-121.25725">
        <ele>1019.36</ele>
      </trkpt>
      <trkpt lat="47.4725" lon="-121.25716">
        <ele>1019.66</ele>
      </trkpt>
      <trkpt lat="47.47235" lon="-121.25705">
        <ele>1020.52</ele>
      </trkpt>
      <trkpt lat="47.47225" lon="-121.25698">
        <ele>1020.28</ele>
      </trkpt>
      <trkpt lat="47.47221" lon="-121.25691">
        <ele>1019.39</ele>
      </trkpt>
      <trkpt lat="47.47214" lon="-121.25683">
        <ele>1018.39</ele>
      </trkpt>
      <trkpt lat="47.47208" lon="-121.25679">
        <ele>1018.2</ele>
      </trkpt>
      <trkpt lat="47.47199" lon="-121.25678">
        <ele>1018.96</ele>
      </trkpt>
      <trkpt lat="47.4718" lon="-121.25679">
        <ele>1021.78</ele>
      </trkpt>
      <trkpt lat="47.47175" lon="-121.25677">
        <ele>1022.43</ele>
      </trkpt>
      <trkpt lat="47.47173" lon="-121.25673">
        <ele>1022.32</ele>
      </trkpt>
      <trkpt lat="47.47173" lon="-121.25657">
        <ele>1019.57</ele>
      </trkpt>
      <trkpt lat="47.47174" lon="-121.25627">
        <ele>1014.7</ele>
      </trkpt>
      <trkpt lat="47.47174" lon="-121.25615">
        <ele>1012.26</ele>
      </trkpt>
      <trkpt lat="47.47168" lon="-121.25591">
        <ele>1008.37</ele>
      </trkpt>
      <trkpt lat="47.47162" lon="-121.25586">
        <ele>1008.08</ele>
      </trkpt>
      <trkpt lat="47.47146" lon="-121.25587">
        <ele>1008.56</ele>
      </trkpt>
      <trkpt lat="47.47128" lon="-121.25596">
        <ele>1008.45</ele>
      </trkpt>
      <trkpt lat="47.47103" lon="-121.25617">
        <ele>1017.1</ele>
      </trkpt>
      <trkpt lat="47.47097" lon="-121.2562">
        <ele>1019.32</ele>
      </trkpt>
      <trkpt lat="47.47089" lon="-121.25619">
        <ele>1019.26</ele>
      </trkpt>
      <trkpt lat="47.47081" lon="-121.25616">
        <ele>1017.64</ele>
      </trkpt>
      <trkpt lat="47.47074" lon="-121.25611">
        <ele>1014.94</ele>
      </trkpt>
      <trkpt lat="47.4706" lon="-121.25596">
        <ele>1006.95</ele>
      </trkpt>
      <trkpt lat="47.47055" lon="-121.25594">
        <ele>1005.49</ele>
      </trkpt>
      <trkpt lat="47.47049" lon="-121.25594">
        <ele>1004.19</ele>
      </trkpt>
      <trkpt lat="47.47045" lon="-121.25598">
        <ele>1005.11</ele>
      </trkpt>
      <trkpt lat="47.47043" lon="-121.25598">
        <ele>1004.77</ele>
      </trkpt>
      <trkpt lat="47.47041" lon="-121.25596">
        <ele>1003.69</ele>
      </trkpt>
      <trkpt lat="47.47026" lon="-121.25586">
        <ele>998.38</ele>
      </trkpt>
      <trkpt lat="47.47012" lon="-121.25588">
        <ele>997.3</ele>
      </trkpt>
      <trkpt lat="47.47006" lon="-121.25592">
        <ele>996.82</ele>
      </trkpt>
      <trkpt lat="47.47" lon="-121.25599">
        <ele>996.38</ele>
      </trkpt>
      <trkpt lat="47.46982" lon="-121.25628">
        <ele>995.05</ele>
      </trkpt>
      <trkpt lat="47.46969" lon="-121.25644">
        <ele>992.7</ele>
      </trkpt>
      <trkpt lat="47.46952" lon="-121.25682">
        <ele>993.29</ele>
      </trkpt>
      <trkpt lat="47.46941" lon="-121.25698">
        <ele>992.41</ele>
      </trkpt>
      <trkpt lat="47.46922" lon="-121.25739">
        <ele>991.54</ele>
      </trkpt>
      <trkpt lat="47.46919" lon="-121.25749">
        <ele>991.65</ele>
      </trkpt>
      <trkpt lat="47.46915" lon="-121.25753">
        <ele>990.52</ele>
      </trkpt>
      <trkpt lat="47.46911" lon="-121.25754">
        <ele>989.43</ele>
      </trkpt>
      <trkpt lat="47.46906" lon="-121.25763">
        <ele>988.76</ele>
      </trkpt>
      <trkpt lat="47.46901" lon="-121.25768">
        <ele>988.27</ele>
      </trkpt>
      <trkpt lat="47.46896" lon="-121.25772">
        <ele>987.77</ele>
      </trkpt>
      <trkpt lat="47.46892" lon="-121.25781">
        <ele>987.34</ele>
      </trkpt>
      <trkpt lat="47.46888" lon="-121.2581">
        <ele>987.9</ele>
      </trkpt>
      <trkpt lat="47.46877" lon="-121.25844">
        <ele>987.0</ele>
      </trkpt>
      <trkpt lat="47.46871" lon="-121.2589">
        <ele>987.0</ele>
      </trkpt>
      <trkpt lat="47.46872" lon="-121.25899">
        <ele>987.0</ele>
      </trkpt>
      <trkpt lat="47.46873" lon="-121.25934">
        <ele>987.0</ele>
      </trkpt>
      <trkpt lat="47.46872" lon="-121.25959">
        <ele>987.0</ele>
      </trkpt>
      <trkpt lat="47.46876" lon="-121.25992">
        <ele>988.0</ele>
      </trkpt>
      <trkpt lat="47.46879" lon="-121.26017">
        <ele>989.84</ele>
      </trkpt>
      <trkpt lat="47.46875" lon="-121.26026">
        <ele>991.21</ele>
      </trkpt>
      <trkpt lat="47.4687" lon="-121.26028">
        <ele>990.98</ele>
      </trkpt>
      <trkpt lat="47.46865" lon="-121.26028">
        <ele>990.44</ele>
      </trkpt>
      <trkpt lat="47.46862" lon="-121.26024">
        <ele>989.69</ele>
      </trkpt>
      <trkpt lat="47.46857" lon="-121.26024">
        <ele>989.15</ele>
      </trkpt>
      <trkpt lat="47.46853" lon="-121.26027">
        <ele>989.04</ele>
      </trkpt>
      <trkpt lat="47.46831" lon="-121.26055">
        <ele>990.69</ele>
      </trkpt>
      <trkpt lat="47.46822" lon="-121.26064">
        <ele>990.69</ele>
      </trkpt>
      <trkpt lat="47.46813" lon="-121.26072">
        <ele>990.58</ele>
      </trkpt>
      <trkpt lat="47.46808" lon="-121.26074">
        <ele>990.26</ele>
      </trkpt>
      <trkpt lat="47.46802" lon="-121.26072">
        <ele>989.39</ele>
      </trkpt>
      <trkpt lat="47.46795" lon="-121.26074">
        <ele>988.85</ele>
      </trkpt>
      <trkpt lat="47.46772" lon="-121.26087">
        <ele>987.62</ele>
      </trkpt>
      <trkpt lat="47.46759" lon="-121.26086">
        <ele>986.97</ele>
      </trkpt>
      <trkpt lat="47.46753" lon="-121.26089">
        <ele>986.32</ele>
      </trkpt>
      <trkpt lat="47.46719" lon="-121.26139">
        <ele>985.66</ele>
      </trkpt>
      <trkpt lat="47.46711" lon="-121.26156">
        <ele>985.97</ele>
      </trkpt>
      <trkpt lat="47.46702" lon="-121.2617">
        <ele>986.88</ele>
      </trkpt>
      <trkpt lat="47.46677" lon="-121.26204">
        <ele>989.03</ele>
      </trkpt>
      <trkpt lat="47.46674" lon="-121.26206">
        <ele>989.2</ele>
      </trkpt>
      <trkpt lat="47.4667" lon="-121.26207">
        <ele>989.13</ele>
      </trkpt>
      <trkpt lat="47.46668" lon="-121.26208">
        <ele>989.07</ele>
      </trkpt>
      <trkpt lat="47.46665" lon="-121.26213">
        <ele>989.0</ele>
      </trkpt>
      <trkpt lat="47.46661" lon="-121.26215">
        <ele>989.22</ele>
      </trkpt>
      <trkpt lat="47.4666" lon="-121.26218">
        <ele>989.54</ele>
      </trkpt>
      <trkpt lat="47.46659" lon="-121.26226">
        <ele>990.41</ele>
      </trkpt>
      <trkpt lat="47.46654" lon="-121.26232">
        <ele>990.65</ele>
      </trkpt>
      <trkpt lat="47.46616" lon="-121.26277">
        <ele>989.44</ele>
      </trkpt>
      <trkpt lat="47.46606" lon="-121.26291">
        <ele>988.88</ele>
      </trkpt>
      <trkpt lat="47.466" lon="-121.26298">
        <ele>988.84</ele>
      </trkpt>
      <trkpt lat="47.46587" lon="-121.26318">
        <ele>989.95</ele>
      </trkpt>
      <trkpt lat="47.4658" lon="-121.26321">
        <ele>990.34</ele>
      </trkpt>
      <trkpt lat="47.46573" lon="-121.2633">
        <ele>992.28</ele>
      </trkpt>
      <trkpt lat="47.46569" lon="-121.26334">
        <ele>993.14</ele>
      </trkpt>
      <trkpt lat="47.46554" lon="-121.26339">
        <ele>994.06</ele>
      </trkpt>
      <trkpt lat="47.46547" lon="-121.26343">
        <ele>994.2</ele>
      </trkpt>
      <trkpt lat="47.46532" lon="-121.26349">
        <ele>994.16</ele>
      </trkpt>
      <trkpt lat="47.46515" lon="-121.26359">
        <ele>992.78</ele>
      </trkpt>
      <trkpt lat="47.46514" lon="-121.26357">
        <ele>992.14</ele>
      </trkpt>
      <trkpt lat="47.46508" lon="-121.26359">
        <ele>991.3</ele>
      </trkpt>
      <trkpt lat="47.46501" lon="-121.26358">
        <ele>989.84</ele>
      </trkpt>
      <trkpt lat="47.4649" lon="-121.26355">
        <ele>989.37</ele>
      </trkpt>
      <trkpt lat="47.46461" lon="-121.26355">
        <ele>988.54</ele>
      </trkpt>
      <trkpt lat="47.46449" lon="-121.26361">
        <ele>989.46</ele>
      </trkpt>
      <trkpt lat="47.46437" lon="-121.26372">
        <ele>991.69</ele>
      </trkpt>
      <trkpt lat="47.46415" lon="-121.26388">
        <ele>993.61</ele>
      </trkpt>
      <trkpt lat="47.46413" lon="-121.26391">
        <ele>994.06</ele>
      </trkpt>
      <trkpt lat="47.46405" lon="-121.26393">
        <ele>993.48</ele>
      </trkpt>
      <trkpt lat="47.46384" lon="-121.26392">
        <ele>992.01</ele>
      </trkpt>
      <trkpt lat="47.46379" lon="-121.26394">
        <ele>992.72</ele>
      </trkpt>
      <trkpt lat="47.46371" lon="-121.26398">
        <ele>994.88</ele>
      </trkpt>
      <trkpt lat="47.46352" lon="-121.2641">
        <ele>997.85</ele>
      </trkpt>
      <trkpt lat="47.46333" lon="-121.26426">
        <ele>1000.98</ele>
      </trkpt>
      <trkpt lat="47.4632" lon="-121.26434">
        <ele>1000.86</ele>
      </trkpt>
      <trkpt lat="47.46311" lon="-121.26444">
        <ele>1002.44</ele>
      </trkpt>
      <trkpt lat="47.46301" lon="-121.26465">
        <ele>1007.17</ele>
      </trkpt>
      <trkpt lat="47.463" lon="-121.2647">
        <ele>1008.68</ele>
      </trkpt>
      <trkpt lat="47.463" lon="-121.2648">
        <ele>1011.08</ele>
      </trkpt>
      <trkpt lat="47.463" lon="-121.26483">
        <ele>1011.96</ele>
      </trkpt>
      <trkpt lat="47.46298" lon="-121.26484">
        <ele>1012.05</ele>
      </trkpt>
      <trkpt lat="47.46291" lon="-121.26484">
        <ele>1011.82</ele>
      </trkpt>
      <trkpt lat="47.46283" lon="-121.26488">
        <ele>1013.42</ele>
      </trkpt>
      <trkpt lat="47.46273" lon="-121.26489">
        <ele>1014.25</ele>
      </trkpt>
      <trkpt lat="47.46264" lon="-121.26486">
        <ele>1012.95</ele>
      </trkpt>
      <trkpt lat="47.4626" lon="-121.26482">
        <ele>1011.22</ele>
      </trkpt>
      <trkpt lat="47.46255" lon="-121.26482">
        <ele>1011.2</ele>
      </trkpt>
      <trkpt lat="47.4623" lon="-121.26501">
        <ele>1015.27</ele>
      </trkpt>
      <trkpt lat="47.46226" lon="-121.26507">
        <ele>1017.43</ele>
      </trkpt>
      <trkpt lat="47.4622" lon="-121.26512">
        <ele>1018.41</ele>
      </trkpt>
      <trkpt lat="47.46215" lon="-121.2652">
        <ele>1020.08</ele>
      </trkpt>
      <trkpt lat="47.46204" lon="-121.26528">
        <ele>1020.17</ele>
      </trkpt>
      <trkpt lat="47.46201" lon="-121.26532">
        <ele>1020.65</ele>
      </trkpt>
      <trkpt lat="47.46198" lon="-121.26537">
        <ele>1021.14</ele>
      </trkpt>
      <trkpt lat="47.46197" lon="-121.26538">
        <ele>1021.11</ele>
      </trkpt>
      <trkpt lat="47.46192" lon="-121.26535">
        <ele>1019.03</ele>
      </trkpt>
      <trkpt lat="47.46189" lon="-121.26535">
        <ele>1018.38</ele>
      </trkpt>
      <trkpt lat="47.4616" lon="-121.26552">
        <ele>1020.85</ele>
      </trkpt>
      <trkpt lat="47.46136" lon="-121.26561">
        <ele>1025.08</ele>
      </trkpt>
      <trkpt lat="47.46129" lon="-121.26566">
        <ele>1027.38</ele>
      </trkpt>
      <trkpt lat="47.46121" lon="-121.26565">
        <ele>1027.06</ele>
      </trkpt>
      <trkpt lat="47.46115" lon="-121.2656">
        <ele>1025.44</ele>
      </trkpt>
      <trkpt lat="47.4611" lon="-121.2656">
        <ele>1025.44</ele>
      </trkpt>
      <trkpt lat="47.461" lon="-121.26572">
        <ele>1029.17</ele>
      </trkpt>
      <trkpt lat="47.4609" lon="-121.26577">
        <ele>1029.95</ele>
      </trkpt>
      <trkpt lat="47.46089" lon="-121.26579">
        <ele>1030.6</ele>
      </trkpt>
      <trkpt lat="47.4609" lon="-121.26581">
        <ele>1031.24</ele>
      </trkpt>
      <trkpt lat="47.46108" lon="-121.26576">
        <ele>1030.55</ele>
      </trkpt>
      <trkpt lat="47.46112" lon="-121.26572">
        <ele>1029.33</ele>
      </trkpt>
      <trkpt lat="47.46115" lon="-121.26573">
        <ele>1029.65</ele>
      </trkpt>
      <trkpt lat="47.46116" lon="-121.26576">
        <ele>1030.62</ele>
      </trkpt>
      <trkpt lat="47.46117" lon="-121.26581">
        <ele>1032.24</ele>
      </trkpt>
      <trkpt lat="47.46119" lon="-121.26588">
        <ele>1034.44</ele>
      </trkpt>
      <trkpt lat="47.46123" lon="-121.26592">
        <ele>1035.81</ele>
      </trkpt>
      <trkpt lat="47.46126" lon="-121.26594">
        <ele>1036.46</ele>
      </trkpt>
      <trkpt lat="47.46147" lon="-121.26595">
        <ele>1036.13</ele>
      </trkpt>
      <trkpt lat="47.46157" lon="-121.26594">
        <ele>1035.61</ele>
      </trkpt>
      <trkpt lat="47.46174" lon="-121.2659">
        <ele>1036.67</ele>
      </trkpt>
      <trkpt lat="47.46177" lon="-121.26591">
        <ele>1037.54</ele>
      </trkpt>
      <trkpt lat="47.46178" lon="-121.26594">
        <ele>1039.06</ele>
      </trkpt>
      <trkpt lat="47.46153" lon="-121.26605">
        <ele>1040.2</ele>
      </trkpt>
      <trkpt lat="47.46147" lon="-121.2661">
        <ele>1041.64</ele>
      </trkpt>
      <trkpt lat="47.46135" lon="-121.26622">
        <ele>1046.53</ele>
      </trkpt>
      <trkpt lat="47.4613" lon="-121.26624">
        <ele>1047.18</ele>
      </trkpt>
      <trkpt lat="47.46119" lon="-121.26625">
        <ele>1046.93</ele>
      </trkpt>
      <trkpt lat="47.46114" lon="-121.26624">
        <ele>1046.3</ele>
      </trkpt>
      <trkpt lat="47.46106" lon="-121.26624">
        <ele>1045.84</ele>
      </trkpt>
      <trkpt lat="47.46104" lon="-121.26626">
        <ele>1046.52</ele>
      </trkpt>
      <trkpt lat="47.46095" lon="-121.2664">
        <ele>1051.39</ele>
      </trkpt>
      <trkpt lat="47.46093" lon="-121.26647">
        <ele>1053.67</ele>
      </trkpt>
      <trkpt lat="47.46089" lon="-121.26651">
        <ele>1054.84</ele>
      </trkpt>
      <trkpt lat="47.46086" lon="-121.26652">
        <ele>1054.95</ele>
      </trkpt>
      <trkpt lat="47.46082" lon="-121.26651">
        <ele>1054.09</ele>
      </trkpt>
      <trkpt lat="47.46075" lon="-121.26642">
        <ele>1049.51</ele>
      </trkpt>
      <trkpt lat="47.46072" lon="-121.26637">
        <ele>1047.16</ele>
      </trkpt>
      <trkpt lat="47.46063" lon="-121.26636">
        <ele>1045.87</ele>
      </trkpt>
      <trkpt lat="47.46057" lon="-121.26637">
        <ele>1045.54</ele>
      </trkpt>
      <trkpt lat="47.4604" lon="-121.2665">
        <ele>1048.8</ele>
      </trkpt>
      <trkpt lat="47.46036" lon="-121.26651">
        <ele>1049.34</ele>
      </trkpt>
      <trkpt lat="47.46033" lon="-121.26651">
        <ele>1049.67</ele>
      </trkpt>
      <trkpt lat="47.46029" lon="-121.26646">
        <ele>1047.97</ele>
      </trkpt>
      <trkpt lat="47.46026" lon="-121.26644">
        <ele>1047.4</ele>
      </trkpt>
      <trkpt lat="47.46022" lon="-121.26644">
        <ele>1047.83</ele>
      </trkpt>
      <trkpt lat="47.46016" lon="-121.26648">
        <ele>1050.21</ele>
      </trkpt>
      <trkpt lat="47.46011" lon="-121.26653">
        <ele>1052.91</ele>
      </trkpt>
      <trkpt lat="47.46005" lon="-121.26656">
        <ele>1054.39</ele>
      </trkpt>
      <trkpt lat="47.4599" lon="-121.26657">
        <ele>1053.87</ele>
      </trkpt>
      <trkpt lat="47.45978" lon="-121.26661">
        <ele>1054.93</ele>
      </trkpt>
      <trkpt lat="47.45955" lon="-121.26664">
        <ele>1052.42</ele>
      </trkpt>
      <trkpt lat="47.45948" lon="-121.26668">
        <ele>1052.34</ele>
      </trkpt>
      <trkpt lat="47.45929" lon="-121.26689">
        <ele>1057.31</ele>
      </trkpt>
      <trkpt lat="47.45925" lon="-121.26697">
        <ele>1060.18</ele>
      </trkpt>
      <trkpt lat="47.45925" lon="-121.26702">
        <ele>1062.88</ele>
      </trkpt>
      <trkpt lat="47.45926" lon="-121.26704">
        <ele>1064.14</ele>
      </trkpt>
      <trkpt lat="47.45929" lon="-121.26699">
        <ele>1062.12</ele>
      </trkpt>
      <trkpt lat="47.45933" lon="-121.26695">
        <ele>1060.83</ele>
      </trkpt>
      <trkpt lat="47.45937" lon="-121.26692">
        <ele>1060.34</ele>
      </trkpt>
      <trkpt lat="47.45942" lon="-121.2669">
        <ele>1060.55</ele>
      </trkpt>
      <trkpt lat="47.45955" lon="-121.26688">
        <ele>1062.5</ele>
      </trkpt>
      <trkpt lat="47.45995" lon="-121.26698">
        <ele>1072.0</ele>
      </trkpt>
      <trkpt lat="47.46013" lon="-121.26696">
        <ele>1071.67</ele>
      </trkpt>
      <trkpt lat="47.46017" lon="-121.26696">
        <ele>1071.67</ele>
      </trkpt>
      <trkpt lat="47.4602" lon="-121.26698">
        <ele>1072.6</ele>
      </trkpt>
      <trkpt lat="47.4602" lon="-121.26701">
        <ele>1073.95</ele>
      </trkpt>
      <trkpt lat="47.46017" lon="-121.26702">
        <ele>1074.26</ele>
      </trkpt>
      <trkpt lat="47.46012" lon="-121.26703">
        <ele>1074.7</ele>
      </trkpt>
      <trkpt lat="47.46004" lon="-121.26707">
        <ele>1076.22</ele>
      </trkpt>
      <trkpt lat="47.45995" lon="-121.26713">
        <ele>1078.01</ele>
      </trkpt>
      <trkpt lat="47.4599" lon="-121.26716">
        <ele>1078.9</ele>
      </trkpt>
      <trkpt lat="47.45977" lon="-121.26718">
        <ele>1078.15</ele>
      </trkpt>
      <trkpt lat="47.45964" lon="-121.26717">
        <ele>1076.42</ele>
      </trkpt>
      <trkpt lat="47.45958" lon="-121.26716">
        <ele>1075.09</ele>
      </trkpt>
      <trkpt lat="47.45953" lon="-121.26717">
        <ele>1074.67</ele>
      </trkpt>
      <trkpt lat="47.4595" lon="-121.26719">
        <ele>1075.21</ele>
      </trkpt>
      <trkpt lat="47.45939" lon="-121.26737">
        <ele>1080.45</ele>
      </trkpt>
      <trkpt lat="47.45935" lon="-121.26747">
        <ele>1083.67</ele>
      </trkpt>
      <trkpt lat="47.45934" lon="-121.26751">
        <ele>1085.08</ele>
      </trkpt>
      <trkpt lat="47.45938" lon="-121.26752">
        <ele>1086.26</ele>
      </trkpt>
      <trkpt lat="47.4595" lon="-121.26737">
        <ele>1082.58</ele>
      </trkpt>
      <trkpt lat="47.45953" lon="-121.26736">
        <ele>1082.8</ele>
      </trkpt>
      <trkpt lat="47.45964" lon="-121.2674">
        <ele>1085.79</ele>
      </trkpt>
      <trkpt lat="47.4597" lon="-121.26745">
        <ele>1088.14</ele>
      </trkpt>
      <trkpt lat="47.45987" lon="-121.26755">
        <ele>1092.22</ele>
      </trkpt>
      <trkpt lat="47.45996" lon="-121.26756">
        <ele>1093.51</ele>
      </trkpt>
      <trkpt lat="47.46021" lon="-121.26755">
        <ele>1094.62</ele>
      </trkpt>
      <trkpt lat="47.46025" lon="-121.26756">
        <ele>1094.94</ele>
      </trkpt>
      <trkpt lat="47.46026" lon="-121.26758">
        <ele>1095.59</ele>
      </trkpt>
      <trkpt lat="47.46026" lon="-121.26761">
        <ele>1096.75</ele>
      </trkpt>
      <trkpt lat="47.46023" lon="-121.26762">
        <ele>1097.18</ele>
      </trkpt>
      <trkpt lat="47.46011" lon="-121.26765">
        <ele>1097.67</ele>
      </trkpt>
      <trkpt lat="47.46007" lon="-121.26769">
        <ele>1098.96</ele>
      </trkpt>
      <trkpt lat="47.46003" lon="-121.26772">
        <ele>1099.83</ele>
      </trkpt>
      <trkpt lat="47.45975" lon="-121.26774">
        <ele>1097.95</ele>
      </trkpt>
      <trkpt lat="47.45966" lon="-121.26778">
        <ele>1098.42</ele>
      </trkpt>
      <trkpt lat="47.45958" lon="-121.26787">
        <ele>1101.45</ele>
      </trkpt>
      <trkpt lat="47.45954" lon="-121.26794">
        <ele>1104.04</ele>
      </trkpt>
      <trkpt lat="47.45943" lon="-121.26827">
        <ele>1114.79</ele>
      </trkpt>
      <trkpt lat="47.45934" lon="-121.26838">
        <ele>1116.75</ele>
      </trkpt>
      <trkpt lat="47.4593" lon="-121.26841">
        <ele>1116.54</ele>
      </trkpt>
      <trkpt lat="47.45928" lon="-121.26845">
        <ele>1117.03</ele>
      </trkpt>
      <trkpt lat="47.45928" lon="-121.26847">
        <ele>1117.51</ele>
      </trkpt>
      <trkpt lat="47.45933" lon="-121.26847">
        <ele>1118.84</ele>
      </trkpt>
      <trkpt lat="47.45949" lon="-121.26836">
        <ele>1118.36</ele>
      </trkpt>
      <trkpt lat="47.45953" lon="-121.2683">
        <ele>1116.84</ele>
      </trkpt>
      <trkpt lat="47.45961" lon="-121.26818">
        <ele>1113.96</ele>
      </trkpt>
      <trkpt lat="47.45966" lon="-121.26812">
        <ele>1112.42</ele>
      </trkpt>
      <trkpt lat="47.45969" lon="-121.2681">
        <ele>1112.09</ele>
      </trkpt>
      <trkpt lat="47.45979" lon="-121.26809">
        <ele>1112.12</ele>
      </trkpt>
      <trkpt lat="47.45985" lon="-121.2681">
        <ele>1112.82</ele>
      </trkpt>
      <trkpt lat="47.45987" lon="-121.26812">
        <ele>1113.68</ele>
      </trkpt>
      <trkpt lat="47.45994" lon="-121.26808">
        <ele>1113.05</ele>
      </trkpt>
      <trkpt lat="47.46013" lon="-121.26809">
        <ele>1114.52</ele>
      </trkpt>
      <trkpt lat="47.4602" lon="-121.26818">
        <ele>1117.85</ele>
      </trkpt>
      <trkpt lat="47.46021" lon="-121.26824">
        <ele>1119.25</ele>
      </trkpt>
      <trkpt lat="47.46024" lon="-121.26827">
        <ele>1120.54</ele>
      </trkpt>
      <trkpt lat="47.46027" lon="-121.26827">
        <ele>1120.86</ele>
      </trkpt>
      <trkpt lat="47.46029" lon="-121.26825">
        <ele>1120.43</ele>
      </trkpt>
      <trkpt lat="47.46041" lon="-121.26823">
        <ele>1120.65</ele>
      </trkpt>
      <trkpt lat="47.4605" lon="-121.26821">
        <ele>1120.4</ele>
      </trkpt>
      <trkpt lat="47.4606" lon="-121.26814">
        <ele>1118.78</ele>
      </trkpt>
      <trkpt lat="47.46062" lon="-121.26811">
        <ele>1118.05</ele>
      </trkpt>
      <trkpt lat="47.46064" lon="-121.26807">
        <ele>1117.24</ele>
      </trkpt>
      <trkpt lat="47.46066" lon="-121.26807">
        <ele>1117.7</ele>
      </trkpt>
      <trkpt lat="47.46066" lon="-121.2681">
        <ele>1118.34</ele>
      </trkpt>
      <trkpt lat="47.46065" lon="-121.26815">
        <ele>1119.12</ele>
      </trkpt>
      <trkpt lat="47.46053" lon="-121.26827">
        <ele>1122.76</ele>
      </trkpt>
      <trkpt lat="47.46045" lon="-121.26835">
        <ele>1125.4</ele>
      </trkpt>
      <trkpt lat="47.46037" lon="-121.26841">
        <ele>1126.48</ele>
      </trkpt>
      <trkpt lat="47.46014" lon="-121.26875">
        <ele>1133.77</ele>
      </trkpt>
      <trkpt lat="47.46011" lon="-121.2688">
        <ele>1134.49</ele>
      </trkpt>
      <trkpt lat="47.4601" lon="-121.26886">
        <ele>1136.17</ele>
      </trkpt>
      <trkpt lat="47.46011" lon="-121.26892">
        <ele>1138.47</ele>
      </trkpt>
      <trkpt lat="47.46013" lon="-121.26894">
        <ele>1139.39</ele>
      </trkpt>
      <trkpt lat="47.46015" lon="-121.26895">
        <ele>1139.85</ele>
      </trkpt>
      <trkpt lat="47.46018" lon="-121.26894">
        <ele>1139.63</ele>
      </trkpt>
      <trkpt lat="47.46025" lon="-121.2689">
        <ele>1139.06</ele>
      </trkpt>
      <trkpt lat="47.46027" lon="-121.2689">
        <ele>1139.28</ele>
      </trkpt>
      <trkpt lat="47.46029" lon="-121.26891">
        <ele>1139.79</ele>
      </trkpt>
      <trkpt lat="47.46032" lon="-121.2689">
        <ele>1139.76</ele>
      </trkpt>
      <trkpt lat="47.46034" lon="-121.26887">
        <ele>1139.26</ele>
      </trkpt>
      <trkpt lat="47.4605" lon="-121.26868">
        <ele>1136.89</ele>
      </trkpt>
      <trkpt lat="47.46054" lon="-121.26865">
        <ele>1136.67</ele>
      </trkpt>
      <trkpt lat="47.46062" lon="-121.26865">
        <ele>1136.84</ele>
      </trkpt>
      <trkpt lat="47.4607" lon="-121.26861">
        <ele>1135.97</ele>
      </trkpt>
      <trkpt lat="47.46084" lon="-121.26857">
        <ele>1136.74</ele>
      </trkpt>
      <trkpt lat="47.46089" lon="-121.26857">
        <ele>1138.12</ele>
      </trkpt>
      <trkpt lat="47.46094" lon="-121.26859">
        <ele>1139.88</ele>
      </trkpt>
      <trkpt lat="47.46098" lon="-121.26863">
        <ele>1141.58</ele>
      </trkpt>
      <trkpt lat="47.46101" lon="-121.26863">
        <ele>1142.22</ele>
      </trkpt>
      <trkpt lat="47.46105" lon="-121.26861">
        <ele>1142.67</ele>
      </trkpt>
      <trkpt lat="47.46108" lon="-121.26858">
        <ele>1142.99</ele>
      </trkpt>
      <trkpt lat="47.46111" lon="-121.26859">
        <ele>1143.75</ele>
      </trkpt>
      <trkpt lat="47.46118" lon="-121.26876">
        <ele>1147.35</ele>
      </trkpt>
      <trkpt lat="47.46121" lon="-121.26888">
        <ele>1149.88</ele>
      </trkpt>
      <trkpt lat="47.46124" lon="-121.26892">
        <ele>1151.06</ele>
      </trkpt>
      <trkpt lat="47.46134" lon="-121.26894">
        <ele>1152.58</ele>
      </trkpt>
      <trkpt lat="47.4614" lon="-121.269">
        <ele>1154.5</ele>
      </trkpt>
      <trkpt lat="47.46147" lon="-121.26909">
        <ele>1156.32</ele>
      </trkpt>
      <trkpt lat="47.46151" lon="-121.26913">
        <ele>1157.33</ele>
      </trkpt>
      <trkpt lat="47.46158" lon="-121.26915">
        <ele>1157.82</ele>
      </trkpt>
      <trkpt lat="47.46168" lon="-121.26917">
        <ele>1158.22</ele>
      </trkpt>
      <trkpt lat="47.46168" lon="-121.2692">
        <ele>1158.86</ele>
      </trkpt>
      <trkpt lat="47.4616" lon="-121.26925">
        <ele>1159.8</ele>
      </trkpt>
      <trkpt lat="47.46156" lon="-121.26933">
        <ele>1161.41</ele>
      </trkpt>
      <trkpt lat="47.46151" lon="-121.26946">
        <ele>1163.7</ele>
      </trkpt>
      <trkpt lat="47.46149" lon="-121.26955">
        <ele>1165.59</ele>
      </trkpt>
      <trkpt lat="47.46118" lon="-121.26986">
        <ele>1167.72</ele>
      </trkpt>
      <trkpt lat="47.46113" lon="-121.26989">
        <ele>1167.83</ele>
      </trkpt>
      <trkpt lat="47.46107" lon="-121.26986">
        <ele>1166.53</ele>
      </trkpt>
      <trkpt lat="47.46102" lon="-121.26986">
        <ele>1165.99</ele>
      </trkpt>
      <trkpt lat="47.46099" lon="-121.26988">
        <ele>1166.32</ele>
      </trkpt>
      <trkpt lat="47.46088" lon="-121.27">
        <ele>1169.0</ele>
      </trkpt>
      <trkpt lat="47.46082" lon="-121.27001">
        <ele>1169.22</ele>
      </trkpt>
      <trkpt lat="47.4607" lon="-121.26999">
        <ele>1169.12</ele>
      </trkpt>
      <trkpt lat="47.46067" lon="-121.26995">
        <ele>1168.14</ele>
      </trkpt>
      <trkpt lat="47.46064" lon="-121.26994">
        <ele>1168.23</ele>
      </trkpt>
      <trkpt lat="47.46062" lon="-121.26996">
        <ele>1169.31</ele>
      </trkpt>
      <trkpt lat="47.46062" lon="-121.27008">
        <ele>1172.07</ele>
      </trkpt>
      <trkpt lat="47.46058" lon="-121.27016">
        <ele>1174.19</ele>
      </trkpt>
      <trkpt lat="47.4605" lon="-121.27028">
        <ele>1178.05</ele>
      </trkpt>
      <trkpt lat="47.46027" lon="-121.27053">
        <ele>1183.28</ele>
      </trkpt>
      <trkpt lat="47.46013" lon="-121.27059">
        <ele>1180.81</ele>
      </trkpt>
      <trkpt lat="47.46013" lon="-121.27063">
        <ele>1181.5</ele>
      </trkpt>
      <trkpt lat="47.46037" lon="-121.27067">
        <ele>1187.47</ele>
      </trkpt>
      <trkpt lat="47.46043" lon="-121.27062">
        <ele>1186.84</ele>
      </trkpt>
      <trkpt lat="47.46046" lon="-121.27062">
        <ele>1187.07</ele>
      </trkpt>
      <trkpt lat="47.46047" lon="-121.27066">
        <ele>1188.27</ele>
      </trkpt>
      <trkpt lat="47.46046" lon="-121.2707">
        <ele>1189.09</ele>
      </trkpt>
      <trkpt lat="47.46038" lon="-121.27084">
        <ele>1191.42</ele>
      </trkpt>
      <trkpt lat="47.46014" lon="-121.27106">
        <ele>1192.86</ele>
      </trkpt>
      <trkpt lat="47.46001" lon="-121.27105">
        <ele>1190.24</ele>
      </trkpt>
      <trkpt lat="47.45998" lon="-121.27106">
        <ele>1189.7</ele>
      </trkpt>
      <trkpt lat="47.45995" lon="-121.2711">
        <ele>1190.02</ele>
      </trkpt>
      <trkpt lat="47.45989" lon="-121.27142">
        <ele>1194.98</ele>
      </trkpt>
      <trkpt lat="47.45986" lon="-121.27151">
        <ele>1196.55</ele>
      </trkpt>
      <trkpt lat="47.45983" lon="-121.27156">
        <ele>1197.74</ele>
      </trkpt>
      <trkpt lat="47.45979" lon="-121.27157">
        <ele>1198.09</ele>
      </trkpt>
      <trkpt lat="47.45971" lon="-121.27165">
        <ele>1202.3</ele>
      </trkpt>
      <trkpt lat="47.45962" lon="-121.2716">
        <ele>1200.94</ele>
      </trkpt>
      <trkpt lat="47.45947" lon="-121.27137">
        <ele>1194.18</ele>
      </trkpt>
      <trkpt lat="47.45942" lon="-121.27135">
        <ele>1193.17</ele>
      </trkpt>
      <trkpt lat="47.45938" lon="-121.27135">
        <ele>1192.92</ele>
      </trkpt>
      <trkpt lat="47.45932" lon="-121.27141">
        <ele>1194.42</ele>
      </trkpt>
      <trkpt lat="47.45907" lon="-121.27169">
        <ele>1198.66</ele>
      </trkpt>
      <trkpt lat="47.45879" lon="-121.27206">
        <ele>1202.56</ele>
      </trkpt>
      <trkpt lat="47.4587" lon="-121.27214">
        <ele>1205.19</ele>
      </trkpt>
      <trkpt lat="47.4586" lon="-121.27217">
        <ele>1207.85</ele>
      </trkpt>
      <trkpt lat="47.45854" lon="-121.27217">
        <ele>1210.07</ele>
      </trkpt>
      <trkpt lat="47.4585" lon="-121.27213">
        <ele>1210.81</ele>
      </trkpt>
      <trkpt lat="47.45848" lon="-121.27202">
        <ele>1209.88</ele>
      </trkpt>
      <trkpt lat="47.45834" lon="-121.27181">
        <ele>1210.88</ele>
      </trkpt>
      <trkpt lat="47.45831" lon="-121.27177">
        <ele>1210.99</ele>
      </trkpt>
      <trkpt lat="47.45829" lon="-121.27181">
        <ele>1212.5</ele>
      </trkpt>
      <trkpt lat="47.45829" lon="-121.27187">
        <ele>1213.8</ele>
      </trkpt>
      <trkpt lat="47.45832" lon="-121.27197">
        <ele>1214.98</ele>
      </trkpt>
      <trkpt lat="47.45833" lon="-121.27212">
        <ele>1217.9</ele>
      </trkpt>
      <trkpt lat="47.45835" lon="-121.2723">
        <ele>1220.27</ele>
      </trkpt>
      <trkpt lat="47.4584" lon="-121.27241">
        <ele>1220.17</ele>
      </trkpt>
      <trkpt lat="47.45856" lon="-121.27257">
        <ele>1218.95</ele>
      </trkpt>
      <trkpt lat="47.45862" lon="-121.2726">
        <ele>1219.34</ele>
      </trkpt>
      <trkpt lat="47.45868" lon="-121.27257">
        <ele>1218.83</ele>
      </trkpt>
      <trkpt lat="47.45874" lon="-121.27259">
        <ele>1220.28</ele>
      </trkpt>
      <trkpt lat="47.4588" lon="-121.27258">
        <ele>1220.46</ele>
      </trkpt>
      <trkpt lat="47.45886" lon="-121.27253">
        <ele>1218.3</ele>
      </trkpt>
      <trkpt lat="47.45891" lon="-121.27251">
        <ele>1217.86</ele>
      </trkpt>
      <trkpt lat="47.45894" lon="-121.27256">
        <ele>1220.34</ele>
      </trkpt>
      <trkpt lat="47.45891" lon="-121.27262">
        <ele>1222.41</ele>
      </trkpt>
      <trkpt lat="47.45887" lon="-121.27263">
        <ele>1222.53</ele>
      </trkpt>
      <trkpt lat="47.45879" lon="-121.27273">
        <ele>1225.87</ele>
      </trkpt>
      <trkpt lat="47.45875" lon="-121.27282">
        <ele>1229.32</ele>
      </trkpt>
      <trkpt lat="47.45869" lon="-121.27285">
        <ele>1229.97</ele>
      </trkpt>
      <trkpt lat="47.4586" lon="-121.27285">
        <ele>1229.03</ele>
      </trkpt>
      <trkpt lat="47.45854" lon="-121.27284">
        <ele>1228.17</ele>
      </trkpt>
      <trkpt lat="47.45824" lon="-121.27271">
        <ele>1231.3</ele>
      </trkpt>
      <trkpt lat="47.45814" lon="-121.27264">
        <ele>1234.51</ele>
      </trkpt>
      <trkpt lat="47.45809" lon="-121.27255">
        <ele>1235.22</ele>
      </trkpt>
      <trkpt lat="47.45808" lon="-121.2725">
        <ele>1234.68</ele>
      </trkpt>
      <trkpt lat="47.45804" lon="-121.2725">
        <ele>1236.84</ele>
      </trkpt>
      <trkpt lat="47.45803" lon="-121.27255">
        <ele>1238.61</ele>
      </trkpt>
      <trkpt lat="47.45806" lon="-121.27263">
        <ele>1238.95</ele>
      </trkpt>
      <trkpt lat="47.45823" lon="-121.27293">
        <ele>1237.4</ele>
      </trkpt>
      <trkpt lat="47.45829" lon="-121.273">
        <ele>1237.92</ele>
      </trkpt>
      <trkpt lat="47.45838" lon="-121.27307">
        <ele>1237.46</ele>
      </trkpt>
      <trkpt lat="47.45843" lon="-121.27312">
        <ele>1238.04</ele>
      </trkpt>
      <trkpt lat="47.45848" lon="-121.27326">
        <ele>1241.54</ele>
      </trkpt>
      <trkpt lat="47.45856" lon="-121.27329">
        <ele>1243.04</ele>
      </trkpt>
      <trkpt lat="47.45856" lon="-121.27334">
        <ele>1244.73</ele>
      </trkpt>
      <trkpt lat="47.45853" lon="-121.27337">
        <ele>1245.41</ele>
      </trkpt>
      <trkpt lat="47.45845" lon="-121.27338">
        <ele>1244.77</ele>
      </trkpt>
      <trkpt lat="47.45839" lon="-121.27325">
        <ele>1242.36</ele>
      </trkpt>
      <trkpt lat="47.4583" lon="-121.27319">
        <ele>1243.44</ele>
      </trkpt>
      <trkpt lat="47.45823" lon="-121.27316">
        <ele>1244.85</ele>
      </trkpt>
      <trkpt lat="47.4582" lon="-121.27319">
        <ele>1247.12</ele>
      </trkpt>
      <trkpt lat="47.45824" lon="-121.27324">
        <ele>1247.01</ele>
      </trkpt>
      <trkpt lat="47.45826" lon="-121.2733">
        <ele>1248.16</ele>
      </trkpt>
      <trkpt lat="47.4583" lon="-121.27351">
        <ele>1252.16</ele>
      </trkpt>
      <trkpt lat="47.45839" lon="-121.27362">
        <ele>1255.0</ele>
      </trkpt>
      <trkpt lat="47.4584" lon="-121.27365">
        <ele>1256.4</ele>
      </trkpt>
      <trkpt lat="47.45831" lon="-121.27364">
        <ele>1255.93</ele>
      </trkpt>
      <trkpt lat="47.45826" lon="-121.27358">
        <ele>1255.63</ele>
      </trkpt>
      <trkpt lat="47.45818" lon="-121.27343">
        <ele>1254.76</ele>
      </trkpt>
      <trkpt lat="47.45813" lon="-121.2734">
        <ele>1256.22</ele>
      </trkpt>
      <trkpt lat="47.45811" lon="-121.27343">
        <ele>1257.76</ele>
      </trkpt>
      <trkpt lat="47.45812" lon="-121.27353">
        <ele>1260.2</ele>
      </trkpt>
      <trkpt lat="47.45815" lon="-121.27361">
        <ele>1260.9</ele>
      </trkpt>
      <trkpt lat="47.45821" lon="-121.2737">
        <ele>1261.21</ele>
      </trkpt>
      <trkpt lat="47.45823" lon="-121.27382">
        <ele>1264.49</ele>
      </trkpt>
      <trkpt lat="47.45828" lon="-121.27385">
        <ele>1265.14</ele>
      </trkpt>
      <trkpt lat="47.45828" lon="-121.27389">
        <ele>1267.07</ele>
      </trkpt>
      <trkpt lat="47.45824" lon="-121.27388">
        <ele>1266.65</ele>
      </trkpt>
      <trkpt lat="47.45821" lon="-121.27386">
        <ele>1267.08</ele>
      </trkpt>
      <trkpt lat="47.45816" lon="-121.27378">
        <ele>1265.96</ele>
      </trkpt>
      <trkpt lat="47.45786" lon="-121.27359">
        <ele>1270.63</ele>
      </trkpt>
      <trkpt lat="47.45785" lon="-121.27351">
        <ele>1268.26</ele>
      </trkpt>
      <trkpt lat="47.45782" lon="-121.27341">
        <ele>1266.84</ele>
      </trkpt>
      <trkpt lat="47.45781" lon="-121.27332">
        <ele>1265.86</ele>
      </trkpt>
      <trkpt lat="47.45776" lon="-121.27328">
        <ele>1267.77</ele>
      </trkpt>
      <trkpt lat="47.45765" lon="-121.27326">
        <ele>1272.52</ele>
      </trkpt>
      <trkpt lat="47.45753" lon="-121.27327">
        <ele>1277.92</ele>
      </trkpt>
      <trkpt lat="47.45745" lon="-121.27324">
        <ele>1280.61</ele>
      </trkpt>
      <trkpt lat="47.45738" lon="-121.27314">
        <ele>1281.8</ele>
      </trkpt>
      <trkpt lat="47.45734" lon="-121.27316">
        <ele>1283.31</ele>
      </trkpt>
      <trkpt lat="47.45729" lon="-121.27323">
        <ele>1285.42</ele>
      </trkpt>
      <trkpt lat="47.45725" lon="-121.27332">
        <ele>1287.26</ele>
      </trkpt>
      <trkpt lat="47.45724" lon="-121.27343">
        <ele>1288.47</ele>
      </trkpt>
      <trkpt lat="47.45727" lon="-121.27351">
        <ele>1288.36</ele>
      </trkpt>
      <trkpt lat="47.45735" lon="-121.27359">
        <ele>1286.34</ele>
      </trkpt>
      <trkpt lat="47.45735" lon="-121.27363">
        <ele>1286.76</ele>
      </trkpt>
      <trkpt lat="47.45729" lon="-121.27362">
        <ele>1288.63</ele>
      </trkpt>
      <trkpt lat="47.45724" lon="-121.27365">
        <ele>1290.04</ele>
      </trkpt>
      <trkpt lat="47.4572" lon="-121.27363">
        <ele>1290.92</ele>
      </trkpt>
      <trkpt lat="47.45715" lon="-121.27351">
        <ele>1291.47</ele>
      </trkpt>
      <trkpt lat="47.45708" lon="-121.27345">
        <ele>1292.33</ele>
      </trkpt>
      <trkpt lat="47.45696" lon="-121.2733">
        <ele>1293.3</ele>
      </trkpt>
      <trkpt lat="47.45689" lon="-121.27327">
        <ele>1293.9</ele>
      </trkpt>
      <trkpt lat="47.45686" lon="-121.27331">
        <ele>1294.66</ele>
      </trkpt>
      <trkpt lat="47.45686" lon="-121.27338">
        <ele>1295.42</ele>
      </trkpt>
      <trkpt lat="47.45688" lon="-121.2735">
        <ele>1296.5</ele>
      </trkpt>
      <trkpt lat="47.45687" lon="-121.27367">
        <ele>1298.44</ele>
      </trkpt>
      <trkpt lat="47.45687" lon="-121.27378">
        <ele>1299.47</ele>
      </trkpt>
      <trkpt lat="47.45685" lon="-121.27389">
        <ele>1301.05</ele>
      </trkpt>
      <trkpt lat="47.45685" lon="-121.274">
        <ele>1302.24</ele>
      </trkpt>
      <trkpt lat="47.45688" lon="-121.27409">
        <ele>1302.56</ele>
      </trkpt>
      <trkpt lat="47.45693" lon="-121.27419">
        <ele>1302.56</ele>
      </trkpt>
      <trkpt lat="47.457" lon="-121.27426">
        <ele>1303.01</ele>
      </trkpt>
      <trkpt lat="47.45708" lon="-121.27432">
        <ele>1303.5</ele>
      </trkpt>
      <trkpt lat="47.45715" lon="-121.27434">
        <ele>1303.72</ele>
      </trkpt>
      <trkpt lat="47.45721" lon="-121.2744">
        <ele>1305.04</ele>
      </trkpt>
      <trkpt lat="47.4573" lon="-121.27454">
        <ele>1309.13</ele>
      </trkpt>
      <trkpt lat="47.45746" lon="-121.27469">
        <ele>1316.63</ele>
      </trkpt>
      <trkpt lat="47.45745" lon="-121.27472">
        <ele>1318.33</ele>
      </trkpt>
      <trkpt lat="47.45713" lon="-121.27465">
        <ele>1313.88</ele>
      </trkpt>
      <trkpt lat="47.45705" lon="-121.27469">
        <ele>1315.05</ele>
      </trkpt>
      <trkpt lat="47.45688" lon="-121.27466">
        <ele>1314.45</ele>
      </trkpt>
      <trkpt lat="47.45679" lon="-121.27469">
        <ele>1316.64</ele>
      </trkpt>
      <trkpt lat="47.4568" lon="-121.27474">
        <ele>1317.7</ele>
      </trkpt>
      <trkpt lat="47.45688" lon="-121.27479">
        <ele>1318.42</ele>
      </trkpt>
      <trkpt lat="47.45693" lon="-121.27484">
        <ele>1320.97</ele>
      </trkpt>
      <trkpt lat="47.45692" lon="-121.27487">
        <ele>1322.28</ele>
      </trkpt>
      <trkpt lat="47.45682" lon="-121.27486">
        <ele>1321.79</ele>
      </trkpt>
      <trkpt lat="47.45679" lon="-121.27489">
        <ele>1323.31</ele>
      </trkpt>
      <trkpt lat="47.45682" lon="-121.27492">
        <ele>1324.54</ele>
      </trkpt>
      <trkpt lat="47.45696" lon="-121.27492">
        <ele>1324.85</ele>
      </trkpt>
      <trkpt lat="47.45702" lon="-121.27495">
        <ele>1327.12</ele>
      </trkpt>
      <trkpt lat="47.45703" lon="-121.27499">
        <ele>1329.38</ele>
      </trkpt>
      <trkpt lat="47.45699" lon="-121.27502">
        <ele>1330.57</ele>
      </trkpt>
      <trkpt lat="47.45691" lon="-121.275">
        <ele>1328.63</ele>
      </trkpt>
      <trkpt lat="47.45685" lon="-121.27503">
        <ele>1329.29</ele>
      </trkpt>
      <trkpt lat="47.45678" lon="-121.27505">
        <ele>1329.74</ele>
      </trkpt>
      <trkpt lat="47.45673" lon="-121.27505">
        <ele>1330.08</ele>
      </trkpt>
      <trkpt lat="47.45669" lon="-121.27501">
        <ele>1329.74</ele>
      </trkpt>
      <trkpt lat="47.45666" lon="-121.27502">
        <ele>1330.65</ele>
      </trkpt>
      <trkpt lat="47.45665" lon="-121.27506">
        <ele>1331.84</ele>
      </trkpt>
      <trkpt lat="47.45668" lon="-121.2751">
        <ele>1332.18</ele>
      </trkpt>
      <trkpt lat="47.45673" lon="-121.27514">
        <ele>1333.36</ele>
      </trkpt>
      <trkpt lat="47.4568" lon="-121.27517">
        <ele>1335.15</ele>
      </trkpt>
      <trkpt lat="47.45696" lon="-121.27516">
        <ele>1337.81</ele>
      </trkpt>
      <trkpt lat="47.45699" lon="-121.2752">
        <ele>1340.05</ele>
      </trkpt>
      <trkpt lat="47.45696" lon="-121.27524">
        <ele>1341.04</ele>
      </trkpt>
      <trkpt lat="47.45688" lon="-121.27526">
        <ele>1340.59</ele>
      </trkpt>
      <trkpt lat="47.45678" lon="-121.27533">
        <ele>1341.01</ele>
      </trkpt>
      <trkpt lat="47.45672" lon="-121.27535">
        <ele>1341.34</ele>
      </trkpt>
      <trkpt lat="47.45664" lon="-121.27535">
        <ele>1341.69</ele>
      </trkpt>
      <trkpt lat="47.45653" lon="-121.27529">
        <ele>1342.28</ele>
      </trkpt>
      <trkpt lat="47.45646" lon="-121.27523">
        <ele>1342.66</ele>
      </trkpt>
      <trkpt lat="47.45644" lon="-121.27525">
        <ele>1343.74</ele>
      </trkpt>
      <trkpt lat="47.45648" lon="-121.27535">
        <ele>1345.38</ele>
      </trkpt>
      <trkpt lat="47.45653" lon="-121.27541">
        <ele>1345.51</ele>
      </trkpt>
      <trkpt lat="47.45662" lon="-121.27556">
        <ele>1348.6</ele>
      </trkpt>
      <trkpt lat="47.45669" lon="-121.27563">
        <ele>1349.56</ele>
      </trkpt>
      <trkpt lat="47.45679" lon="-121.27563">
        <ele>1349.48</ele>
      </trkpt>
      <trkpt lat="47.45689" lon="-121.27561">
        <ele>1349.18</ele>
      </trkpt>
      <trkpt lat="47.457" lon="-121.27568">
        <ele>1350.34</ele>
      </trkpt>
      <trkpt lat="47.45699" lon="-121.27572">
        <ele>1350.78</ele>
      </trkpt>
      <trkpt lat="47.45697" lon="-121.27573">
        <ele>1350.88</ele>
      </trkpt>
      <trkpt lat="47.45683" lon="-121.27575">
        <ele>1351.34</ele>
      </trkpt>
      <trkpt lat="47.45675" lon="-121.27579">
        <ele>1352.64</ele>
      </trkpt>
      <trkpt lat="47.45662" lon="-121.27583">
        <ele>1355.88</ele>
      </trkpt>
      <trkpt lat="47.45658" lon="-121.27583">
        <ele>1356.73</ele>
      </trkpt>
      <trkpt lat="47.45651" lon="-121.27585">
        <ele>1359.23</ele>
      </trkpt>
      <trkpt lat="47.45644" lon="-121.27585">
        <ele>1361.16</ele>
      </trkpt>
      <trkpt lat="47.45635" lon="-121.27582">
        <ele>1362.32</ele>
      </trkpt>
      <trkpt lat="47.45624" lon="-121.27574">
        <ele>1362.2</ele>
      </trkpt>
      <trkpt lat="47.45611" lon="-121.2756">
        <ele>1361.46</ele>
      </trkpt>
      <trkpt lat="47.45602" lon="-121.27554">
        <ele>1361.63</ele>
      </trkpt>
      <trkpt lat="47.45595" lon="-121.27551">
        <ele>1362.13</ele>
      </trkpt>
      <trkpt lat="47.45587" lon="-121.27552">
        <ele>1363.45</ele>
      </trkpt>
      <trkpt lat="47.45572" lon="-121.27556">
        <ele>1365.13</ele>
      </trkpt>
      <trkpt lat="47.45569" lon="-121.2756">
        <ele>1366.18</ele>
      </trkpt>
      <trkpt lat="47.45571" lon="-121.27562">
        <ele>1366.86</ele>
      </trkpt>
      <trkpt lat="47.45585" lon="-121.27566">
        <ele>1367.36</ele>
      </trkpt>
      <trkpt lat="47.45597" lon="-121.27577">
        <ele>1369.47</ele>
      </trkpt>
      <trkpt lat="47.45608" lon="-121.27597">
        <ele>1374.08</ele>
      </trkpt>
      <trkpt lat="47.45608" lon="-121.276">
        <ele>1375.27</ele>
      </trkpt>
      <trkpt lat="47.45604" lon="-121.27601">
        <ele>1375.7</ele>
      </trkpt>
      <trkpt lat="47.45601" lon="-121.27596">
        <ele>1374.29</ele>
      </trkpt>
      <trkpt lat="47.45596" lon="-121.27592">
        <ele>1374.1</ele>
      </trkpt>
      <trkpt lat="47.45585" lon="-121.27588">
        <ele>1374.75</ele>
      </trkpt>
      <trkpt lat="47.45564" lon="-121.27584">
        <ele>1375.28</ele>
      </trkpt>
      <trkpt lat="47.45557" lon="-121.27586">
        <ele>1375.91</ele>
      </trkpt>
      <trkpt lat="47.45559" lon="-121.2759">
        <ele>1377.43</ele>
      </trkpt>
      <trkpt lat="47.45565" lon="-121.2759">
        <ele>1377.87</ele>
      </trkpt>
      <trkpt lat="47.45574" lon="-121.27593">
        <ele>1378.14</ele>
      </trkpt>
      <trkpt lat="47.45583" lon="-121.27598">
        <ele>1378.79</ele>
      </trkpt>
      <trkpt lat="47.45584" lon="-121.27602">
        <ele>1379.9</ele>
      </trkpt>
      <trkpt lat="47.45582" lon="-121.27606">
        <ele>1381.49</ele>
      </trkpt>
      <trkpt lat="47.45562" lon="-121.27603">
        <ele>1381.98</ele>
      </trkpt>
      <trkpt lat="47.45552" lon="-121.27608">
        <ele>1382.99</ele>
      </trkpt>
      <trkpt lat="47.4554" lon="-121.27618">
        <ele>1386.06</ele>
      </trkpt>
      <trkpt lat="47.4553" lon="-121.27621">
        <ele>1387.2</ele>
      </trkpt>
      <trkpt lat="47.45524" lon="-121.27624">
        <ele>1388.18</ele>
      </trkpt>
      <trkpt lat="47.45525" lon="-121.27628">
        <ele>1389.47</ele>
      </trkpt>
      <trkpt lat="47.45528" lon="-121.2763">
        <ele>1390.2</ele>
      </trkpt>
      <trkpt lat="47.45532" lon="-121.2763">
        <ele>1390.2</ele>
      </trkpt>
      <trkpt lat="47.45538" lon="-121.2763">
        <ele>1390.2</ele>
      </trkpt>
      <trkpt lat="47.45558" lon="-121.27621">
        <ele>1387.19</ele>
      </trkpt>
      <trkpt lat="47.45562" lon="-121.27624">
        <ele>1387.9</ele>
      </trkpt>
      <trkpt lat="47.45567" lon="-121.2763">
        <ele>1389.24</ele>
      </trkpt>
      <trkpt lat="47.45565" lon="-121.27633">
        <ele>1391.18</ele>
      </trkpt>
      <trkpt lat="47.4556" lon="-121.27629">
        <ele>1389.35</ele>
      </trkpt>
      <trkpt lat="47.45553" lon="-121.2763">
        <ele>1390.2</ele>
      </trkpt>
      <trkpt lat="47.45545" lon="-121.27637">
        <ele>1393.98</ele>
      </trkpt>
      <trkpt lat="47.45523" lon="-121.27648">
        <ele>1401.37</ele>
      </trkpt>
      <trkpt lat="47.45509" lon="-121.27653">
        <ele>1403.65</ele>
      </trkpt>
      <trkpt lat="47.45506" lon="-121.27653">
        <ele>1403.48</ele>
      </trkpt>
      <trkpt lat="47.45503" lon="-121.27656">
        <ele>1405.36</ele>
      </trkpt>
      <trkpt lat="47.45508" lon="-121.27659">
        <ele>1407.72</ele>
      </trkpt>
      <trkpt lat="47.45535" lon="-121.27663">
        <ele>1409.64</ele>
      </trkpt>
      <trkpt lat="47.45543" lon="-121.27667">
        <ele>1411.12</ele>
      </trkpt>
      <trkpt lat="47.4555" lon="-121.27673">
        <ele>1412.65</ele>
      </trkpt>
      <trkpt lat="47.45554" lon="-121.27679">
        <ele>1414.5</ele>
      </trkpt>
      <trkpt lat="47.45557" lon="-121.27689">
        <ele>1418.34</ele>
      </trkpt>
      <trkpt lat="47.45563" lon="-121.27693">
        <ele>1418.77</ele>
      </trkpt>
      <trkpt lat="47.45574" lon="-121.27698">
        <ele>1417.18</ele>
      </trkpt>
      <trkpt lat="47.45583" lon="-121.27699">
        <ele>1415.55</ele>
      </trkpt>
      <trkpt lat="47.45589" lon="-121.27705">
        <ele>1415.44</ele>
      </trkpt>
      <trkpt lat="47.45589" lon="-121.27711">
        <ele>1416.74</ele>
      </trkpt>
      <trkpt lat="47.45587" lon="-121.27715">
        <ele>1418.47</ele>
      </trkpt>
      <trkpt lat="47.45583" lon="-121.27715">
        <ele>1419.8</ele>
      </trkpt>
      <trkpt lat="47.45579" lon="-121.27713">
        <ele>1420.88</ele>
      </trkpt>
      <trkpt lat="47.45577" lon="-121.27717">
        <ele>1423.04</ele>
      </trkpt>
      <trkpt lat="47.45578" lon="-121.27721">
        <ele>1423.91</ele>
      </trkpt>
      <trkpt lat="47.45585" lon="-121.27738">
        <ele>1426.57</ele>
      </trkpt>
      <trkpt lat="47.45591" lon="-121.27741">
        <ele>1425.6</ele>
      </trkpt>
      <trkpt lat="47.45598" lon="-121.27739">
        <ele>1422.1</ele>
      </trkpt>
      <trkpt lat="47.45604" lon="-121.27742">
        <ele>1420.51</ele>
      </trkpt>
      <trkpt lat="47.45608" lon="-121.2775">
        <ele>1422.01</ele>
      </trkpt>
      <trkpt lat="47.45605" lon="-121.27754">
        <ele>1424.28</ele>
      </trkpt>
      <trkpt lat="47.45599" lon="-121.27754">
        <ele>1426.53</ele>
      </trkpt>
      <trkpt lat="47.45595" lon="-121.27755">
        <ele>1428.58</ele>
      </trkpt>
      <trkpt lat="47.45594" lon="-121.27757">
        <ele>1429.66</ele>
      </trkpt>
      <trkpt lat="47.45599" lon="-121.27762">
        <ele>1429.51</ele>
      </trkpt>
      <trkpt lat="47.45601" lon="-121.27767">
        <ele>1430.79</ele>
      </trkpt>
      <trkpt lat="47.45602" lon="-121.27774">
        <ele>1433.33</ele>
      </trkpt>
      <trkpt lat="47.456" lon="-121.27778">
        <ele>1436.1</ele>
      </trkpt>
      <trkpt lat="47.45596" lon="-121.27775">
        <ele>1436.96</ele>
      </trkpt>
      <trkpt lat="47.45588" lon="-121.27766">
        <ele>1437.12</ele>
      </trkpt>
      <trkpt lat="47.45583" lon="-121.27764">
        <ele>1438.74</ele>
      </trkpt>
      <trkpt lat="47.45578" lon="-121.27759">
        <ele>1438.75</ele>
      </trkpt>
      <trkpt lat="47.45566" lon="-121.27754">
        <ele>1442.14</ele>
      </trkpt>
      <trkpt lat="47.45561" lon="-121.27751">
        <ele>1443.08</ele>
      </trkpt>
      <trkpt lat="47.45555" lon="-121.27741">
        <ele>1442.32</ele>
      </trkpt>
      <trkpt lat="47.45551" lon="-121.27738">
        <ele>1442.93</ele>
      </trkpt>
      <trkpt lat="47.45547" lon="-121.27738">
        <ele>1444.79</ele>
      </trkpt>
      <trkpt lat="47.45542" lon="-121.27733">
        <ele>1445.42</ele>
      </trkpt>
      <trkpt lat="47.45539" lon="-121.27733">
        <ele>1446.77</ele>
      </trkpt>
      <trkpt lat="47.4554" lon="-121.27736">
        <ele>1447.52</ele>
      </trkpt>
      <trkpt lat="47.45552" lon="-121.27754">
        <ele>1448.26</ele>
      </trkpt>
      <trkpt lat="47.45559" lon="-121.27767">
        <ele>1452.0</ele>
      </trkpt>
      <trkpt lat="47.45568" lon="-121.27777">
        <ele>1453.57</ele>
      </trkpt>
      <trkpt lat="47.45574" lon="-121.2778">
        <ele>1452.98</ele>
      </trkpt>
      <trkpt lat="47.45575" lon="-121.27784">
        <ele>1454.26</ele>
      </trkpt>
      <trkpt lat="47.45572" lon="-121.27786">
        <ele>1456.22</ele>
      </trkpt>
      <trkpt lat="47.45568" lon="-121.27785">
        <ele>1457.09</ele>
      </trkpt>
      <trkpt lat="47.45563" lon="-121.27779">
        <ele>1456.12</ele>
      </trkpt>
      <trkpt lat="47.45554" lon="-121.27774">
        <ele>1456.7</ele>
      </trkpt>
      <trkpt lat="47.45547" lon="-121.27766">
        <ele>1454.99</ele>
      </trkpt>
      <trkpt lat="47.4554" lon="-121.27761">
        <ele>1455.6</ele>
      </trkpt>
      <trkpt lat="47.45541" lon="-121.27764">
        <ele>1456.25</ele>
      </trkpt>
      <trkpt lat="47.45548" lon="-121.27776">
        <ele>1458.86</ele>
      </trkpt>
      <trkpt lat="47.45547" lon="-121.2778">
        <ele>1460.81</ele>
      </trkpt>
      <trkpt lat="47.45543" lon="-121.27785">
        <ele>1463.55</ele>
      </trkpt>
      <trkpt lat="47.45539" lon="-121.27783">
        <ele>1463.39</ele>
      </trkpt>
      <trkpt lat="47.45535" lon="-121.27772">
        <ele>1460.71</ele>
      </trkpt>
      <trkpt lat="47.45532" lon="-121.27763">
        <ele>1459.17</ele>
      </trkpt>
      <trkpt lat="47.45523" lon="-121.2775">
        <ele>1458.03</ele>
      </trkpt>
      <trkpt lat="47.45523" lon="-121.27743">
        <ele>1455.76</ele>
      </trkpt>
      <trkpt lat="47.4552" lon="-121.27741">
        <ele>1455.76</ele>
      </trkpt>
      <trkpt lat="47.45517" lon="-121.27742">
        <ele>1456.43</ele>
      </trkpt>
      <trkpt lat="47.45517" lon="-121.27746">
        <ele>1457.8</ele>
      </trkpt>
      <trkpt lat="47.45519" lon="-121.27755">
        <ele>1460.52</ele>
      </trkpt>
      <trkpt lat="47.45524" lon="-121.27763">
        <ele>1461.79</ele>
      </trkpt>
      <trkpt lat="47.45527" lon="-121.27773">
        <ele>1463.22</ele>
      </trkpt>
      <trkpt lat="47.45525" lon="-121.27777">
        <ele>1464.73</ele>
      </trkpt>
      <trkpt lat="47.45521" lon="-121.27776">
        <ele>1465.81</ele>
      </trkpt>
      <trkpt lat="47.4552" lon="-121.27771">
        <ele>1465.06</ele>
      </trkpt>
      <trkpt lat="47.45514" lon="-121.27756">
        <ele>1461.75</ele>
      </trkpt>
      <trkpt lat="47.45512" lon="-121.27753">
        <ele>1460.9</ele>
      </trkpt>
      <trkpt lat="47.4551" lon="-121.27756">
        <ele>1462.46</ele>
      </trkpt>
      <trkpt lat="47.45513" lon="-121.27765">
        <ele>1465.05</ele>
      </trkpt>
      <trkpt lat="47.45512" lon="-121.27772">
        <ele>1467.16</ele>
      </trkpt>
      <trkpt lat="47.45508" lon="-121.27777">
        <ele>1469.09</ele>
      </trkpt>
      <trkpt lat="47.455" lon="-121.27782">
        <ele>1472.37</ele>
      </trkpt>
      <trkpt lat="47.45493" lon="-121.27783">
        <ele>1473.12</ele>
      </trkpt>
      <trkpt lat="47.45483" lon="-121.27779">
        <ele>1472.25</ele>
      </trkpt>
      <trkpt lat="47.45477" lon="-121.27784">
        <ele>1474.02</ele>
      </trkpt>
      <trkpt lat="47.45477" lon="-121.27787">
        <ele>1474.99</ele>
      </trkpt>
      <trkpt lat="47.45482" lon="-121.27788">
        <ele>1475.31</ele>
      </trkpt>
      <trkpt lat="47.45485" lon="-121.2779">
        <ele>1475.84</ele>
      </trkpt>
      <trkpt lat="47.45486" lon="-121.27795">
        <ele>1477.16</ele>
      </trkpt>
      <trkpt lat="47.45484" lon="-121.278">
        <ele>1478.64</ele>
      </trkpt>
      <trkpt lat="47.45481" lon="-121.27807">
        <ele>1480.36</ele>
      </trkpt>
      <trkpt lat="47.45477" lon="-121.2781">
        <ele>1481.44</ele>
      </trkpt>
      <trkpt lat="47.45461" lon="-121.27814">
        <ele>1483.93</ele>
      </trkpt>
      <trkpt lat="47.4546" lon="-121.27817">
        <ele>1484.79</ele>
      </trkpt>
      <trkpt lat="47.4546" lon="-121.27822">
        <ele>1485.87</ele>
      </trkpt>
      <trkpt lat="47.45463" lon="-121.27827">
        <ele>1486.94</ele>
      </trkpt>
      <trkpt lat="47.45469" lon="-121.2783">
        <ele>1487.27</ele>
      </trkpt>
      <trkpt lat="47.45476" lon="-121.27831">
        <ele>1486.53</ele>
      </trkpt>
      <trkpt lat="47.45485" lon="-121.27835">
        <ele>1486.09</ele>
      </trkpt>
      <trkpt lat="47.45498" lon="-121.27844">
        <ele>1486.52</ele>
      </trkpt>
      <trkpt lat="47.45502" lon="-121.27848">
        <ele>1486.95</ele>
      </trkpt>
      <trkpt lat="47.45504" lon="-121.27854">
        <ele>1488.13</ele>
      </trkpt>
      <trkpt lat="47.45524" lon="-121.27874">
        <ele>1492.15</ele>
      </trkpt>
      <trkpt lat="47.45538" lon="-121.27886">
        <ele>1491.06</ele>
      </trkpt>
      <trkpt lat="47.45537" lon="-121.27889">
        <ele>1492.05</ele>
      </trkpt>
      <trkpt lat="47.45534" lon="-121.2789">
        <ele>1493.63</ele>
      </trkpt>
      <trkpt lat="47.4553" lon="-121.27886">
        <ele>1494.18</ele>
      </trkpt>
      <trkpt lat="47.45516" lon="-121.27881">
        <ele>1497.03</ele>
      </trkpt>
      <trkpt lat="47.45506" lon="-121.27879">
        <ele>1498.08</ele>
      </trkpt>
      <trkpt lat="47.45497" lon="-121.27869">
        <ele>1494.63</ele>
      </trkpt>
      <trkpt lat="47.45487" lon="-121.27863">
        <ele>1493.95</ele>
      </trkpt>
      <trkpt lat="47.45466" lon="-121.27865">
        <ele>1500.02</ele>
      </trkpt>
      <trkpt lat="47.45458" lon="-121.27864">
        <ele>1501.15</ele>
      </trkpt>
      <trkpt lat="47.45444" lon="-121.27858">
        <ele>1501.04</ele>
      </trkpt>
      <trkpt lat="47.45438" lon="-121.27853">
        <ele>1500.07</ele>
      </trkpt>
      <trkpt lat="47.45434" lon="-121.27853">
        <ele>1500.61</ele>
      </trkpt>
      <trkpt lat="47.45433" lon="-121.27855">
        <ele>1501.41</ele>
      </trkpt>
      <trkpt lat="47.45441" lon="-121.27864">
        <ele>1503.5</ele>
      </trkpt>
      <trkpt lat="47.45446" lon="-121.27871">
        <ele>1505.88</ele>
      </trkpt>
      <trkpt lat="47.45453" lon="-121.27878">
        <ele>1507.39</ele>
      </trkpt>
      <trkpt lat="47.45458" lon="-121.27882">
        <ele>1508.82</ele>
      </trkpt>
      <trkpt lat="47.45485" lon="-121.27888">
        <ele>1505.76</ele>
      </trkpt>
      <trkpt lat="47.45489" lon="-121.27892">
        <ele>1507.12</ele>
      </trkpt>
      <trkpt lat="47.45485" lon="-121.27894">
        <ele>1509.34</ele>
      </trkpt>
      <trkpt lat="47.45459" lon="-121.27893">
        <ele>1514.9</ele>
      </trkpt>
      <trkpt lat="47.45431" lon="-121.27893">
        <ele>1515.47</ele>
      </trkpt>
      <trkpt lat="47.45424" lon="-121.27892">
        <ele>1515.34</ele>
      </trkpt>
      <trkpt lat="47.45422" lon="-121.27893">
        <ele>1515.78</ele>
      </trkpt>
      <trkpt lat="47.45423" lon="-121.27897">
        <ele>1517.5</ele>
      </trkpt>
      <trkpt lat="47.4544" lon="-121.27905">
        <ele>1521.7</ele>
      </trkpt>
      <trkpt lat="47.45441" lon="-121.27907">
        <ele>1522.78</ele>
      </trkpt>
      <trkpt lat="47.45437" lon="-121.27908">
        <ele>1523.33</ele>
      </trkpt>
      <trkpt lat="47.45428" lon="-121.27904">
        <ele>1521.16</ele>
      </trkpt>
      <trkpt lat="47.4542" lon="-121.27902">
        <ele>1520.08</ele>
      </trkpt>
      <trkpt lat="47.45416" lon="-121.27904">
        <ele>1521.16</ele>
      </trkpt>
      <trkpt lat="47.45412" lon="-121.27907">
        <ele>1522.78</ele>
      </trkpt>
      <trkpt lat="47.45414" lon="-121.27909">
        <ele>1523.86</ele>
      </trkpt>
      <trkpt lat="47.45422" lon="-121.27909">
        <ele>1523.86</ele>
      </trkpt>
      <trkpt lat="47.45429" lon="-121.27912">
        <ele>1525.48</ele>
      </trkpt>
      <trkpt lat="47.45434" lon="-121.27917">
        <ele>1528.25</ele>
      </trkpt>
      <trkpt lat="47.45443" lon="-121.27918">
        <ele>1529.73</ele>
      </trkpt>
      <trkpt lat="47.45446" lon="-121.2792">
        <ele>1531.16</ele>
      </trkpt>
      <trkpt lat="47.45441" lon="-121.27921">
        <ele>1531.61</ele>
      </trkpt>
      <trkpt lat="47.45415" lon="-121.2792">
        <ele>1530.16</ele>
      </trkpt>
      <trkpt lat="47.45405" lon="-121.27922">
        <ele>1531.31</ele>
      </trkpt>
      <trkpt lat="47.45397" lon="-121.27926">
        <ele>1532.92</ele>
      </trkpt>
      <trkpt lat="47.45395" lon="-121.2793">
        <ele>1535.15</ele>
      </trkpt>
      <trkpt lat="47.45403" lon="-121.2793">
        <ele>1535.93</ele>
      </trkpt>
      <trkpt lat="47.45413" lon="-121.27931">
        <ele>1537.07</ele>
      </trkpt>
      <trkpt lat="47.45421" lon="-121.27933">
        <ele>1538.69</ele>
      </trkpt>
      <trkpt lat="47.45428" lon="-121.27937">
        <ele>1541.16</ele>
      </trkpt>
      <trkpt lat="47.45427" lon="-121.27938">
        <ele>1541.6</ele>
      </trkpt>
      <trkpt lat="47.45415" lon="-121.27936">
        <ele>1540.26</ele>
      </trkpt>
      <trkpt lat="47.4541" lon="-121.27936">
        <ele>1539.72</ele>
      </trkpt>
      <trkpt lat="47.45405" lon="-121.27938">
        <ele>1540.44</ele>
      </trkpt>
      <trkpt lat="47.45391" lon="-121.2796">
        <ele>1548.18</ele>
      </trkpt>
      <trkpt lat="47.45377" lon="-121.2797">
        <ele>1549.93</ele>
      </trkpt>
      <trkpt lat="47.45371" lon="-121.27977">
        <ele>1551.14</ele>
      </trkpt>
      <trkpt lat="47.45373" lon="-121.27978">
        <ele>1551.71</ele>
      </trkpt>
      <trkpt lat="47.45377" lon="-121.27974">
        <ele>1551.24</ele>
      </trkpt>
      <trkpt lat="47.45381" lon="-121.27972">
        <ele>1551.22</ele>
      </trkpt>
      <trkpt lat="47.45392" lon="-121.2797">
        <ele>1552.71</ele>
      </trkpt>
      <trkpt lat="47.45392" lon="-121.27973">
        <ele>1553.95</ele>
      </trkpt>
      <trkpt lat="47.45389" lon="-121.27976">
        <ele>1554.25</ele>
      </trkpt>
      <trkpt lat="47.45383" lon="-121.27976">
        <ele>1552.95</ele>
      </trkpt>
      <trkpt lat="47.45376" lon="-121.27979">
        <ele>1552.52</ele>
      </trkpt>
      <trkpt lat="47.45367" lon="-121.27991">
        <ele>1553.96</ele>
      </trkpt>
      <trkpt lat="47.45361" lon="-121.27994">
        <ele>1552.68</ele>
      </trkpt>
      <trkpt lat="47.45358" lon="-121.27999">
        <ele>1553.11</ele>
      </trkpt>
      <trkpt lat="47.45357" lon="-121.2801">
        <ele>1555.27</ele>
      </trkpt>
      <trkpt lat="47.45352" lon="-121.28015">
        <ele>1555.27</ele>
      </trkpt>
      <trkpt lat="47.45339" lon="-121.28024">
        <ele>1556.34</ele>
      </trkpt>
      <trkpt lat="47.45331" lon="-121.28037">
        <ele>1558.25</ele>
      </trkpt>
      <trkpt lat="47.45328" lon="-121.28047">
        <ele>1559.18</ele>
      </trkpt>
      <trkpt lat="47.45327" lon="-121.28058">
        <ele>1559.77</ele>
      </trkpt>
      <trkpt lat="47.45326" lon="-121.28063">
        <ele>1559.96</ele>
      </trkpt>
      <trkpt lat="47.45324" lon="-121.28064">
        <ele>1560.03</ele>
      </trkpt>
      <trkpt lat="47.45323" lon="-121.28061">
        <ele>1560.46</ele>
      </trkpt>
      <trkpt lat="47.45322" lon="-121.28055">
        <ele>1560.88</ele>
      </trkpt>
      <trkpt lat="47.45319" lon="-121.28052">
        <ele>1561.98</ele>
      </trkpt>
      <trkpt lat="47.45316" lon="-121.28044">
        <ele>1562.37</ele>
      </trkpt>
      <trkpt lat="47.45317" lon="-121.28029">
        <ele>1560.63</ele>
      </trkpt>
      <trkpt lat="47.45314" lon="-121.28029">
        <ele>1561.74</ele>
      </trkpt>
      <trkpt lat="47.45311" lon="-121.28031">
        <ele>1564.09</ele>
      </trkpt>
      <trkpt lat="47.4531" lon="-121.28038">
        <ele>1565.17</ele>
      </trkpt>
      <trkpt lat="47.4531" lon="-121.28058">
        <ele>1566.6</ele>
      </trkpt>
      <trkpt lat="47.45304" lon="-121.28074">
        <ele>1570.83</ele>
      </trkpt>
      <trkpt lat="47.45302" lon="-121.28081">
        <ele>1571.63</ele>
      </trkpt>
      <trkpt lat="47.45304" lon="-121.28091">
        <ele>1570.53</ele>
      </trkpt>
      <trkpt lat="47.45304" lon="-121.28097">
        <ele>1570.5</ele>
      </trkpt>
      <trkpt lat="47.45303" lon="-121.28103">
        <ele>1570.79</ele>
      </trkpt>
      <trkpt lat="47.45295" lon="-121.2812">
        <ele>1571.32</ele>
      </trkpt>
      <trkpt lat="47.45293" lon="-121.28128">
        <ele>1571.71</ele>
      </trkpt>
      <trkpt lat="47.45292" lon="-121.28133">
        <ele>1571.93</ele>
      </trkpt>
      <trkpt lat="47.45287" lon="-121.28143">
        <ele>1573.01</ele>
      </trkpt>
      <trkpt lat="47.45281" lon="-121.28147">
        <ele>1574.96</ele>
      </trkpt>
      <trkpt lat="47.45272" lon="-121.2816">
        <ele>1580.4</ele>
      </trkpt>
      <trkpt lat="47.45272" lon="-121.28164">
        <ele>1580.83</ele>
      </trkpt>
      <trkpt lat="47.45273" lon="-121.28168">
        <ele>1580.58</ele>
      </trkpt>
      <trkpt lat="47.45276" lon="-121.28172">
        <ele>1578.96</ele>
      </trkpt>
      <trkpt lat="47.45276" lon="-121.28179">
        <ele>1578.96</ele>
      </trkpt>
      <trkpt lat="47.45274" lon="-121.28186">
        <ele>1580.0</ele>
      </trkpt>
      <trkpt lat="47.45269" lon="-121.28191">
        <ele>1582.14</ele>
      </trkpt>
      <trkpt lat="47.45267" lon="-121.28196">
        <ele>1582.8</ele>
      </trkpt>
      <trkpt lat="47.45266" lon="-121.28205">
        <ele>1583.96</ele>
      </trkpt>
      <trkpt lat="47.45268" lon="-121.28211">
        <ele>1583.96</ele>
      </trkpt>
      <trkpt lat="47.45273" lon="-121.28219">
        <ele>1582.88</ele>
      </trkpt>
      <trkpt lat="47.45273" lon="-121.28245">
        <ele>1588.52</ele>
      </trkpt>
      <trkpt lat="47.45272" lon="-121.28249">
        <ele>1589.39</ele>
      </trkpt>
      <trkpt lat="47.45267" lon="-121.28258">
        <ele>1592.5</ele>
      </trkpt>
      <trkpt lat="47.45267" lon="-121.28268">
        <ele>1593.45</ele>
      </trkpt>
      <trkpt lat="47.45269" lon="-121.2828">
        <ele>1595.54</ele>
      </trkpt>
      <trkpt lat="47.45272" lon="-121.28285">
        <ele>1596.42</ele>
      </trkpt>
      <trkpt lat="47.45292" lon="-121.28295">
        <ele>1596.63</ele>
      </trkpt>
      <trkpt lat="47.45304" lon="-121.28308">
        <ele>1598.34</ele>
      </trkpt>
      <trkpt lat="47.45306" lon="-121.28314">
        <ele>1599.5</ele>
      </trkpt>
      <trkpt lat="47.45306" lon="-121.28319">
        <ele>1601.14</ele>
      </trkpt>
      <trkpt lat="47.45302" lon="-121.28329">
        <ele>1606.13</ele>
      </trkpt>
      <trkpt lat="47.45302" lon="-121.28333">
        <ele>1607.43</ele>
      </trkpt>
      <trkpt lat="47.45303" lon="-121.28337">
        <ele>1608.29</ele>
      </trkpt>
      <trkpt lat="47.45314" lon="-121.28349">
        <ele>1605.82</ele>
      </trkpt>
      <trkpt lat="47.45316" lon="-121.28356">
        <ele>1606.26</ele>
      </trkpt>
      <trkpt lat="47.45315" lon="-121.28381">
        <ele>1609.88</ele>
      </trkpt>
      <trkpt lat="47.45311" lon="-121.28382">
        <ele>1612.06</ele>
      </trkpt>
      <trkpt lat="47.4531" lon="-121.28371">
        <ele>1611.67</ele>
      </trkpt>
      <trkpt lat="47.45303" lon="-121.28355">
        <ele>1612.44</ele>
      </trkpt>
      <trkpt lat="47.45296" lon="-121.28348">
        <ele>1614.28</ele>
      </trkpt>
      <trkpt lat="47.4529" lon="-121.28343">
        <ele>1615.16</ele>
      </trkpt>
      <trkpt lat="47.4528" lon="-121.28342">
        <ele>1618.86</ele>
      </trkpt>
      <trkpt lat="47.45273" lon="-121.28338">
        <ele>1620.58</ele>
      </trkpt>
      <trkpt lat="47.45269" lon="-121.28333">
        <ele>1620.65</ele>
      </trkpt>
      <trkpt lat="47.45267" lon="-121.28333">
        <ele>1621.51</ele>
      </trkpt>
      <trkpt lat="47.45269" lon="-121.28339">
        <ele>1622.63</ele>
      </trkpt>
      <trkpt lat="47.45279" lon="-121.28349">
        <ele>1621.55</ele>
      </trkpt>
      <trkpt lat="47.45283" lon="-121.28356">
        <ele>1621.64</ele>
      </trkpt>
      <trkpt lat="47.45286" lon="-121.28367">
        <ele>1622.08</ele>
      </trkpt>
      <trkpt lat="47.45287" lon="-121.28396">
        <ele>1624.02</ele>
      </trkpt>
      <trkpt lat="47.45285" lon="-121.28408">
        <ele>1625.66</ele>
      </trkpt>
      <trkpt lat="47.45285" lon="-121.28416">
        <ele>1625.66</ele>
      </trkpt>
      <trkpt lat="47.45287" lon="-121.28423">
        <ele>1625.7</ele>
      </trkpt>
      <trkpt lat="47.4529" lon="-121.28426">
        <ele>1624.73</ele>
      </trkpt>
      <trkpt lat="47.45292" lon="-121.28433">
        <ele>1624.68</ele>
      </trkpt>
      <trkpt lat="47.45292" lon="-121.28438">
        <ele>1625.23</ele>
      </trkpt>
      <trkpt lat="47.4529" lon="-121.28443">
        <ele>1626.2</ele>
      </trkpt>
      <trkpt lat="47.45279" lon="-121.28464">
        <ele>1628.88</ele>
      </trkpt>
      <trkpt lat="47.45277" lon="-121.28474">
        <ele>1629.07</ele>
      </trkpt>
      <trkpt lat="47.45278" lon="-121.28492">
        <ele>1628.86</ele>
      </trkpt>
      <trkpt lat="47.45277" lon="-121.28496">
        <ele>1628.43</ele>
      </trkpt>
      <trkpt lat="47.45272" lon="-121.28504">
        <ele>1627.57</ele>
      </trkpt>
      <trkpt lat="47.45272" lon="-121.28513">
        <ele>1626.75</ele>
      </trkpt>
      <trkpt lat="47.45274" lon="-121.28519">
        <ele>1626.54</ele>
      </trkpt>
      <trkpt lat="47.45278" lon="-121.28525">
        <ele>1626.32</ele>
      </trkpt>
      <trkpt lat="47.45284" lon="-121.28537">
        <ele>1624.68</ele>
      </trkpt>
      <trkpt lat="47.45291" lon="-121.28557">
        <ele>1623.7</ele>
      </trkpt>
      <trkpt lat="47.45292" lon="-121.28563">
        <ele>1623.27</ele>
      </trkpt>
      <trkpt lat="47.45292" lon="-121.28578">
        <ele>1622.34</ele>
      </trkpt>
      <trkpt lat="47.45293" lon="-121.28582">
        <ele>1622.34</ele>
      </trkpt>
      <trkpt lat="47.45299" lon="-121.28587">
        <ele>1623.58</ele>
      </trkpt>
      <trkpt lat="47.45301" lon="-121.28593">
        <ele>1624.02</ele>
      </trkpt>
      <trkpt lat="47.45302" lon="-121.28598">
        <ele>1624.23</ele>
      </trkpt>
      <trkpt lat="47.45299" lon="-121.28606">
        <ele>1623.9</ele>
      </trkpt>
      <trkpt lat="47.453" lon="-121.2861">
        <ele>1624.33</ele>
      </trkpt>
      <trkpt lat="47.45319" lon="-121.28629">
        <ele>1624.07</ele>
      </trkpt>
      <trkpt lat="47.45333" lon="-121.28633">
        <ele>1623.64</ele>
      </trkpt>
      <trkpt lat="47.45337" lon="-121.28636">
        <ele>1623.31</ele>
      </trkpt>
      <trkpt lat="47.45342" lon="-121.28647">
        <ele>1621.25</ele>
      </trkpt>
      <trkpt lat="47.45344" lon="-121.28661">
        <ele>1619.22</ele>
      </trkpt>
      <trkpt lat="47.45346" lon="-121.28666">
        <ele>1618.14</ele>
      </trkpt>
      <trkpt lat="47.45352" lon="-121.28672">
        <ele>1616.85</ele>
      </trkpt>
      <trkpt lat="47.45357" lon="-121.28675">
        <ele>1616.2</ele>
      </trkpt>
      <trkpt lat="47.4536" lon="-121.28679">
        <ele>1615.34</ele>
      </trkpt>
      <trkpt lat="47.45362" lon="-121.28685">
        <ele>1614.04</ele>
      </trkpt>
      <trkpt lat="47.45361" lon="-121.28691">
        <ele>1612.75</ele>
      </trkpt>
      <trkpt lat="47.45359" lon="-121.28698">
        <ele>1611.37</ele>
      </trkpt>
      <trkpt lat="47.45352" lon="-121.28705">
        <ele>1609.72</ele>
      </trkpt>
      <trkpt lat="47.45343" lon="-121.28712">
        <ele>1608.21</ele>
      </trkpt>
      <trkpt lat="47.45335" lon="-121.28716">
        <ele>1606.46</ele>
      </trkpt>
      <trkpt lat="47.45307" lon="-121.28718">
        <ele>1603.07</ele>
      </trkpt>
      <trkpt lat="47.45297" lon="-121.28717">
        <ele>1601.28</ele>
      </trkpt>
      <trkpt lat="47.45288" lon="-121.28715">
        <ele>1599.77</ele>
      </trkpt>
      <trkpt lat="47.45281" lon="-121.2871">
        <ele>1599.34</ele>
      </trkpt>
      <trkpt lat="47.4527" lon="-121.28707">
        <ele>1598.15</ele>
      </trkpt>
      <trkpt lat="47.45241" lon="-121.28712">
        <ele>1592.37</ele>
      </trkpt>
      <trkpt lat="47.45221" lon="-121.28714">
        <ele>1588.4</ele>
      </trkpt>
      <trkpt lat="47.4521" lon="-121.28714">
        <ele>1585.74</ele>
      </trkpt>
      <trkpt lat="47.45182" lon="-121.28702">
        <ele>1576.46</ele>
      </trkpt>
      <trkpt lat="47.45177" lon="-121.28702">
        <ele>1573.76</ele>
      </trkpt>
      <trkpt lat="47.45176" lon="-121.28708">
        <ele>1572.58</ele>
      </trkpt>
      <trkpt lat="47.45177" lon="-121.28714">
        <ele>1572.46</ele>
      </trkpt>
      <trkpt lat="47.4518" lon="-121.28719">
        <ele>1573.26</ele>
      </trkpt>
      <trkpt lat="47.45187" lon="-121.28735">
        <ele>1572.83</ele>
      </trkpt>
      <trkpt lat="47.45192" lon="-121.28742">
        <ele>1572.84</ele>
      </trkpt>
      <trkpt lat="47.45202" lon="-121.2875">
        <ele>1571.82</ele>
      </trkpt>
      <trkpt lat="47.45206" lon="-121.28755">
        <ele>1571.28</ele>
      </trkpt>
      <trkpt lat="47.45219" lon="-121.28777">
        <ele>1567.82</ele>
      </trkpt>
      <trkpt lat="47.45241" lon="-121.28798">
        <ele>1568.5</ele>
      </trkpt>
      <trkpt lat="47.45281" lon="-121.2883">
        <ele>1565.21</ele>
      </trkpt>
      <trkpt lat="47.45289" lon="-121.28834">
        <ele>1563.98</ele>
      </trkpt>
      <trkpt lat="47.45304" lon="-121.28836">
        <ele>1564.68</ele>
      </trkpt>
      <trkpt lat="47.45337" lon="-121.28863">
        <ele>1562.99</ele>
      </trkpt>
      <trkpt lat="47.45355" lon="-121.28871">
        <ele>1561.86</ele>
      </trkpt>
      <trkpt lat="47.45378" lon="-121.28881">
        <ele>1558.85</ele>
      </trkpt>
      <trkpt lat="47.45392" lon="-121.28883">
        <ele>1557.24</ele>
      </trkpt>
      <trkpt lat="47.45403" lon="-121.28886">
        <ele>1554.41</ele>
      </trkpt>
      <trkpt lat="47.45433" lon="-121.28898">
        <ele>1546.3</ele>
      </trkpt>
      <trkpt lat="47.45453" lon="-121.28904">
        <ele>1542.55</ele>
      </trkpt>
      <trkpt lat="47.45459" lon="-121.28903">
        <ele>1542.33</ele>
      </trkpt>
      <trkpt lat="47.4546" lon="-121.28907">
        <ele>1540.5</ele>
      </trkpt>
      <trkpt lat="47.4545" lon="-121.28911">
        <ele>1539.69</ele>
      </trkpt>
      <trkpt lat="47.45442" lon="-121.28919">
        <ele>1536.26</ele>
      </trkpt>
      <trkpt lat="47.45428" lon="-121.28925">
        <ele>1534.48</ele>
      </trkpt>
      <trkpt lat="47.45419" lon="-121.28927">
        <ele>1534.08</ele>
      </trkpt>
      <trkpt lat="47.45409" lon="-121.28924">
        <ele>1536.87</ele>
      </trkpt>
      <trkpt lat="47.454" lon="-121.28925">
        <ele>1538.1</ele>
      </trkpt>
      <trkpt lat="47.45345" lon="-121.28938">
        <ele>1534.32</ele>
      </trkpt>
      <trkpt lat="47.45332" lon="-121.28946">
        <ele>1532.45</ele>
      </trkpt>
      <trkpt lat="47.45307" lon="-121.28954">
        <ele>1531.68</ele>
      </trkpt>
      <trkpt lat="47.453" lon="-121.28957">
        <ele>1530.22</ele>
      </trkpt>
      <trkpt lat="47.45292" lon="-121.28964">
        <ele>1527.48</ele>
      </trkpt>
      <trkpt lat="47.45278" lon="-121.28986">
        <ele>1525.93</ele>
      </trkpt>
      <trkpt lat="47.45265" lon="-121.29013">
        <ele>1523.3</ele>
      </trkpt>
      <trkpt lat="47.45258" lon="-121.29022">
        <ele>1521.44</ele>
      </trkpt>
      <trkpt lat="47.45252" lon="-121.2903">
        <ele>1519.58</ele>
      </trkpt>
      <trkpt lat="47.45242" lon="-121.29057">
        <ele>1517.01</ele>
      </trkpt>
      <trkpt lat="47.45226" lon="-121.29081">
        <ele>1513.94</ele>
      </trkpt>
      <trkpt lat="47.45218" lon="-121.29089">
        <ele>1512.62</ele>
      </trkpt>
      <trkpt lat="47.45213" lon="-121.29092">
        <ele>1512.19</ele>
      </trkpt>
      <trkpt lat="47.45202" lon="-121.29094">
        <ele>1514.4</ele>
      </trkpt>
      <trkpt lat="47.45199" lon="-121.29103">
        <ele>1514.59</ele>
      </trkpt>
      <trkpt lat="47.45199" lon="-121.29111">
        <ele>1515.03</ele>
      </trkpt>
      <trkpt lat="47.45208" lon="-121.29126">
        <ele>1511.14</ele>
      </trkpt>
      <trkpt lat="47.4521" lon="-121.29132">
        <ele>1510.28</ele>
      </trkpt>
      <trkpt lat="47.4521" lon="-121.29137">
        <ele>1510.28</ele>
      </trkpt>
      <trkpt lat="47.45206" lon="-121.2915">
        <ele>1510.81</ele>
      </trkpt>
      <trkpt lat="47.452" lon="-121.29161">
        <ele>1512.06</ele>
      </trkpt>
      <trkpt lat="47.45197" lon="-121.29172">
        <ele>1511.6</ele>
      </trkpt>
      <trkpt lat="47.45197" lon="-121.29176">
        <ele>1511.16</ele>
      </trkpt>
      <trkpt lat="47.45199" lon="-121.29182">
        <ele>1509.87</ele>
      </trkpt>
      <trkpt lat="47.45201" lon="-121.29187">
        <ele>1508.88</ele>
      </trkpt>
      <trkpt lat="47.45203" lon="-121.29194">
        <ele>1508.23</ele>
      </trkpt>
      <trkpt lat="47.45202" lon="-121.29209">
        <ele>1507.74</ele>
      </trkpt>
      <trkpt lat="47.45193" lon="-121.29224">
        <ele>1511.31</ele>
      </trkpt>
      <trkpt lat="47.45191" lon="-121.29231">
        <ele>1511.52</ele>
      </trkpt>
      <trkpt lat="47.45186" lon="-121.29268">
        <ele>1509.7</ele>
      </trkpt>
      <trkpt lat="47.45181" lon="-121.29281">
        <ele>1509.46</ele>
      </trkpt>
      <trkpt lat="47.4517" lon="-121.29296">
        <ele>1511.95</ele>
      </trkpt>
      <trkpt lat="47.45166" lon="-121.29315">
        <ele>1510.11</ele>
      </trkpt>
      <trkpt lat="47.45158" lon="-121.29335">
        <ele>1509.45</ele>
      </trkpt>
      <trkpt lat="47.45158" lon="-121.29344">
        <ele>1507.66</ele>
      </trkpt>
      <trkpt lat="47.45157" lon="-121.29349">
        <ele>1507.37</ele>
      </trkpt>
      <trkpt lat="47.45155" lon="-121.29352">
        <ele>1507.23</ele>
      </trkpt>
      <trkpt lat="47.45144" lon="-121.29358">
        <ele>1506.22</ele>
      </trkpt>
      <trkpt lat="47.45143" lon="-121.29364">
        <ele>1504.82</ele>
      </trkpt>
      <trkpt lat="47.45145" lon="-121.29368">
        <ele>1504.17</ele>
      </trkpt>
      <trkpt lat="47.45156" lon="-121.29375">
        <ele>1503.92</ele>
      </trkpt>
      <trkpt lat="47.45169" lon="-121.29388">
        <ele>1502.75</ele>
      </trkpt>
      <trkpt lat="47.45174" lon="-121.29396">
        <ele>1502.21</ele>
      </trkpt>
      <trkpt lat="47.45179" lon="-121.29405">
        <ele>1502.49</ele>
      </trkpt>
      <trkpt lat="47.45183" lon="-121.29416">
        <ele>1502.24</ele>
      </trkpt>
      <trkpt lat="47.45187" lon="-121.29438">
        <ele>1502.0</ele>
      </trkpt>
      <trkpt lat="47.4519" lon="-121.29445">
        <ele>1502.03</ele>
      </trkpt>
      <trkpt lat="47.45194" lon="-121.2945">
        <ele>1502.57</ele>
      </trkpt>
      <trkpt lat="47.45204" lon="-121.29454">
        <ele>1502.03</ele>
      </trkpt>
      <trkpt lat="47.45211" lon="-121.29459">
        <ele>1502.12</ele>
      </trkpt>
      <trkpt lat="47.4522" lon="-121.29461">
        <ele>1502.0</ele>
      </trkpt>
      <trkpt lat="47.45223" lon="-121.29468">
        <ele>1502.0</ele>
      </trkpt>
      <trkpt lat="47.45224" lon="-121.29473">
        <ele>1502.0</ele>
      </trkpt>
      <trkpt lat="47.45223" lon="-121.2948">
        <ele>1502.0</ele>
      </trkpt>
      <trkpt lat="47.4522" lon="-121.29486">
        <ele>1502.12</ele>
      </trkpt>
      <trkpt lat="47.45215" lon="-121.2949">
        <ele>1502.06</ele>
      </trkpt>
      <trkpt lat="47.45214" lon="-121.29497">
        <ele>1500.72</ele>
      </trkpt>
      <trkpt lat="47.45214" lon="-121.29512">
        <ele>1497.63</ele>
      </trkpt>
      <trkpt lat="47.45221" lon="-121.29539">
        <ele>1496.74</ele>
      </trkpt>
      <trkpt lat="47.45228" lon="-121.29549">
        <ele>1497.62</ele>
      </trkpt>
      <trkpt lat="47.45232" lon="-121.29552">
        <ele>1498.0</ele>
      </trkpt>
      <trkpt lat="47.45237" lon="-121.29553">
        <ele>1498.0</ele>
      </trkpt>
      <trkpt lat="47.45241" lon="-121.29551">
        <ele>1498.0</ele>
      </trkpt>
      <trkpt lat="47.45246" lon="-121.29547">
        <ele>1498.0</ele>
      </trkpt>
      <trkpt lat="47.45253" lon="-121.29546">
        <ele>1498.0</ele>
      </trkpt>
      <trkpt lat="47.45259" lon="-121.29549">
        <ele>1498.0</ele>
      </trkpt>
      <trkpt lat="47.45267" lon="-121.29556">
        <ele>1498.84</ele>
      </trkpt>
      <trkpt lat="47.45281" lon="-121.29557">
        <ele>1499.0</ele>
      </trkpt>
      <trkpt lat="47.45295" lon="-121.29573">
        <ele>1499.98</ele>
      </trkpt>
      <trkpt lat="47.45302" lon="-121.29579">
        <ele>1500.33</ele>
      </trkpt>
      <trkpt lat="47.45309" lon="-121.29582">
        <ele>1501.23</ele>
      </trkpt>
      <trkpt lat="47.45313" lon="-121.29588">
        <ele>1502.31</ele>
      </trkpt>
      <trkpt lat="47.4533" lon="-121.29595">
        <ele>1508.44</ele>
      </trkpt>
      <trkpt lat="47.45331" lon="-121.296">
        <ele>1509.84</ele>
      </trkpt>
      <trkpt lat="47.45331" lon="-121.29605">
        <ele>1510.58</ele>
      </trkpt>
      <trkpt lat="47.45322" lon="-121.29621">
        <ele>1510.86</ele>
      </trkpt>
      <trkpt lat="47.45321" lon="-121.29627">
        <ele>1511.62</ele>
      </trkpt>
      <trkpt lat="47.45322" lon="-121.29632">
        <ele>1512.71</ele>
      </trkpt>
      <trkpt lat="47.45318" lon="-121.29638">
        <ele>1514.12</ele>
      </trkpt>
      <trkpt lat="47.45315" lon="-121.2964">
        <ele>1514.26</ele>
      </trkpt>
      <trkpt lat="47.45309" lon="-121.2964">
        <ele>1513.61</ele>
      </trkpt>
      <trkpt lat="47.45304" lon="-121.29642">
        <ele>1513.34</ele>
      </trkpt>
      <trkpt lat="47.45299" lon="-121.29648">
        <ele>1513.55</ele>
      </trkpt>
      <trkpt lat="47.45292" lon="-121.29648">
        <ele>1512.05</ele>
      </trkpt>
      <trkpt lat="47.45288" lon="-121.29652">
        <ele>1511.58</ele>
      </trkpt>
      <trkpt lat="47.45267" lon="-121.29688">
        <ele>1519.39</ele>
      </trkpt>
      <trkpt lat="47.45264" lon="-121.29694">
        <ele>1519.95</ele>
      </trkpt>
      <trkpt lat="47.45262" lon="-121.29702">
        <ele>1519.83</ele>
      </trkpt>
      <trkpt lat="47.45261" lon="-121.29712">
        <ele>1520.46</ele>
      </trkpt>
      <trkpt lat="47.45262" lon="-121.29719">
        <ele>1520.89</ele>
      </trkpt>
      <trkpt lat="47.45271" lon="-121.2974">
        <ele>1523.56</ele>
      </trkpt>
      <trkpt lat="47.45273" lon="-121.29749">
        <ele>1523.97</ele>
      </trkpt>
      <trkpt lat="47.45277" lon="-121.29773">
        <ele>1523.83</ele>
      </trkpt>
      <trkpt lat="47.45274" lon="-121.29788">
        <ele>1523.18</ele>
      </trkpt>
      <trkpt lat="47.45276" lon="-121.29796">
        <ele>1523.62</ele>
      </trkpt>
      <trkpt lat="47.45279" lon="-121.29799">
        <ele>1524.56</ele>
      </trkpt>
      <trkpt lat="47.45279" lon="-121.29806">
        <ele>1525.31</ele>
      </trkpt>
      <trkpt lat="47.45276" lon="-121.29814">
        <ele>1525.53</ele>
      </trkpt>
      <trkpt lat="47.4527" lon="-121.29824">
        <ele>1525.31</ele>
      </trkpt>
      <trkpt lat="47.45269" lon="-121.29836">
        <ele>1526.07</ele>
      </trkpt>
      <trkpt lat="47.4527" lon="-121.29846">
        <ele>1526.32</ele>
      </trkpt>
      <trkpt lat="47.45273" lon="-121.29854">
        <ele>1526.74</ele>
      </trkpt>
      <trkpt lat="47.45277" lon="-121.29862">
        <ele>1526.73</ele>
      </trkpt>
      <trkpt lat="47.45285" lon="-121.29865">
        <ele>1527.81</ele>
      </trkpt>
      <trkpt lat="47.453" lon="-121.29876">
        <ele>1527.18</ele>
      </trkpt>
      <trkpt lat="47.45302" lon="-121.29872">
        <ele>1528.26</ele>
      </trkpt>
      <trkpt lat="47.4529" lon="-121.29856">
        <ele>1529.32</ele>
      </trkpt>
      <trkpt lat="47.45291" lon="-121.29851">
        <ele>1529.47</ele>
      </trkpt>
      <trkpt lat="47.45294" lon="-121.29845">
        <ele>1530.31</ele>
      </trkpt>
      <trkpt lat="47.45298" lon="-121.29842">
        <ele>1531.37</ele>
      </trkpt>
      <trkpt lat="47.45302" lon="-121.29842">
        <ele>1532.23</ele>
      </trkpt>
      <trkpt lat="47.45315" lon="-121.29844">
        <ele>1535.06</ele>
      </trkpt>
      <trkpt lat="47.45322" lon="-121.29842">
        <ele>1537.34</ele>
      </trkpt>
      <trkpt lat="47.45331" lon="-121.29832">
        <ele>1539.5</ele>
      </trkpt>
      <trkpt lat="47.45339" lon="-121.29819">
        <ele>1541.22</ele>
      </trkpt>
      <trkpt lat="47.4535" lon="-121.29796">
        <ele>1542.57</ele>
      </trkpt>
      <trkpt lat="47.45353" lon="-121.29788">
        <ele>1542.46</ele>
      </trkpt>
      <trkpt lat="47.45357" lon="-121.29779">
        <ele>1542.8</ele>
      </trkpt>
      <trkpt lat="47.45363" lon="-121.29772">
        <ele>1544.61</ele>
      </trkpt>
      <trkpt lat="47.45369" lon="-121.29769">
        <ele>1546.56</ele>
      </trkpt>
      <trkpt lat="47.45397" lon="-121.2974">
        <ele>1548.72</ele>
      </trkpt>
      <trkpt lat="47.45403" lon="-121.29736">
        <ele>1549.02</ele>
      </trkpt>
      <trkpt lat="47.4541" lon="-121.29735">
        <ele>1550.04</ele>
      </trkpt>
      <trkpt lat="47.45419" lon="-121.29728">
        <ele>1549.66</ele>
      </trkpt>
      <trkpt lat="47.45434" lon="-121.29729">
        <ele>1552.3</ele>
      </trkpt>
      <trkpt lat="47.45456" lon="-121.29722">
        <ele>1553.45</ele>
      </trkpt>
      <trkpt lat="47.45471" lon="-121.29722">
        <ele>1556.71</ele>
      </trkpt>
      <trkpt lat="47.45478" lon="-121.2972">
        <ele>1558.01</ele>
      </trkpt>
      <trkpt lat="47.45483" lon="-121.29716">
        <ele>1558.71</ele>
      </trkpt>
      <trkpt lat="47.45487" lon="-121.2971">
        <ele>1559.66</ele>
      </trkpt>
      <trkpt lat="47.45493" lon="-121.29706">
        <ele>1561.49</ele>
      </trkpt>
      <trkpt lat="47.45504" lon="-121.29704">
        <ele>1563.88</ele>
      </trkpt>
      <trkpt lat="47.45509" lon="-121.29699">
        <ele>1564.44</ele>
      </trkpt>
      <trkpt lat="47.4553" lon="-121.29695">
        <ele>1567.6</ele>
      </trkpt>
      <trkpt lat="47.45558" lon="-121.29693">
        <ele>1570.95</ele>
      </trkpt>
      <trkpt lat="47.45565" lon="-121.29692">
        <ele>1571.49</ele>
      </trkpt>
      <trkpt lat="47.45569" lon="-121.29695">
        <ele>1572.57</ele>
      </trkpt>
      <trkpt lat="47.45568" lon="-121.29702">
        <ele>1573.98</ele>
      </trkpt>
      <trkpt lat="47.45564" lon="-121.29709">
        <ele>1575.09</ele>
      </trkpt>
      <trkpt lat="47.45565" lon="-121.2971">
        <ele>1575.38</ele>
      </trkpt>
      <trkpt lat="47.45567" lon="-121.29714">
        <ele>1576.46</ele>
      </trkpt>
      <trkpt lat="47.45568" lon="-121.29721">
        <ele>1578.08</ele>
      </trkpt>
      <trkpt lat="47.45568" lon="-121.29728">
        <ele>1579.18</ele>
      </trkpt>
      <trkpt lat="47.45566" lon="-121.29743">
        <ele>1579.6</ele>
      </trkpt>
      <trkpt lat="47.45563" lon="-121.29755">
        <ele>1579.61</ele>
      </trkpt>
      <trkpt lat="47.45565" lon="-121.29759">
        <ele>1580.06</ele>
      </trkpt>
      <trkpt lat="47.45568" lon="-121.29761">
        <ele>1580.97</ele>
      </trkpt>
      <trkpt lat="47.45576" lon="-121.29759">
        <ele>1583.6</ele>
      </trkpt>
      <trkpt lat="47.45581" lon="-121.29754">
        <ele>1584.68</ele>
      </trkpt>
      <trkpt lat="47.45592" lon="-121.29753">
        <ele>1586.89</ele>
      </trkpt>
      <trkpt lat="47.45599" lon="-121.29749">
        <ele>1587.51</ele>
      </trkpt>
      <trkpt lat="47.45607" lon="-121.29743">
        <ele>1587.04</ele>
      </trkpt>
      <trkpt lat="47.45615" lon="-121.29734">
        <ele>1587.84</ele>
      </trkpt>
      <trkpt lat="47.4562" lon="-121.29726">
        <ele>1589.84</ele>
      </trkpt>
      <trkpt lat="47.45626" lon="-121.29717">
        <ele>1593.53</ele>
      </trkpt>
      <trkpt lat="47.45638" lon="-121.29702">
        <ele>1597.34</ele>
      </trkpt>
      <trkpt lat="47.45652" lon="-121.2969">
        <ele>1594.8</ele>
      </trkpt>
      <trkpt lat="47.45684" lon="-121.29684">
        <ele>1599.49</ele>
      </trkpt>
      <trkpt lat="47.45696" lon="-121.29678">
        <ele>1599.58</ele>
      </trkpt>
      <trkpt lat="47.45704" lon="-121.29676">
        <ele>1600.01</ele>
      </trkpt>
      <trkpt lat="47.45711" lon="-121.29676">
        <ele>1600.01</ele>
      </trkpt>
      <trkpt lat="47.45718" lon="-121.2968">
        <ele>1600.68</ele>
      </trkpt>
      <trkpt lat="47.45723" lon="-121.29687">
        <ele>1602.2</ele>
      </trkpt>
      <trkpt lat="47.45728" lon="-121.29694">
        <ele>1602.95</ele>
      </trkpt>
      <trkpt lat="47.45729" lon="-121.29702">
        <ele>1604.41</ele>
      </trkpt>
      <trkpt lat="47.4573" lon="-121.29723">
        <ele>1607.76</ele>
      </trkpt>
      <trkpt lat="47.45726" lon="-121.29757">
        <ele>1609.22</ele>
      </trkpt>
      <trkpt lat="47.45724" lon="-121.29783">
        <ele>1609.52</ele>
      </trkpt>
      <trkpt lat="47.45721" lon="-121.29792">
        <ele>1609.14</ele>
      </trkpt>
      <trkpt lat="47.45722" lon="-121.29797">
        <ele>1610.0</ele>
      </trkpt>
      <trkpt lat="47.4573" lon="-121.29808">
        <ele>1616.39</ele>
      </trkpt>
      <trkpt lat="47.4573" lon="-121.29812">
        <ele>1616.96</ele>
      </trkpt>
      <trkpt lat="47.45728" lon="-121.29818">
        <ele>1617.18</ele>
      </trkpt>
      <trkpt lat="47.45712" lon="-121.29855">
        <ele>1624.67</ele>
      </trkpt>
      <trkpt lat="47.45708" lon="-121.29867">
        <ele>1625.49</ele>
      </trkpt>
      <trkpt lat="47.45705" lon="-121.29896">
        <ele>1625.81</ele>
      </trkpt>
      <trkpt lat="47.45706" lon="-121.29902">
        <ele>1627.22</ele>
      </trkpt>
      <trkpt lat="47.45709" lon="-121.29908">
        <ele>1629.92</ele>
      </trkpt>
      <trkpt lat="47.45713" lon="-121.29913">
        <ele>1632.63</ele>
      </trkpt>
      <trkpt lat="47.45721" lon="-121.29917">
        <ele>1638.24</ele>
      </trkpt>
      <trkpt lat="47.45721" lon="-121.29922">
        <ele>1638.71</ele>
      </trkpt>
      <trkpt lat="47.4572" lon="-121.29934">
        <ele>1638.32</ele>
      </trkpt>
      <trkpt lat="47.45719" lon="-121.29949">
        <ele>1638.88</ele>
      </trkpt>
      <trkpt lat="47.4572" lon="-121.29978">
        <ele>1642.46</ele>
      </trkpt>
      <trkpt lat="47.45719" lon="-121.29984">
        <ele>1642.23</ele>
      </trkpt>
      <trkpt lat="47.45715" lon="-121.29992">
        <ele>1640.24</ele>
      </trkpt>
      <trkpt lat="47.45705" lon="-121.30027">
        <ele>1648.58</ele>
      </trkpt>
      <trkpt lat="47.45702" lon="-121.30056">
        <ele>1655.03</ele>
      </trkpt>
      <trkpt lat="47.45697" lon="-121.30104">
        <ele>1658.38</ele>
      </trkpt>
      <trkpt lat="47.45695" lon="-121.30129">
        <ele>1661.16</ele>
      </trkpt>
      <trkpt lat="47.45691" lon="-121.30159">
        <ele>1668.74</ele>
      </trkpt>
      <trkpt lat="47.4569" lon="-121.30185">
        <ele>1672.15</ele>
      </trkpt>
      <trkpt lat="47.45687" lon="-121.30194">
        <ele>1670.52</ele>
      </trkpt>
      <trkpt lat="47.45684" lon="-121.30208">
        <ele>1668.63</ele>
      </trkpt>
      <trkpt lat="47.4567" lon="-121.30238">
        <ele>1669.72</ele>
      </trkpt>
      <trkpt lat="47.45666" lon="-121.30251">
        <ele>1670.85</ele>
      </trkpt>
      <trkpt lat="47.45665" lon="-121.30263">
        <ele>1672.32</ele>
      </trkpt>
      <trkpt lat="47.45667" lon="-121.30287">
        <ele>1674.22</ele>
      </trkpt>
      <trkpt lat="47.45666" lon="-121.30295">
        <ele>1673.51</ele>
      </trkpt>
      <trkpt lat="47.45649" lon="-121.30331">
        <ele>1674.29</ele>
      </trkpt>
      <trkpt lat="47.45635" lon="-121.30365">
        <ele>1680.65</ele>
      </trkpt>
      <trkpt lat="47.45631" lon="-121.30374">
        <ele>1681.55</ele>
      </trkpt>
      <trkpt lat="47.45624" lon="-121.30389">
        <ele>1681.77</ele>
      </trkpt>
      <trkpt lat="47.45623" lon="-121.30398">
        <ele>1683.24</ele>
      </trkpt>
      <trkpt lat="47.45621" lon="-121.30402">
        <ele>1682.79</ele>
      </trkpt>
      <trkpt lat="47.45621" lon="-121.30407">
        <ele>1684.41</ele>
      </trkpt>
      <trkpt lat="47.45623" lon="-121.30412">
        <ele>1688.12</ele>
      </trkpt>
      <trkpt lat="47.45623" lon="-121.30421">
        <ele>1691.06</ele>
      </trkpt>
      <trkpt lat="47.45621" lon="-121.30427">
        <ele>1690.88</ele>
      </trkpt>
      <trkpt lat="47.45619" lon="-121.30438">
        <ele>1692.23</ele>
      </trkpt>
      <trkpt lat="47.45614" lon="-121.30466">
        <ele>1692.26</ele>
      </trkpt>
      <trkpt lat="47.45591" lon="-121.30542">
        <ele>1705.4</ele>
      </trkpt>
      <trkpt lat="47.45588" lon="-121.30558">
        <ele>1707.83</ele>
      </trkpt>
      <trkpt lat="47.45584" lon="-121.3057">
        <ele>1707.4</ele>
      </trkpt>
      <trkpt lat="47.45568" lon="-121.30608">
        <ele>1712.7</ele>
      </trkpt>
      <trkpt lat="47.45559" lon="-121.30625">
        <ele>1719.05</ele>
      </trkpt>
      <trkpt lat="47.45543" lon="-121.3065">
        <ele>1725.14</ele>
      </trkpt>
      <trkpt lat="47.45533" lon="-121.3066">
        <ele>1725.75</ele>
      </trkpt>
      <trkpt lat="47.45533" lon="-121.30662">
        <ele>1727.14</ele>
      </trkpt>
      <trkpt lat="47.4555" lon="-121.30655">
        <ele>1731.85</ele>
      </trkpt>
      <trkpt lat="47.45557" lon="-121.30649">
        <ele>1731.82</ele>
      </trkpt>
      <trkpt lat="47.45587" lon="-121.30625">
        <ele>1732.78</ele>
      </trkpt>
      <trkpt lat="47.45598" lon="-121.30615">
        <ele>1735.27</ele>
      </trkpt>
      <trkpt lat="47.45638" lon="-121.30563">
        <ele>1743.53</ele>
      </trkpt>
      <trkpt lat="47.45647" lon="-121.3055">
        <ele>1746.06</ele>
      </trkpt>
      <trkpt lat="47.45649" lon="-121.30545">
        <ele>1746.19</ele>
      </trkpt>
      <trkpt lat="47.4565" lon="-121.30544">
        <ele>1746.66</ele>
      </trkpt>
      <trkpt lat="47.45651" lon="-121.30549">
        <ele>1749.25</ele>
      </trkpt>
      <trkpt lat="47.45636" lon="-121.30598">
        <ele>1748.39</ele>
      </trkpt>
      <trkpt lat="47.45637" lon="-121.306">
        <ele>1748.16</ele>
      </trkpt>
      <trkpt lat="47.45642" lon="-121.306">
        <ele>1748.94</ele>
      </trkpt>
      <trkpt lat="47.45648" lon="-121.30599">
        <ele>1750.51</ele>
      </trkpt>
      <trkpt lat="47.45652" lon="-121.30596">
        <ele>1751.85</ele>
      </trkpt>
      <trkpt lat="47.45667" lon="-121.30578">
        <ele>1757.25</ele>
      </trkpt>
      <trkpt lat="47.45683" lon="-121.30567">
        <ele>1760.11</ele>
      </trkpt>
      <trkpt lat="47.45694" lon="-121.30562">
        <ele>1761.57</ele>
      </trkpt>
      <trkpt lat="47.4572" lon="-121.30558">
        <ele>1765.7</ele>
      </trkpt>
      <trkpt lat="47.4573" lon="-121.30554">
        <ele>1768.85</ele>
      </trkpt>
      <trkpt lat="47.45753" lon="-121.30545">
        <ele>1770.5</ele>
      </trkpt>
      <trkpt lat="47.45767" lon="-121.30537">
        <ele>1767.0</ele>
      </trkpt>
      <trkpt lat="47.45781" lon="-121.30532">
        <ele>1765.53</ele>
      </trkpt>
      <trkpt lat="47.45787" lon="-121.30532">
        <ele>1765.18</ele>
      </trkpt>
      <trkpt lat="47.45793" lon="-121.30533">
        <ele>1765.39</ele>
      </trkpt>
      <trkpt lat="47.45796" lon="-121.30535">
        <ele>1764.85</ele>
      </trkpt>
      <trkpt lat="47.45799" lon="-121.30538">
        <ele>1765.76</ele>
      </trkpt>
      <trkpt lat="47.458" lon="-121.30543">
        <ele>1765.13</ele>
      </trkpt>
      <trkpt lat="47.45802" lon="-121.30545">
        <ele>1766.26</ele>
      </trkpt>
      <trkpt lat="47.45811" lon="-121.30549">
        <ele>1772.95</ele>
      </trkpt>
      <trkpt lat="47.45815" lon="-121.30556">
        <ele>1772.74</ele>
      </trkpt>
      <trkpt lat="47.45834" lon="-121.30575">
        <ele>1773.82</ele>
      </trkpt>
      <trkpt lat="47.45838" lon="-121.30584">
        <ele>1769.48</ele>
      </trkpt>
      <trkpt lat="47.45839" lon="-121.30593">
        <ele>1762.22</ele>
      </trkpt>
      <trkpt lat="47.45842" lon="-121.30595">
        <ele>1760.39</ele>
      </trkpt>
      <trkpt lat="47.45864" lon="-121.30593">
        <ele>1754.54</ele>
      </trkpt>
      <trkpt lat="47.45869" lon="-121.3059">
        <ele>1758.44</ele>
      </trkpt>
      <trkpt lat="47.45874" lon="-121.3059">
        <ele>1760.64</ele>
      </trkpt>
      <trkpt lat="47.45879" lon="-121.30592">
        <ele>1762.04</ele>
      </trkpt>
      <trkpt lat="47.45897" lon="-121.30606">
        <ele>1750.84</ele>
      </trkpt>
      <trkpt lat="47.45902" lon="-121.30612">
        <ele>1742.04</ele>
      </trkpt>
      <trkpt lat="47.45908" lon="-121.30612">
        <ele>1737.36</ele>
      </trkpt>
      <trkpt lat="47.45911" lon="-121.3061">
        <ele>1738.48</ele>
      </trkpt>
      <trkpt lat="47.45919" lon="-121.30602">
        <ele>1744.41</ele>
      </trkpt>
      <trkpt lat="47.45937" lon="-121.30601">
        <ele>1747.74</ele>
      </trkpt>
      <trkpt lat="47.45951" lon="-121.30589">
        <ele>1745.69</ele>
      </trkpt>
      <trkpt lat="47.45955" lon="-121.30588">
        <ele>1743.47</ele>
      </trkpt>
      <trkpt lat="47.45959" lon="-121.30591">
        <ele>1738.91</ele>
      </trkpt>
      <trkpt lat="47.45963" lon="-121.30595">
        <ele>1733.7</ele>
      </trkpt>
      <trkpt lat="47.45965" lon="-121.30601">
        <ele>1729.83</ele>
      </trkpt>
      <trkpt lat="47.45969" lon="-121.30604">
        <ele>1730.86</ele>
      </trkpt>
      <trkpt lat="47.45973" lon="-121.30604">
        <ele>1734.25</ele>
      </trkpt>
      <trkpt lat="47.45977" lon="-121.30602">
        <ele>1737.92</ele>
      </trkpt>
      <trkpt lat="47.45986" lon="-121.30601">
        <ele>1741.8</ele>
      </trkpt>
      <trkpt lat="47.45997" lon="-121.30589">
        <ele>1754.08</ele>
      </trkpt>
      <trkpt lat="47.46008" lon="-121.30583">
        <ele>1756.91</ele>
      </trkpt>
      <trkpt lat="47.46018" lon="-121.30576">
        <ele>1755.82</ele>
      </trkpt>
      <trkpt lat="47.46025" lon="-121.30576">
        <ele>1751.28</ele>
      </trkpt>
      <trkpt lat="47.4603" lon="-121.3058">
        <ele>1747.39</ele>
      </trkpt>
      <trkpt lat="47.46037" lon="-121.30587">
        <ele>1745.21</ele>
      </trkpt>
      <trkpt lat="47.46045" lon="-121.30598">
        <ele>1740.08</ele>
      </trkpt>
      <trkpt lat="47.46056" lon="-121.30609">
        <ele>1735.18</ele>
      </trkpt>
      <trkpt lat="47.46061" lon="-121.30613">
        <ele>1733.69</ele>
      </trkpt>
      <trkpt lat="47.46068" lon="-121.30615">
        <ele>1733.32</ele>
      </trkpt>
      <trkpt lat="47.46079" lon="-121.30617">
        <ele>1731.59</ele>
      </trkpt>
      <trkpt lat="47.46093" lon="-121.30617">
        <ele>1727.78</ele>
      </trkpt>
      <trkpt lat="47.46108" lon="-121.30625">
        <ele>1726.48</ele>
      </trkpt>
      <trkpt lat="47.46119" lon="-121.30636">
        <ele>1730.06</ele>
      </trkpt>
      <trkpt lat="47.46128" lon="-121.30647">
        <ele>1730.62</ele>
      </trkpt>
      <trkpt lat="47.46139" lon="-121.30663">
        <ele>1727.59</ele>
      </trkpt>
      <trkpt lat="47.46158" lon="-121.3068">
        <ele>1717.21</ele>
      </trkpt>
      <trkpt lat="47.46163" lon="-121.30685">
        <ele>1718.32</ele>
      </trkpt>
      <trkpt lat="47.4617" lon="-121.30699">
        <ele>1717.73</ele>
      </trkpt>
      <trkpt lat="47.46186" lon="-121.30719">
        <ele>1716.44</ele>
      </trkpt>
      <trkpt lat="47.46195" lon="-121.30727">
        <ele>1715.2</ele>
      </trkpt>
      <trkpt lat="47.46199" lon="-121.30732">
        <ele>1713.6</ele>
      </trkpt>
      <trkpt lat="47.46203" lon="-121.30738">
        <ele>1710.82</ele>
      </trkpt>
      <trkpt lat="47.4621" lon="-121.30741">
        <ele>1710.82</ele>
      </trkpt>
      <trkpt lat="47.46233" lon="-121.30742">
        <ele>1712.66</ele>
      </trkpt>
      <trkpt lat="47.46276" lon="-121.30752">
        <ele>1714.14</ele>
      </trkpt>
      <trkpt lat="47.46285" lon="-121.30752">
        <ele>1714.14</ele>
      </trkpt>
      <trkpt lat="47.46304" lon="-121.30747">
        <ele>1714.63</ele>
      </trkpt>
      <trkpt lat="47.46314" lon="-121.30746">
        <ele>1711.99</ele>
      </trkpt>
      <trkpt lat="47.46319" lon="-121.30744">
        <ele>1710.78</ele>
      </trkpt>
      <trkpt lat="47.46324" lon="-121.30738">
        <ele>1710.63</ele>
      </trkpt>
      <trkpt lat="47.46336" lon="-121.30726">
        <ele>1709.49</ele>
      </trkpt>
      <trkpt lat="47.46348" lon="-121.30716">
        <ele>1712.69</ele>
      </trkpt>
      <trkpt lat="47.46355" lon="-121.30711">
        <ele>1714.37</ele>
      </trkpt>
      <trkpt lat="47.46408" lon="-121.30713">
        <ele>1714.8</ele>
      </trkpt>
      <trkpt lat="47.46416" lon="-121.3071">
        <ele>1713.18</ele>
      </trkpt>
      <trkpt lat="47.46425" lon="-121.30703">
        <ele>1715.16</ele>
      </trkpt>
      <trkpt lat="47.46435" lon="-121.30701">
        <ele>1717.83</ele>
      </trkpt>
      <trkpt lat="47.46445" lon="-121.30701">
        <ele>1722.35</ele>
      </trkpt>
      <trkpt lat="47.46454" lon="-121.30703">
        <ele>1724.31</ele>
      </trkpt>
      <trkpt lat="47.46474" lon="-121.30715">
        <ele>1717.35</ele>
      </trkpt>
      <trkpt lat="47.46484" lon="-121.30722">
        <ele>1717.71</ele>
      </trkpt>
      <trkpt lat="47.46517" lon="-121.30743">
        <ele>1723.84</ele>
      </trkpt>
      <trkpt lat="47.46528" lon="-121.30747">
        <ele>1721.06</ele>
      </trkpt>
      <trkpt lat="47.46536" lon="-121.30748">
        <ele>1724.74</ele>
      </trkpt>
      <trkpt lat="47.4654" lon="-121.30754">
        <ele>1724.36</ele>
      </trkpt>
      <trkpt lat="47.46544" lon="-121.3076">
        <ele>1725.59</ele>
      </trkpt>
      <trkpt lat="47.4657" lon="-121.30828">
        <ele>1722.75</ele>
      </trkpt>
      <trkpt lat="47.46575" lon="-121.30837">
        <ele>1719.36</ele>
      </trkpt>
      <trkpt lat="47.46581" lon="-121.30844">
        <ele>1716.35</ele>
      </trkpt>
      <trkpt lat="47.46595" lon="-121.30871">
        <ele>1711.93</ele>
      </trkpt>
      <trkpt lat="47.46599" lon="-121.3088">
        <ele>1712.74</ele>
      </trkpt>
      <trkpt lat="47.46605" lon="-121.30893">
        <ele>1712.56</ele>
      </trkpt>
      <trkpt lat="47.46612" lon="-121.30903">
        <ele>1711.96</ele>
      </trkpt>
      <trkpt lat="47.46616" lon="-121.30906">
        <ele>1712.93</ele>
      </trkpt>
      <trkpt lat="47.46626" lon="-121.30916">
        <ele>1711.3</ele>
      </trkpt>
      <trkpt lat="47.46643" lon="-121.3094">
        <ele>1706.76</ele>
      </trkpt>
      <trkpt lat="47.46648" lon="-121.30951">
        <ele>1706.08</ele>
      </trkpt>
      <trkpt lat="47.46652" lon="-121.30968">
        <ele>1700.39</ele>
      </trkpt>
      <trkpt lat="47.46653" lon="-121.30976">
        <ele>1697.82</ele>
      </trkpt>
      <trkpt lat="47.46657" lon="-121.30984">
        <ele>1696.1</ele>
      </trkpt>
      <trkpt lat="47.46664" lon="-121.30994">
        <ele>1696.86</ele>
      </trkpt>
      <trkpt lat="47.46672" lon="-121.31012">
        <ele>1695.71</ele>
      </trkpt>
      <trkpt lat="47.4668" lon="-121.31026">
        <ele>1694.9</ele>
      </trkpt>
      <trkpt lat="47.46699" lon="-121.31047">
        <ele>1694.76</ele>
      </trkpt>
      <trkpt lat="47.46708" lon="-121.31059">
        <ele>1696.4</ele>
      </trkpt>
      <trkpt lat="47.46717" lon="-121.3108">
        <ele>1692.95</ele>
      </trkpt>
      <trkpt lat="47.46724" lon="-121.31112">
        <ele>1684.62</ele>
      </trkpt>
      <trkpt lat="47.46737" lon="-121.31128">
        <ele>1677.11</ele>
      </trkpt>
      <trkpt lat="47.46757" lon="-121.31143">
        <ele>1670.16</ele>
      </trkpt>
      <trkpt lat="47.46768" lon="-121.31147">
        <ele>1672.47</ele>
      </trkpt>
      <trkpt lat="47.4678" lon="-121.31151">
        <ele>1676.11</ele>
      </trkpt>
      <trkpt lat="47.46793" lon="-121.31158">
        <ele>1677.15</ele>
      </trkpt>
      <trkpt lat="47.468" lon="-121.31162">
        <ele>1676.32</ele>
      </trkpt>
      <trkpt lat="47.46817" lon="-121.31179">
        <ele>1670.81</ele>
      </trkpt>
      <trkpt lat="47.46826" lon="-121.31193">
        <ele>1664.32</ele>
      </trkpt>
      <trkpt lat="47.46832" lon="-121.31204">
        <ele>1658.7</ele>
      </trkpt>
      <trkpt lat="47.46838" lon="-121.31212">
        <ele>1654.97</ele>
      </trkpt>
      <trkpt lat="47.46843" lon="-121.31215">
        <ele>1654.17</ele>
      </trkpt>
      <trkpt lat="47.46869" lon="-121.31218">
        <ele>1658.06</ele>
      </trkpt>
      <trkpt lat="47.4688" lon="-121.31214">
        <ele>1662.48</ele>
      </trkpt>
      <trkpt lat="47.46886" lon="-121.31216">
        <ele>1662.05</ele>
      </trkpt>
      <trkpt lat="47.46892" lon="-121.3122">
        <ele>1660.2</ele>
      </trkpt>
      <trkpt lat="47.46895" lon="-121.31226">
        <ele>1657.5</ele>
      </trkpt>
      <trkpt lat="47.46901" lon="-121.31232">
        <ele>1658.07</ele>
      </trkpt>
      <trkpt lat="47.46909" lon="-121.31238">
        <ele>1661.51</ele>
      </trkpt>
      <trkpt lat="47.46922" lon="-121.31243">
        <ele>1663.04</ele>
      </trkpt>
      <trkpt lat="47.46929" lon="-121.31248">
        <ele>1663.07</ele>
      </trkpt>
      <trkpt lat="47.46934" lon="-121.31255">
        <ele>1663.07</ele>
      </trkpt>
      <trkpt lat="47.46937" lon="-121.31257">
        <ele>1664.2</ele>
      </trkpt>
      <trkpt lat="47.4694" lon="-121.31263">
        <ele>1664.1</ele>
      </trkpt>
      <trkpt lat="47.46951" lon="-121.31295">
        <ele>1658.54</ele>
      </trkpt>
      <trkpt lat="47.46956" lon="-121.31313">
        <ele>1655.04</ele>
      </trkpt>
      <trkpt lat="47.46976" lon="-121.31329">
        <ele>1660.88</ele>
      </trkpt>
      <trkpt lat="47.46992" lon="-121.31342">
        <ele>1663.74</ele>
      </trkpt>
      <trkpt lat="47.47001" lon="-121.31348">
        <ele>1665.03</ele>
      </trkpt>
      <trkpt lat="47.47027" lon="-121.3136">
        <ele>1677.37</ele>
      </trkpt>
      <trkpt lat="47.47033" lon="-121.31366">
        <ele>1681.95</ele>
      </trkpt>
      <trkpt lat="47.4704" lon="-121.31382">
        <ele>1680.68</ele>
      </trkpt>
      <trkpt lat="47.47047" lon="-121.31394">
        <ele>1676.39</ele>
      </trkpt>
      <trkpt lat="47.47053" lon="-121.314">
        <ele>1674.45</ele>
      </trkpt>
      <trkpt lat="47.47059" lon="-121.31406">
        <ele>1673.51</ele>
      </trkpt>
      <trkpt lat="47.47067" lon="-121.31415">
        <ele>1676.91</ele>
      </trkpt>
      <trkpt lat="47.47071" lon="-121.31422">
        <ele>1680.58</ele>
      </trkpt>
      <trkpt lat="47.47074" lon="-121.31436">
        <ele>1679.59</ele>
      </trkpt>
      <trkpt lat="47.47078" lon="-121.31442">
        <ele>1679.29</ele>
      </trkpt>
      <trkpt lat="47.47095" lon="-121.3145">
        <ele>1683.7</ele>
      </trkpt>
      <trkpt lat="47.47106" lon="-121.3145">
        <ele>1690.54</ele>
      </trkpt>
      <trkpt lat="47.47115" lon="-121.31452">
        <ele>1695.81</ele>
      </trkpt>
      <trkpt lat="47.47142" lon="-121.31463">
        <ele>1700.65</ele>
      </trkpt>
      <trkpt lat="47.47149" lon="-121.31467">
        <ele>1700.0</ele>
      </trkpt>
      <trkpt lat="47.47157" lon="-121.31474">
        <ele>1697.95</ele>
      </trkpt>
      <trkpt lat="47.4716" lon="-121.31479">
        <ele>1695.9</ele>
      </trkpt>
      <trkpt lat="47.47163" lon="-121.31483">
        <ele>1694.06</ele>
      </trkpt>
      <trkpt lat="47.47168" lon="-121.31482">
        <ele>1695.76</ele>
      </trkpt>
      <trkpt lat="47.47172" lon="-121.3148">
        <ele>1697.47</ele>
      </trkpt>
      <trkpt lat="47.47176" lon="-121.31483">
        <ele>1696.05</ele>
      </trkpt>
      <trkpt lat="47.47178" lon="-121.31489">
        <ele>1693.57</ele>
      </trkpt>
      <trkpt lat="47.47182" lon="-121.315">
        <ele>1692.9</ele>
      </trkpt>
      <trkpt lat="47.47184" lon="-121.31503">
        <ele>1694.52</ele>
      </trkpt>
      <trkpt lat="47.47192" lon="-121.31506">
        <ele>1700.29</ele>
      </trkpt>
      <trkpt lat="47.472" lon="-121.31507">
        <ele>1704.88</ele>
      </trkpt>
      <trkpt lat="47.47208" lon="-121.31506">
        <ele>1709.26</ele>
      </trkpt>
      <trkpt lat="47.47218" lon="-121.31504">
        <ele>1714.76</ele>
      </trkpt>
      <trkpt lat="47.47243" lon="-121.31506">
        <ele>1719.03</ele>
      </trkpt>
      <trkpt lat="47.47249" lon="-121.3151">
        <ele>1716.65</ele>
      </trkpt>
      <trkpt lat="47.47268" lon="-121.31534">
        <ele>1730.21</ele>
      </trkpt>
      <trkpt lat="47.47281" lon="-121.31545">
        <ele>1732.76</ele>
      </trkpt>
      <trkpt lat="47.47313" lon="-121.31561">
        <ele>1734.78</ele>
      </trkpt>
      <trkpt lat="47.47314" lon="-121.31559">
        <ele>1736.0</ele>
      </trkpt>
      <trkpt lat="47.47312" lon="-121.31556">
        <ele>1737.17</ele>
      </trkpt>
      <trkpt lat="47.47303" lon="-121.31548">
        <ele>1738.49</ele>
      </trkpt>
      <trkpt lat="47.473" lon="-121.31543">
        <ele>1739.41</ele>
      </trkpt>
      <trkpt lat="47.47294" lon="-121.31537">
        <ele>1739.27</ele>
      </trkpt>
      <trkpt lat="47.47286" lon="-121.31521">
        <ele>1741.78</ele>
      </trkpt>
      <trkpt lat="47.47281" lon="-121.3151">
        <ele>1742.23</ele>
      </trkpt>
      <trkpt lat="47.47275" lon="-121.31497">
        <ele>1742.07</ele>
      </trkpt>
      <trkpt lat="47.47274" lon="-121.31492">
        <ele>1742.79</ele>
      </trkpt>
      <trkpt lat="47.47276" lon="-121.31493">
        <ele>1743.97</ele>
      </trkpt>
      <trkpt lat="47.47294" lon="-121.31513">
        <ele>1746.9</ele>
      </trkpt>
      <trkpt lat="47.47298" lon="-121.31517">
        <ele>1747.04</ele>
      </trkpt>
      <trkpt lat="47.47303" lon="-121.31518">
        <ele>1748.34</ele>
      </trkpt>
      <trkpt lat="47.47306" lon="-121.31521">
        <ele>1748.6</ele>
      </trkpt>
      <trkpt lat="47.47307" lon="-121.31523">
        <ele>1748.42</ele>
      </trkpt>
      <trkpt lat="47.47324" lon="-121.31529">
        <ele>1751.45</ele>
      </trkpt>
      <trkpt lat="47.47341" lon="-121.31538">
        <ele>1750.41</ele>
      </trkpt>
      <trkpt lat="47.47359" lon="-121.31545">
        <ele>1754.94</ele>
      </trkpt>
      <trkpt lat="47.47367" lon="-121.31551">
        <ele>1757.33</ele>
      </trkpt>
      <trkpt lat="47.47375" lon="-121.31558">
        <ele>1758.44</ele>
      </trkpt>
      <trkpt lat="47.47383" lon="-121.31561">
        <ele>1760.15</ele>
      </trkpt>
      <trkpt lat="47.47402" lon="-121.31563">
        <ele>1764.67</ele>
      </trkpt>
      <trkpt lat="47.47408" lon="-121.31567">
        <ele>1762.4</ele>
      </trkpt>
      <trkpt lat="47.47419" lon="-121.31581">
        <ele>1751.2</ele>
      </trkpt>
      <trkpt lat="47.47424" lon="-121.31583">
        <ele>1750.05</ele>
      </trkpt>
      <trkpt lat="47.47437" lon="-121.31583">
        <ele>1756.28</ele>
      </trkpt>
      <trkpt lat="47.47443" lon="-121.31585">
        <ele>1759.86</ele>
      </trkpt>
      <trkpt lat="47.47448" lon="-121.3159">
        <ele>1762.8</ele>
      </trkpt>
      <trkpt lat="47.47466" lon="-121.31646">
        <ele>1753.67</ele>
      </trkpt>
      <trkpt lat="47.4747" lon="-121.31647">
        <ele>1757.75</ele>
      </trkpt>
      <trkpt lat="47.47473" lon="-121.31652">
        <ele>1760.22</ele>
      </trkpt>
      <trkpt lat="47.47475" lon="-121.31654">
        <ele>1761.58</ele>
      </trkpt>
      <trkpt lat="47.47477" lon="-121.3166">
        <ele>1761.91</ele>
      </trkpt>
      <trkpt lat="47.47483" lon="-121.31673">
        <ele>1762.83</ele>
      </trkpt>
      <trkpt lat="47.47492" lon="-121.31688">
        <ele>1765.0</ele>
      </trkpt>
      <trkpt lat="47.47493" lon="-121.31692">
        <ele>1764.32</ele>
      </trkpt>
      <trkpt lat="47.47497" lon="-121.317">
        <ele>1763.66</ele>
      </trkpt>
      <trkpt lat="47.47501" lon="-121.31704">
        <ele>1764.49</ele>
      </trkpt>
      <trkpt lat="47.47505" lon="-121.31704">
        <ele>1767.08</ele>
      </trkpt>
      <trkpt lat="47.47508" lon="-121.31707">
        <ele>1767.4</ele>
      </trkpt>
      <trkpt lat="47.47509" lon="-121.31722">
        <ele>1759.0</ele>
      </trkpt>
      <trkpt lat="47.47511" lon="-121.31725">
        <ele>1758.46</ele>
      </trkpt>
      <trkpt lat="47.47518" lon="-121.31727">
        <ele>1762.02</ele>
      </trkpt>
      <trkpt lat="47.4752" lon="-121.31729">
        <ele>1761.72</ele>
      </trkpt>
      <trkpt lat="47.4752" lon="-121.31734">
        <ele>1758.48</ele>
      </trkpt>
      <trkpt lat="47.47516" lon="-121.31741">
        <ele>1752.6</ele>
      </trkpt>
      <trkpt lat="47.47516" lon="-121.31749">
        <ele>1751.26</ele>
      </trkpt>
      <trkpt lat="47.47515" lon="-121.31757">
        <ele>1751.56</ele>
      </trkpt>
      <trkpt lat="47.4751" lon="-121.31766">
        <ele>1749.82</ele>
      </trkpt>
      <trkpt lat="47.4751" lon="-121.31772">
        <ele>1751.39</ele>
      </trkpt>
      <trkpt lat="47.47513" lon="-121.31776">
        <ele>1754.85</ele>
      </trkpt>
      <trkpt lat="47.47521" lon="-121.31787">
        <ele>1761.15</ele>
      </trkpt>
      <trkpt lat="47.47531" lon="-121.31787">
        <ele>1770.13</ele>
      </trkpt>
      <trkpt lat="47.47535" lon="-121.31792">
        <ele>1772.11</ele>
      </trkpt>
      <trkpt lat="47.47538" lon="-121.31797">
        <ele>1772.79</ele>
      </trkpt>
      <trkpt lat="47.47538" lon="-121.318">
        <ele>1772.18</ele>
      </trkpt>
      <trkpt lat="47.47534" lon="-121.31808">
        <ele>1768.15</ele>
      </trkpt>
      <trkpt lat="47.47527" lon="-121.31828">
        <ele>1764.45</ele>
      </trkpt>
      <trkpt lat="47.47521" lon="-121.3184">
        <ele>1760.08</ele>
      </trkpt>
      <trkpt lat="47.47521" lon="-121.31844">
        <ele>1759.68</ele>
      </trkpt>
      <trkpt lat="47.47524" lon="-121.31849">
        <ele>1761.04</ele>
      </trkpt>
      <trkpt lat="47.47534" lon="-121.31857">
        <ele>1765.66</ele>
      </trkpt>
      <trkpt lat="47.4754" lon="-121.31865">
        <ele>1766.01</ele>
      </trkpt>
      <trkpt lat="47.47563" lon="-121.31889">
        <ele>1763.13</ele>
      </trkpt>
      <trkpt lat="47.47571" lon="-121.31896">
        <ele>1761.14</ele>
      </trkpt>
      <trkpt lat="47.47579" lon="-121.31898">
        <ele>1763.23</ele>
      </trkpt>
      <trkpt lat="47.47584" lon="-121.31902">
        <ele>1763.0</ele>
      </trkpt>
      <trkpt lat="47.47597" lon="-121.31921">
        <ele>1766.13</ele>
      </trkpt>
      <trkpt lat="47.47603" lon="-121.31927">
        <ele>1769.4</ele>
      </trkpt>
      <trkpt lat="47.4762" lon="-121.31946">
        <ele>1772.09</ele>
      </trkpt>
      <trkpt lat="47.4763" lon="-121.31955">
        <ele>1773.33</ele>
      </trkpt>
      <trkpt lat="47.47636" lon="-121.31958">
        <ele>1774.29</ele>
      </trkpt>
      <trkpt lat="47.47652" lon="-121.3196">
        <ele>1779.85</ele>
      </trkpt>
      <trkpt lat="47.47672" lon="-121.31974">
        <ele>1778.0</ele>
      </trkpt>
      <trkpt lat="47.47677" lon="-121.31975">
        <ele>1778.55</ele>
      </trkpt>
      <trkpt lat="47.47678" lon="-121.31973">
        <ele>1780.17</ele>
      </trkpt>
      <trkpt lat="47.47676" lon="-121.3197">
        <ele>1781.46</ele>
      </trkpt>
      <trkpt lat="47.47672" lon="-121.31969">
        <ele>1781.09</ele>
      </trkpt>
      <trkpt lat="47.47667" lon="-121.31966">
        <ele>1781.46</ele>
      </trkpt>
      <trkpt lat="47.47665" lon="-121.31961">
        <ele>1783.52</ele>
      </trkpt>
      <trkpt lat="47.47656" lon="-121.31951">
        <ele>1785.71</ele>
      </trkpt>
      <trkpt lat="47.47636" lon="-121.31933">
        <ele>1786.7</ele>
      </trkpt>
      <trkpt lat="47.47636" lon="-121.31929">
        <ele>1788.42</ele>
      </trkpt>
      <trkpt lat="47.47638" lon="-121.31929">
        <ele>1789.29</ele>
      </trkpt>
      <trkpt lat="47.4764" lon="-121.31931">
        <ele>1789.29</ele>
      </trkpt>
      <trkpt lat="47.47656" lon="-121.31938">
        <ele>1792.02</ele>
      </trkpt>
      <trkpt lat="47.47671" lon="-121.31947">
        <ele>1793.02</ele>
      </trkpt>
      <trkpt lat="47.47689" lon="-121.31949">
        <ele>1798.57</ele>
      </trkpt>
      <trkpt lat="47.47702" lon="-121.31958">
        <ele>1797.57</ele>
      </trkpt>
      <trkpt lat="47.47712" lon="-121.31964">
        <ele>1798.01</ele>
      </trkpt>
      <trkpt lat="47.47719" lon="-121.31965">
        <ele>1800.51</ele>
      </trkpt>
      <trkpt lat="47.47722" lon="-121.31969">
        <ele>1799.64</ele>
      </trkpt>
      <trkpt lat="47.47727" lon="-121.31971">
        <ele>1802.72</ele>
      </trkpt>
      <trkpt lat="47.47735" lon="-121.31972">
        <ele>1809.52</ele>
      </trkpt>
      <trkpt lat="47.47741" lon="-121.3197">
        <ele>1816.21</ele>
      </trkpt>
      <trkpt lat="47.47746" lon="-121.31973">
        <ele>1819.68</ele>
      </trkpt>
      <trkpt lat="47.47747" lon="-121.31977">
        <ele>1818.32</ele>
      </trkpt>
      <trkpt lat="47.47747" lon="-121.31987">
        <ele>1812.35</ele>
      </trkpt>
      <trkpt lat="47.4775" lon="-121.31993">
        <ele>1810.78</ele>
      </trkpt>
      <trkpt lat="47.47755" lon="-121.31997">
        <ele>1811.69</ele>
      </trkpt>
      <trkpt lat="47.4778" lon="-121.32023">
        <ele>1815.53</ele>
      </trkpt>
      <trkpt lat="47.47801" lon="-121.32036">
        <ele>1823.04</ele>
      </trkpt>
      <trkpt lat="47.47814" lon="-121.32045">
        <ele>1823.49</ele>
      </trkpt>
      <trkpt lat="47.47824" lon="-121.32054">
        <ele>1821.81</ele>
      </trkpt>
      <trkpt lat="47.47857" lon="-121.32085">
        <ele>1821.14</ele>
      </trkpt>
      <trkpt lat="47.47872" lon="-121.32092">
        <ele>1825.91</ele>
      </trkpt>
      <trkpt lat="47.4788" lon="-121.32103">
        <ele>1825.83</ele>
      </trkpt>
      <trkpt lat="47.47887" lon="-121.32117">
        <ele>1825.07</ele>
      </trkpt>
      <trkpt lat="47.47889" lon="-121.32125">
        <ele>1823.55</ele>
      </trkpt>
      <trkpt lat="47.47887" lon="-121.32135">
        <ele>1818.9</ele>
      </trkpt>
      <trkpt lat="47.47885" lon="-121.32154">
        <ele>1812.69</ele>
      </trkpt>
      <trkpt lat="47.47888" lon="-121.32158">
        <ele>1812.53</ele>
      </trkpt>
      <trkpt lat="47.47908" lon="-121.32186">
        <ele>1810.95</ele>
      </trkpt>
      <trkpt lat="47.47919" lon="-121.322">
        <ele>1810.05</ele>
      </trkpt>
      <trkpt lat="47.47921" lon="-121.32205">
        <ele>1809.25</ele>
      </trkpt>
      <trkpt lat="47.47922" lon="-121.32214">
        <ele>1808.04</ele>
      </trkpt>
      <trkpt lat="47.47924" lon="-121.3222">
        <ele>1807.82</ele>
      </trkpt>
      <trkpt lat="47.47938" lon="-121.32239">
        <ele>1807.45</ele>
      </trkpt>
      <trkpt lat="47.47939" lon="-121.32243">
        <ele>1807.56</ele>
      </trkpt>
      <trkpt lat="47.47939" lon="-121.32249">
        <ele>1808.59</ele>
      </trkpt>
      <trkpt lat="47.47936" lon="-121.32255">
        <ele>1811.94</ele>
      </trkpt>
      <trkpt lat="47.47932" lon="-121.3226">
        <ele>1813.29</ele>
      </trkpt>
      <trkpt lat="47.47909" lon="-121.3228">
        <ele>1809.03</ele>
      </trkpt>
      <trkpt lat="47.47887" lon="-121.32306">
        <ele>1802.78</ele>
      </trkpt>
      <trkpt lat="47.4788" lon="-121.32314">
        <ele>1798.24</ele>
      </trkpt>
      <trkpt lat="47.47876" lon="-121.32322">
        <ele>1796.13</ele>
      </trkpt>
      <trkpt lat="47.47873" lon="-121.32333">
        <ele>1793.73</ele>
      </trkpt>
      <trkpt lat="47.47871" lon="-121.32349">
        <ele>1792.41</ele>
      </trkpt>
      <trkpt lat="47.47869" lon="-121.32366">
        <ele>1791.26</ele>
      </trkpt>
      <trkpt lat="47.47869" lon="-121.32384">
        <ele>1790.64</ele>
      </trkpt>
      <trkpt lat="47.47867" lon="-121.32393">
        <ele>1787.93</ele>
      </trkpt>
      <trkpt lat="47.47866" lon="-121.32403">
        <ele>1785.12</ele>
      </trkpt>
      <trkpt lat="47.47867" lon="-121.32411">
        <ele>1783.79</ele>
      </trkpt>
      <trkpt lat="47.47869" lon="-121.32418">
        <ele>1782.99</ele>
      </trkpt>
      <trkpt lat="47.47869" lon="-121.32424">
        <ele>1781.79</ele>
      </trkpt>
      <trkpt lat="47.47867" lon="-121.32429">
        <ele>1780.21</ele>
      </trkpt>
      <trkpt lat="47.47867" lon="-121.32433">
        <ele>1779.78</ele>
      </trkpt>
      <trkpt lat="47.47877" lon="-121.32449">
        <ele>1784.94</ele>
      </trkpt>
      <trkpt lat="47.47878" lon="-121.32453">
        <ele>1785.18</ele>
      </trkpt>
      <trkpt lat="47.47878" lon="-121.32464">
        <ele>1784.01</ele>
      </trkpt>
      <trkpt lat="47.47876" lon="-121.3247">
        <ele>1782.28</ele>
      </trkpt>
      <trkpt lat="47.47872" lon="-121.32496">
        <ele>1776.39</ele>
      </trkpt>
      <trkpt lat="47.47867" lon="-121.32516">
        <ele>1771.18</ele>
      </trkpt>
      <trkpt lat="47.47864" lon="-121.32521">
        <ele>1769.51</ele>
      </trkpt>
      <trkpt lat="47.4786" lon="-121.32524">
        <ele>1768.06</ele>
      </trkpt>
      <trkpt lat="47.47855" lon="-121.32531">
        <ele>1765.18</ele>
      </trkpt>
      <trkpt lat="47.47849" lon="-121.32541">
        <ele>1761.11</ele>
      </trkpt>
      <trkpt lat="47.47845" lon="-121.32545">
        <ele>1759.46</ele>
      </trkpt>
      <trkpt lat="47.47834" lon="-121.32546">
        <ele>1759.99</ele>
      </trkpt>
      <trkpt lat="47.4783" lon="-121.32549">
        <ele>1758.65</ele>
      </trkpt>
      <trkpt lat="47.47823" lon="-121.3256">
        <ele>1752.22</ele>
      </trkpt>
      <trkpt lat="47.4782" lon="-121.32561">
        <ele>1751.55</ele>
      </trkpt>
      <trkpt lat="47.47804" lon="-121.32555">
        <ele>1756.11</ele>
      </trkpt>
      <trkpt lat="47.47794" lon="-121.32553">
        <ele>1756.39</ele>
      </trkpt>
      <trkpt lat="47.47785" lon="-121.32555">
        <ele>1756.93</ele>
      </trkpt>
      <trkpt lat="47.4778" lon="-121.32564">
        <ele>1757.91</ele>
      </trkpt>
      <trkpt lat="47.47778" lon="-121.32567">
        <ele>1758.24</ele>
      </trkpt>
      <trkpt lat="47.47769" lon="-121.32581">
        <ele>1759.71</ele>
      </trkpt>
      <trkpt lat="47.47761" lon="-121.32584">
        <ele>1759.04</ele>
      </trkpt>
      <trkpt lat="47.47739" lon="-121.32602">
        <ele>1750.4</ele>
      </trkpt>
      <trkpt lat="47.47732" lon="-121.32611">
        <ele>1746.19</ele>
      </trkpt>
      <trkpt lat="47.47729" lon="-121.32613">
        <ele>1744.73</ele>
      </trkpt>
      <trkpt lat="47.47719" lon="-121.32614">
        <ele>1739.02</ele>
      </trkpt>
      <trkpt lat="47.47716" lon="-121.32616">
        <ele>1736.12</ele>
      </trkpt>
      <trkpt lat="47.47715" lon="-121.3262">
        <ele>1735.32</ele>
      </trkpt>
      <trkpt lat="47.47715" lon="-121.32624">
        <ele>1734.45</ele>
      </trkpt>
      <trkpt lat="47.47716" lon="-121.32628">
        <ele>1734.05</ele>
      </trkpt>
      <trkpt lat="47.47718" lon="-121.32631">
        <ele>1734.34</ele>
      </trkpt>
      <trkpt lat="47.47725" lon="-121.32637">
        <ele>1735.81</ele>
      </trkpt>
      <trkpt lat="47.47737" lon="-121.32657">
        <ele>1733.32</ele>
      </trkpt>
      <trkpt lat="47.47748" lon="-121.32667">
        <ele>1732.46</ele>
      </trkpt>
      <trkpt lat="47.47752" lon="-121.32673">
        <ele>1731.23</ele>
      </trkpt>
      <trkpt lat="47.47759" lon="-121.32677">
        <ele>1730.51</ele>
      </trkpt>
      <trkpt lat="47.47762" lon="-121.32683">
        <ele>1728.01</ele>
      </trkpt>
      <trkpt lat="47.4776" lon="-121.32685">
        <ele>1727.08</ele>
      </trkpt>
      <trkpt lat="47.47743" lon="-121.32685">
        <ele>1725.31</ele>
      </trkpt>
      <trkpt lat="47.4773" lon="-121.3268">
        <ele>1725.43</ele>
      </trkpt>
      <trkpt lat="47.47723" lon="-121.32679">
        <ele>1724.48</ele>
      </trkpt>
      <trkpt lat="47.47712" lon="-121.32672">
        <ele>1722.54</ele>
      </trkpt>
      <trkpt lat="47.47704" lon="-121.32668">
        <ele>1720.81</ele>
      </trkpt>
      <trkpt lat="47.47691" lon="-121.32666">
        <ele>1714.77</ele>
      </trkpt>
      <trkpt lat="47.4769" lon="-121.3267">
        <ele>1713.93</ele>
      </trkpt>
      <trkpt lat="47.47699" lon="-121.3268">
        <ele>1717.04</ele>
      </trkpt>
      <trkpt lat="47.47705" lon="-121.32689">
        <ele>1717.46</ele>
      </trkpt>
      <trkpt lat="47.47706" lon="-121.32695">
        <ele>1716.39</ele>
      </trkpt>
      <trkpt lat="47.47707" lon="-121.327">
        <ele>1715.73</ele>
      </trkpt>
      <trkpt lat="47.47707" lon="-121.32708">
        <ele>1714.44</ele>
      </trkpt>
      <trkpt lat="47.47709" lon="-121.32714">
        <ele>1713.86</ele>
      </trkpt>
      <trkpt lat="47.47709" lon="-121.32721">
        <ele>1711.91</ele>
      </trkpt>
      <trkpt lat="47.47707" lon="-121.32726">
        <ele>1710.54</ele>
      </trkpt>
      <trkpt lat="47.47708" lon="-121.32729">
        <ele>1710.0</ele>
      </trkpt>
      <trkpt lat="47.47712" lon="-121.32731">
        <ele>1710.0</ele>
      </trkpt>
      <trkpt lat="47.47719" lon="-121.32732">
        <ele>1709.89</ele>
      </trkpt>
      <trkpt lat="47.47736" lon="-121.32725">
        <ele>1711.61</ele>
      </trkpt>
      <trkpt lat="47.47737" lon="-121.32728">
        <ele>1710.53</ele>
      </trkpt>
      <trkpt lat="47.47728" lon="-121.32742">
        <ele>1706.88</ele>
      </trkpt>
      <trkpt lat="47.47718" lon="-121.32749">
        <ele>1705.32</ele>
      </trkpt>
      <trkpt lat="47.47702" lon="-121.32753">
        <ele>1705.23</ele>
      </trkpt>
      <trkpt lat="47.47681" lon="-121.32755">
        <ele>1702.8</ele>
      </trkpt>
      <trkpt lat="47.47677" lon="-121.32754">
        <ele>1702.18</ele>
      </trkpt>
      <trkpt lat="47.47676" lon="-121.3275">
        <ele>1702.02</ele>
      </trkpt>
      <trkpt lat="47.47673" lon="-121.3275">
        <ele>1701.37</ele>
      </trkpt>
      <trkpt lat="47.47675" lon="-121.32757">
        <ele>1701.8</ele>
      </trkpt>
      <trkpt lat="47.47674" lon="-121.32764">
        <ele>1701.18</ele>
      </trkpt>
      <trkpt lat="47.47675" lon="-121.32778">
        <ele>1701.0</ele>
      </trkpt>
      <trkpt lat="47.47674" lon="-121.32788">
        <ele>1701.0</ele>
      </trkpt>
      <trkpt lat="47.47656" lon="-121.32827">
        <ele>1701.0</ele>
      </trkpt>
      <trkpt lat="47.47649" lon="-121.32832">
        <ele>1701.0</ele>
      </trkpt>
      <trkpt lat="47.4763" lon="-121.32842">
        <ele>1702.9</ele>
      </trkpt>
      <trkpt lat="47.47623" lon="-121.32847">
        <ele>1703.34</ele>
      </trkpt>
      <trkpt lat="47.476" lon="-121.32846">
        <ele>1705.64</ele>
      </trkpt>
      <trkpt lat="47.47556" lon="-121.32832">
        <ele>1706.71</ele>
      </trkpt>
      <trkpt lat="47.47551" lon="-121.3283">
        <ele>1706.77</ele>
      </trkpt>
      <trkpt lat="47.47544" lon="-121.32821">
        <ele>1705.58</ele>
      </trkpt>
      <trkpt lat="47.47538" lon="-121.32816">
        <ele>1705.15</ele>
      </trkpt>
      <trkpt lat="47.47531" lon="-121.32815">
        <ele>1705.69</ele>
      </trkpt>
      <trkpt lat="47.47516" lon="-121.32806">
        <ele>1705.37</ele>
      </trkpt>
      <trkpt lat="47.47508" lon="-121.32799">
        <ele>1704.01</ele>
      </trkpt>
      <trkpt lat="47.47495" lon="-121.32791">
        <ele>1702.28</ele>
      </trkpt>
      <trkpt lat="47.47483" lon="-121.32783">
        <ele>1699.22</ele>
      </trkpt>
      <trkpt lat="47.47442" lon="-121.32778">
        <ele>1694.75</ele>
      </trkpt>
      <trkpt lat="47.47435" lon="-121.32776">
        <ele>1693.58</ele>
      </trkpt>
      <trkpt lat="47.47432" lon="-121.32772">
        <ele>1692.49</ele>
      </trkpt>
      <trkpt lat="47.47425" lon="-121.32757">
        <ele>1690.68</ele>
      </trkpt>
      <trkpt lat="47.4742" lon="-121.3274">
        <ele>1689.0</ele>
      </trkpt>
      <trkpt lat="47.47418" lon="-121.32719">
        <ele>1687.95</ele>
      </trkpt>
      <trkpt lat="47.47417" lon="-121.3271">
        <ele>1687.66</ele>
      </trkpt>
      <trkpt lat="47.4741" lon="-121.32701">
        <ele>1687.0</ele>
      </trkpt>
      <trkpt lat="47.47404" lon="-121.32692">
        <ele>1686.74</ele>
      </trkpt>
      <trkpt lat="47.47397" lon="-121.3269">
        <ele>1686.46</ele>
      </trkpt>
      <trkpt lat="47.47391" lon="-121.32684">
        <ele>1685.87</ele>
      </trkpt>
      <trkpt lat="47.47385" lon="-121.32681">
        <ele>1685.13</ele>
      </trkpt>
      <trkpt lat="47.47367" lon="-121.32683">
        <ele>1683.31</ele>
      </trkpt>
      <trkpt lat="47.47345" lon="-121.32696">
        <ele>1679.04</ele>
      </trkpt>
      <trkpt lat="47.47342" lon="-121.327">
        <ele>1677.77</ele>
      </trkpt>
      <trkpt lat="47.47341" lon="-121.32706">
        <ele>1677.06</ele>
      </trkpt>
      <trkpt lat="47.47342" lon="-121.32712">
        <ele>1676.85</ele>
      </trkpt>
      <trkpt lat="47.47348" lon="-121.32722">
        <ele>1678.36</ele>
      </trkpt>
      <trkpt lat="47.47349" lon="-121.32726">
        <ele>1678.36</ele>
      </trkpt>
      <trkpt lat="47.47349" lon="-121.32733">
        <ele>1677.6</ele>
      </trkpt>
      <trkpt lat="47.47351" lon="-121.32744">
        <ele>1677.25</ele>
      </trkpt>
      <trkpt lat="47.4735" lon="-121.32747">
        <ele>1676.39</ele>
      </trkpt>
      <trkpt lat="47.47352" lon="-121.32756">
        <ele>1676.42</ele>
      </trkpt>
      <trkpt lat="47.47347" lon="-121.32774">
        <ele>1671.03</ele>
      </trkpt>
      <trkpt lat="47.47345" lon="-121.32787">
        <ele>1668.78</ele>
      </trkpt>
      <trkpt lat="47.47342" lon="-121.32795">
        <ele>1666.95</ele>
      </trkpt>
      <trkpt lat="47.47338" lon="-121.32803">
        <ele>1666.24</ele>
      </trkpt>
      <trkpt lat="47.47332" lon="-121.32808">
        <ele>1664.69</ele>
      </trkpt>
      <trkpt lat="47.47327" lon="-121.3281">
        <ele>1662.74</ele>
      </trkpt>
      <trkpt lat="47.47319" lon="-121.3281">
        <ele>1659.84</ele>
      </trkpt>
      <trkpt lat="47.47282" lon="-121.32829">
        <ele>1653.04</ele>
      </trkpt>
      <trkpt lat="47.47266" lon="-121.32839">
        <ele>1653.29</ele>
      </trkpt>
      <trkpt lat="47.47246" lon="-121.32847">
        <ele>1651.56</ele>
      </trkpt>
      <trkpt lat="47.47231" lon="-121.32852">
        <ele>1648.84</ele>
      </trkpt>
      <trkpt lat="47.4718" lon="-121.3288">
        <ele>1640.92</ele>
      </trkpt>
      <trkpt lat="47.47167" lon="-121.32883">
        <ele>1636.6</ele>
      </trkpt>
      <trkpt lat="47.47145" lon="-121.32891">
        <ele>1630.47</ele>
      </trkpt>
      <trkpt lat="47.47113" lon="-121.32914">
        <ele>1622.52</ele>
      </trkpt>
      <trkpt lat="47.47107" lon="-121.32922">
        <ele>1624.23</ele>
      </trkpt>
      <trkpt lat="47.47076" lon="-121.32944">
        <ele>1618.14</ele>
      </trkpt>
      <trkpt lat="47.47049" lon="-121.32983">
        <ele>1608.21</ele>
      </trkpt>
      <trkpt lat="47.47046" lon="-121.32995">
        <ele>1606.78</ele>
      </trkpt>
      <trkpt lat="47.47043" lon="-121.33025">
        <ele>1605.15</ele>
      </trkpt>
      <trkpt lat="47.47046" lon="-121.33049">
        <ele>1605.17</ele>
      </trkpt>
      <trkpt lat="47.47048" lon="-121.3306">
        <ele>1604.51</ele>
      </trkpt>
      <trkpt lat="47.47047" lon="-121.33096">
        <ele>1591.54</ele>
      </trkpt>
      <trkpt lat="47.47048" lon="-121.33103">
        <ele>1588.2</ele>
      </trkpt>
      <trkpt lat="47.4705" lon="-121.3311">
        <ele>1585.07</ele>
      </trkpt>
      <trkpt lat="47.47053" lon="-121.33113">
        <ele>1585.71</ele>
      </trkpt>
      <trkpt lat="47.4706" lon="-121.33115">
        <ele>1591.68</ele>
      </trkpt>
      <trkpt lat="47.47062" lon="-121.3312">
        <ele>1593.01</ele>
      </trkpt>
      <trkpt lat="47.4706" lon="-121.33147">
        <ele>1589.8</ele>
      </trkpt>
      <trkpt lat="47.47062" lon="-121.33155">
        <ele>1591.44</ele>
      </trkpt>
      <trkpt lat="47.47062" lon="-121.33167">
        <ele>1590.95</ele>
      </trkpt>
      <trkpt lat="47.47059" lon="-121.33196">
        <ele>1583.86</ele>
      </trkpt>
      <trkpt lat="47.4706" lon="-121.33201">
        <ele>1584.23</ele>
      </trkpt>
      <trkpt lat="47.47064" lon="-121.33208">
        <ele>1587.62</ele>
      </trkpt>
      <trkpt lat="47.47075" lon="-121.33228">
        <ele>1590.6</ele>
      </trkpt>
      <trkpt lat="47.47078" lon="-121.33237">
        <ele>1587.46</ele>
      </trkpt>
      <trkpt lat="47.47083" lon="-121.33244">
        <ele>1585.11</ele>
      </trkpt>
      <trkpt lat="47.47083" lon="-121.33247">
        <ele>1583.46</ele>
      </trkpt>
      <trkpt lat="47.47076" lon="-121.33276">
        <ele>1574.47</ele>
      </trkpt>
      <trkpt lat="47.47073" lon="-121.33291">
        <ele>1570.97</ele>
      </trkpt>
      <trkpt lat="47.47073" lon="-121.333">
        <ele>1569.2</ele>
      </trkpt>
      <trkpt lat="47.47078" lon="-121.33373">
        <ele>1562.56</ele>
      </trkpt>
      <trkpt lat="47.47081" lon="-121.33378">
        <ele>1563.8</ele>
      </trkpt>
      <trkpt lat="47.4709" lon="-121.33388">
        <ele>1568.49</ele>
      </trkpt>
      <trkpt lat="47.47091" lon="-121.33393">
        <ele>1568.45</ele>
      </trkpt>
      <trkpt lat="47.47092" lon="-121.33411">
        <ele>1565.84</ele>
      </trkpt>
      <trkpt lat="47.47093" lon="-121.33416">
        <ele>1565.45</ele>
      </trkpt>
      <trkpt lat="47.47092" lon="-121.33445">
        <ele>1565.54</ele>
      </trkpt>
      <trkpt lat="47.47094" lon="-121.33472">
        <ele>1570.65</ele>
      </trkpt>
      <trkpt lat="47.47096" lon="-121.33497">
        <ele>1573.25</ele>
      </trkpt>
      <trkpt lat="47.47097" lon="-121.33528">
        <ele>1572.75</ele>
      </trkpt>
      <trkpt lat="47.47099" lon="-121.33538">
        <ele>1574.12</ele>
      </trkpt>
      <trkpt lat="47.47099" lon="-121.33606">
        <ele>1566.71</ele>
      </trkpt>
      <trkpt lat="47.47102" lon="-121.33619">
        <ele>1568.28</ele>
      </trkpt>
      <trkpt lat="47.47102" lon="-121.33664">
        <ele>1565.11</ele>
      </trkpt>
      <trkpt lat="47.47107" lon="-121.33705">
        <ele>1567.89</ele>
      </trkpt>
      <trkpt lat="47.47107" lon="-121.33717">
        <ele>1567.65</ele>
      </trkpt>
      <trkpt lat="47.47107" lon="-121.33728">
        <ele>1567.06</ele>
      </trkpt>
      <trkpt lat="47.47105" lon="-121.3374">
        <ele>1565.38</ele>
      </trkpt>
      <trkpt lat="47.47106" lon="-121.3377">
        <ele>1566.58</ele>
      </trkpt>
      <trkpt lat="47.47109" lon="-121.33792">
        <ele>1569.18</ele>
      </trkpt>
      <trkpt lat="47.47113" lon="-121.33834">
        <ele>1570.56</ele>
      </trkpt>
      <trkpt lat="47.47115" lon="-121.33855">
        <ele>1570.02</ele>
      </trkpt>
      <trkpt lat="47.47115" lon="-121.33892">
        <ele>1566.02</ele>
      </trkpt>
      <trkpt lat="47.47116" lon="-121.3391">
        <ele>1565.08</ele>
      </trkpt>
      <trkpt lat="47.47117" lon="-121.33922">
        <ele>1564.88</ele>
      </trkpt>
      <trkpt lat="47.47136" lon="-121.33999">
        <ele>1566.55</ele>
      </trkpt>
      <trkpt lat="47.47141" lon="-121.34029">
        <ele>1564.47</ele>
      </trkpt>
      <trkpt lat="47.47145" lon="-121.34042">
        <ele>1568.02</ele>
      </trkpt>
      <trkpt lat="47.47149" lon="-121.34049">
        <ele>1570.59</ele>
      </trkpt>
      <trkpt lat="47.4715" lon="-121.3406">
        <ele>1572.66</ele>
      </trkpt>
      <trkpt lat="47.47147" lon="-121.34068">
        <ele>1573.27</ele>
      </trkpt>
      <trkpt lat="47.47135" lon="-121.34089">
        <ele>1571.93</ele>
      </trkpt>
      <trkpt lat="47.47132" lon="-121.34094">
        <ele>1571.29</ele>
      </trkpt>
      <trkpt lat="47.47121" lon="-121.34102">
        <ele>1568.3</ele>
      </trkpt>
      <trkpt lat="47.47115" lon="-121.3411">
        <ele>1567.44</ele>
      </trkpt>
      <trkpt lat="47.47111" lon="-121.34118">
        <ele>1566.7</ele>
      </trkpt>
      <trkpt lat="47.47108" lon="-121.34139">
        <ele>1567.67</ele>
      </trkpt>
      <trkpt lat="47.47107" lon="-121.34152">
        <ele>1568.64</ele>
      </trkpt>
      <trkpt lat="47.47103" lon="-121.34162">
        <ele>1567.99</ele>
      </trkpt>
      <trkpt lat="47.47082" lon="-121.34196">
        <ele>1560.18</ele>
      </trkpt>
      <trkpt lat="47.47073" lon="-121.34213">
        <ele>1556.19</ele>
      </trkpt>
      <trkpt lat="47.4704" lon="-121.34279">
        <ele>1546.18</ele>
      </trkpt>
      <trkpt lat="47.47028" lon="-121.343">
        <ele>1542.92</ele>
      </trkpt>
      <trkpt lat="47.47004" lon="-121.34334">
        <ele>1536.38</ele>
      </trkpt>
      <trkpt lat="47.47" lon="-121.34343">
        <ele>1537.13</ele>
      </trkpt>
      <trkpt lat="47.46992" lon="-121.34369">
        <ele>1541.13</ele>
      </trkpt>
      <trkpt lat="47.46986" lon="-121.3438">
        <ele>1542.0</ele>
      </trkpt>
      <trkpt lat="47.46981" lon="-121.34386">
        <ele>1541.6</ele>
      </trkpt>
      <trkpt lat="47.46973" lon="-121.34393">
        <ele>1541.9</ele>
      </trkpt>
      <trkpt lat="47.46964" lon="-121.34399">
        <ele>1541.3</ele>
      </trkpt>
      <trkpt lat="47.46946" lon="-121.34417">
        <ele>1542.16</ele>
      </trkpt>
      <trkpt lat="47.46938" lon="-121.34422">
        <ele>1542.11</ele>
      </trkpt>
      <trkpt lat="47.46925" lon="-121.34441">
        <ele>1543.06</ele>
      </trkpt>
      <trkpt lat="47.46918" lon="-121.34453">
        <ele>1544.78</ele>
      </trkpt>
      <trkpt lat="47.46907" lon="-121.34465">
        <ele>1548.23</ele>
      </trkpt>
      <trkpt lat="47.46897" lon="-121.3447">
        <ele>1549.49</ele>
      </trkpt>
      <trkpt lat="47.4689" lon="-121.34477">
        <ele>1550.97</ele>
      </trkpt>
      <trkpt lat="47.46884" lon="-121.34479">
        <ele>1551.32</ele>
      </trkpt>
      <trkpt lat="47.46873" lon="-121.34478">
        <ele>1548.45</ele>
      </trkpt>
      <trkpt lat="47.4687" lon="-121.34481">
        <ele>1548.59</ele>
      </trkpt>
      <trkpt lat="47.46868" lon="-121.34486">
        <ele>1549.06</ele>
      </trkpt>
      <trkpt lat="47.46868" lon="-121.34491">
        <ele>1550.48</ele>
      </trkpt>
      <trkpt lat="47.46874" lon="-121.34502">
        <ele>1552.31</ele>
      </trkpt>
      <trkpt lat="47.46879" lon="-121.3451">
        <ele>1551.92</ele>
      </trkpt>
      <trkpt lat="47.46881" lon="-121.34514">
        <ele>1551.12</ele>
      </trkpt>
      <trkpt lat="47.4688" lon="-121.34518">
        <ele>1550.94</ele>
      </trkpt>
      <trkpt lat="47.46871" lon="-121.34527">
        <ele>1550.02</ele>
      </trkpt>
      <trkpt lat="47.46865" lon="-121.34535">
        <ele>1546.37</ele>
      </trkpt>
      <trkpt lat="47.46861" lon="-121.34538">
        <ele>1544.64</ele>
      </trkpt>
      <trkpt lat="47.46853" lon="-121.34541">
        <ele>1540.59</ele>
      </trkpt>
      <trkpt lat="47.4685" lon="-121.34545">
        <ele>1538.65</ele>
      </trkpt>
      <trkpt lat="47.46846" lon="-121.34558">
        <ele>1536.37</ele>
      </trkpt>
      <trkpt lat="47.46842" lon="-121.34561">
        <ele>1535.39</ele>
      </trkpt>
      <trkpt lat="47.46834" lon="-121.34562">
        <ele>1535.02</ele>
      </trkpt>
      <trkpt lat="47.4682" lon="-121.3456">
        <ele>1535.44</ele>
      </trkpt>
      <trkpt lat="47.46815" lon="-121.34561">
        <ele>1535.98</ele>
      </trkpt>
      <trkpt lat="47.46811" lon="-121.34564">
        <ele>1536.79</ele>
      </trkpt>
      <trkpt lat="47.46808" lon="-121.34574">
        <ele>1539.46</ele>
      </trkpt>
      <trkpt lat="47.46802" lon="-121.34584">
        <ele>1543.3</ele>
      </trkpt>
      <trkpt lat="47.46797" lon="-121.34589">
        <ele>1546.0</ele>
      </trkpt>
      <trkpt lat="47.4679" lon="-121.34593">
        <ele>1549.81</ele>
      </trkpt>
      <trkpt lat="47.46786" lon="-121.34592">
        <ele>1551.15</ele>
      </trkpt>
      <trkpt lat="47.46785" lon="-121.34588">
        <ele>1550.28</ele>
      </trkpt>
      <trkpt lat="47.46776" lon="-121.34575">
        <ele>1549.88</ele>
      </trkpt>
      <trkpt lat="47.46772" lon="-121.34573">
        <ele>1550.64</ele>
      </trkpt>
      <trkpt lat="47.46765" lon="-121.34574">
        <ele>1553.5</ele>
      </trkpt>
      <trkpt lat="47.46761" lon="-121.34575">
        <ele>1555.55</ele>
      </trkpt>
      <trkpt lat="47.46751" lon="-121.34587">
        <ele>1562.86</ele>
      </trkpt>
      <trkpt lat="47.46745" lon="-121.34591">
        <ele>1566.64</ele>
      </trkpt>
      <trkpt lat="47.46734" lon="-121.34588">
        <ele>1570.06</ele>
      </trkpt>
      <trkpt lat="47.46719" lon="-121.34581">
        <ele>1573.04</ele>
      </trkpt>
      <trkpt lat="47.46703" lon="-121.34575">
        <ele>1574.54</ele>
      </trkpt>
      <trkpt lat="47.46675" lon="-121.34573">
        <ele>1578.74</ele>
      </trkpt>
      <trkpt lat="47.46642" lon="-121.34563">
        <ele>1580.01</ele>
      </trkpt>
      <trkpt lat="47.46634" lon="-121.34557">
        <ele>1579.52</ele>
      </trkpt>
      <trkpt lat="47.46621" lon="-121.34535">
        <ele>1581.37</ele>
      </trkpt>
      <trkpt lat="47.46618" lon="-121.34523">
        <ele>1582.02</ele>
      </trkpt>
      <trkpt lat="47.46602" lon="-121.34504">
        <ele>1590.75</ele>
      </trkpt>
      <trkpt lat="47.46595" lon="-121.34494">
        <ele>1595.53</ele>
      </trkpt>
      <trkpt lat="47.46584" lon="-121.34468">
        <ele>1601.44</ele>
      </trkpt>
      <trkpt lat="47.46582" lon="-121.3446">
        <ele>1600.95</ele>
      </trkpt>
      <trkpt lat="47.46577" lon="-121.3445">
        <ele>1601.59</ele>
      </trkpt>
      <trkpt lat="47.46571" lon="-121.34442">
        <ele>1602.69</ele>
      </trkpt>
      <trkpt lat="47.46569" lon="-121.34436">
        <ele>1601.59</ele>
      </trkpt>
      <trkpt lat="47.46568" lon="-121.34429">
        <ele>1599.26</ele>
      </trkpt>
      <trkpt lat="47.46565" lon="-121.3441">
        <ele>1590.59</ele>
      </trkpt>
      <trkpt lat="47.46562" lon="-121.34398">
        <ele>1586.15</ele>
      </trkpt>
      <trkpt lat="47.46559" lon="-121.34391">
        <ele>1584.42</ele>
      </trkpt>
      <trkpt lat="47.4655" lon="-121.34383">
        <ele>1584.86</ele>
      </trkpt>
      <trkpt lat="47.46546" lon="-121.34378">
        <ele>1584.64</ele>
      </trkpt>
      <trkpt lat="47.46541" lon="-121.34365">
        <ele>1584.36</ele>
      </trkpt>
      <trkpt lat="47.46538" lon="-121.34354">
        <ele>1584.63</ele>
      </trkpt>
      <trkpt lat="47.46537" lon="-121.34352">
        <ele>1585.07</ele>
      </trkpt>
      <trkpt lat="47.46531" lon="-121.34353">
        <ele>1591.12</ele>
      </trkpt>
      <trkpt lat="47.46527" lon="-121.34352">
        <ele>1594.79</ele>
      </trkpt>
      <trkpt lat="47.46523" lon="-121.34349">
        <ele>1598.03</ele>
      </trkpt>
      <trkpt lat="47.46517" lon="-121.34343">
        <ele>1602.41</ele>
      </trkpt>
      <trkpt lat="47.46511" lon="-121.34333">
        <ele>1604.39</ele>
      </trkpt>
      <trkpt lat="47.46499" lon="-121.34321">
        <ele>1610.54</ele>
      </trkpt>
      <trkpt lat="47.46497" lon="-121.34317">
        <ele>1610.54</ele>
      </trkpt>
      <trkpt lat="47.46496" lon="-121.34322">
        <ele>1613.56</ele>
      </trkpt>
      <trkpt lat="47.46497" lon="-121.34327">
        <ele>1614.86</ele>
      </trkpt>
      <trkpt lat="47.46504" lon="-121.34335">
        <ele>1611.65</ele>
      </trkpt>
      <trkpt lat="47.46508" lon="-121.34342">
        <ele>1610.03</ele>
      </trkpt>
      <trkpt lat="47.46513" lon="-121.34354">
        <ele>1608.83</ele>
      </trkpt>
      <trkpt lat="47.46514" lon="-121.34367">
        <ele>1610.66</ele>
      </trkpt>
      <trkpt lat="47.46516" lon="-121.34371">
        <ele>1609.58</ele>
      </trkpt>
      <trkpt lat="47.4652" lon="-121.34372">
        <ele>1605.75</ele>
      </trkpt>
      <trkpt lat="47.46528" lon="-121.3438">
        <ele>1598.83</ele>
      </trkpt>
      <trkpt lat="47.46529" lon="-121.34385">
        <ele>1598.62</ele>
      </trkpt>
      <trkpt lat="47.46527" lon="-121.34401">
        <ele>1605.24</ele>
      </trkpt>
      <trkpt lat="47.46529" lon="-121.34421">
        <ele>1615.68</ele>
      </trkpt>
      <trkpt lat="47.46531" lon="-121.34433">
        <ele>1621.58</ele>
      </trkpt>
      <trkpt lat="47.46535" lon="-121.34445">
        <ele>1625.84</ele>
      </trkpt>
      <trkpt lat="47.46536" lon="-121.34452">
        <ele>1628.86</ele>
      </trkpt>
      <trkpt lat="47.46535" lon="-121.34467">
        <ele>1636.97</ele>
      </trkpt>
      <trkpt lat="47.46535" lon="-121.34478">
        <ele>1640.35</ele>
      </trkpt>
      <trkpt lat="47.46537" lon="-121.34486">
        <ele>1641.48</ele>
      </trkpt>
      <trkpt lat="47.46537" lon="-121.34488">
        <ele>1642.13</ele>
      </trkpt>
      <trkpt lat="47.46536" lon="-121.34487">
        <ele>1642.35</ele>
      </trkpt>
      <trkpt lat="47.46534" lon="-121.34482">
        <ele>1641.81</ele>
      </trkpt>
      <trkpt lat="47.46532" lon="-121.34472">
        <ele>1640.64</ele>
      </trkpt>
      <trkpt lat="47.46532" lon="-121.34453">
        <ele>1632.43</ele>
      </trkpt>
      <trkpt lat="47.46531" lon="-121.34447">
        <ele>1629.94</ele>
      </trkpt>
      <trkpt lat="47.46528" lon="-121.34441">
        <ele>1628.61</ele>
      </trkpt>
      <trkpt lat="47.46523" lon="-121.34436">
        <ele>1629.09</ele>
      </trkpt>
      <trkpt lat="47.46519" lon="-121.34435">
        <ele>1631.5</ele>
      </trkpt>
      <trkpt lat="47.46512" lon="-121.34438">
        <ele>1637.53</ele>
      </trkpt>
      <trkpt lat="47.46509" lon="-121.34437">
        <ele>1638.92</ele>
      </trkpt>
      <trkpt lat="47.46508" lon="-121.34434">
        <ele>1637.95</ele>
      </trkpt>
      <trkpt lat="47.46503" lon="-121.34417">
        <ele>1632.56</ele>
      </trkpt>
      <trkpt lat="47.465" lon="-121.34411">
        <ele>1633.16</ele>
      </trkpt>
      <trkpt lat="47.4649" lon="-121.34386">
        <ele>1637.73</ele>
      </trkpt>
      <trkpt lat="47.46487" lon="-121.34383">
        <ele>1639.58</ele>
      </trkpt>
      <trkpt lat="47.46477" lon="-121.3438">
        <ele>1647.49</ele>
      </trkpt>
      <trkpt lat="47.46475" lon="-121.34381">
        <ele>1649.3</ele>
      </trkpt>
      <trkpt lat="47.46475" lon="-121.34383">
        <ele>1649.88</ele>
      </trkpt>
      <trkpt lat="47.46483" lon="-121.34389">
        <ele>1644.71</ele>
      </trkpt>
      <trkpt lat="47.46488" lon="-121.34405">
        <ele>1643.85</ele>
      </trkpt>
      <trkpt lat="47.46488" lon="-121.3441">
        <ele>1644.73</ele>
      </trkpt>
      <trkpt lat="47.46487" lon="-121.34425">
        <ele>1648.97</ele>
      </trkpt>
      <trkpt lat="47.46486" lon="-121.34428">
        <ele>1650.54</ele>
      </trkpt>
      <trkpt lat="47.46486" lon="-121.34434">
        <ele>1651.82</ele>
      </trkpt>
      <trkpt lat="47.46488" lon="-121.34443">
        <ele>1653.06</ele>
      </trkpt>
      <trkpt lat="47.46491" lon="-121.34448">
        <ele>1653.39</ele>
      </trkpt>
      <trkpt lat="47.46491" lon="-121.34453">
        <ele>1655.53</ele>
      </trkpt>
      <trkpt lat="47.46489" lon="-121.34464">
        <ele>1660.09</ele>
      </trkpt>
      <trkpt lat="47.4649" lon="-121.34469">
        <ele>1661.28</ele>
      </trkpt>
      <trkpt lat="47.46496" lon="-121.34481">
        <ele>1662.57</ele>
      </trkpt>
      <trkpt lat="47.465" lon="-121.34486">
        <ele>1662.46</ele>
      </trkpt>
      <trkpt lat="47.46501" lon="-121.34489">
        <ele>1662.98</ele>
      </trkpt>
      <trkpt lat="47.46501" lon="-121.3449">
        <ele>1663.32</ele>
      </trkpt>
      <trkpt lat="47.46491" lon="-121.34479">
        <ele>1664.08</ele>
      </trkpt>
      <trkpt lat="47.46478" lon="-121.34454">
        <ele>1661.96</ele>
      </trkpt>
      <trkpt lat="47.46473" lon="-121.34449">
        <ele>1663.52</ele>
      </trkpt>
      <trkpt lat="47.46469" lon="-121.34443">
        <ele>1664.43</ele>
      </trkpt>
      <trkpt lat="47.46465" lon="-121.34439">
        <ele>1665.72</ele>
      </trkpt>
      <trkpt lat="47.46454" lon="-121.3443">
        <ele>1668.77</ele>
      </trkpt>
      <trkpt lat="47.46452" lon="-121.34423">
        <ele>1668.36</ele>
      </trkpt>
      <trkpt lat="47.46443" lon="-121.34417">
        <ele>1670.7</ele>
      </trkpt>
      <trkpt lat="47.46439" lon="-121.34412">
        <ele>1671.85</ele>
      </trkpt>
      <trkpt lat="47.46438" lon="-121.34407">
        <ele>1671.71</ele>
      </trkpt>
      <trkpt lat="47.46436" lon="-121.34389">
        <ele>1669.75</ele>
      </trkpt>
      <trkpt lat="47.46435" lon="-121.34387">
        <ele>1669.67</ele>
      </trkpt>
      <trkpt lat="47.4643" lon="-121.34387">
        <ele>1671.83</ele>
      </trkpt>
      <trkpt lat="47.46423" lon="-121.3438">
        <ele>1673.65</ele>
      </trkpt>
      <trkpt lat="47.46419" lon="-121.34372">
        <ele>1674.09</ele>
      </trkpt>
      <trkpt lat="47.46413" lon="-121.34366">
        <ele>1676.22</ele>
      </trkpt>
      <trkpt lat="47.46407" lon="-121.34351">
        <ele>1677.08</ele>
      </trkpt>
      <trkpt lat="47.46403" lon="-121.34349">
        <ele>1679.24</ele>
      </trkpt>
      <trkpt lat="47.464" lon="-121.34344">
        <ele>1680.1</ele>
      </trkpt>
      <trkpt lat="47.46397" lon="-121.34319">
        <ele>1678.72</ele>
      </trkpt>
      <trkpt lat="47.46395" lon="-121.34309">
        <ele>1678.75</ele>
      </trkpt>
      <trkpt lat="47.46388" lon="-121.34292">
        <ele>1680.74</ele>
      </trkpt>
      <trkpt lat="47.4638" lon="-121.34281">
        <ele>1684.42</ele>
      </trkpt>
      <trkpt lat="47.46377" lon="-121.34274">
        <ele>1685.17</ele>
      </trkpt>
      <trkpt lat="47.46375" lon="-121.34266">
        <ele>1684.68</ele>
      </trkpt>
      <trkpt lat="47.46374" lon="-121.34256">
        <ele>1682.41</ele>
      </trkpt>
      <trkpt lat="47.46373" lon="-121.34251">
        <ele>1681.97</ele>
      </trkpt>
      <trkpt lat="47.46369" lon="-121.34243">
        <ele>1681.98</ele>
      </trkpt>
      <trkpt lat="47.46347" lon="-121.34219">
        <ele>1684.89</ele>
      </trkpt>
      <trkpt lat="47.4634" lon="-121.34207">
        <ele>1681.94</ele>
      </trkpt>
      <trkpt lat="47.46338" lon="-121.34209">
        <ele>1682.22</ele>
      </trkpt>
      <trkpt lat="47.46347" lon="-121.3423">
        <ele>1689.02</ele>
      </trkpt>
      <trkpt lat="47.46351" lon="-121.34238">
        <ele>1691.09</ele>
      </trkpt>
      <trkpt lat="47.46358" lon="-121.34255">
        <ele>1693.48</ele>
      </trkpt>
      <trkpt lat="47.46361" lon="-121.34278">
        <ele>1699.18</ele>
      </trkpt>
      <trkpt lat="47.46362" lon="-121.34286">
        <ele>1700.81</ele>
      </trkpt>
      <trkpt lat="47.46366" lon="-121.34311">
        <ele>1704.43</ele>
      </trkpt>
      <trkpt lat="47.46366" lon="-121.3432">
        <ele>1707.05</ele>
      </trkpt>
      <trkpt lat="47.46364" lon="-121.34343">
        <ele>1712.18</ele>
      </trkpt>
      <trkpt lat="47.46361" lon="-121.34357">
        <ele>1713.46</ele>
      </trkpt>
      <trkpt lat="47.46357" lon="-121.34366">
        <ele>1713.27</ele>
      </trkpt>
      <trkpt lat="47.46355" lon="-121.34373">
        <ele>1712.49</ele>
      </trkpt>
      <trkpt lat="47.46351" lon="-121.34384">
        <ele>1711.01</ele>
      </trkpt>
      <trkpt lat="47.46345" lon="-121.34392">
        <ele>1710.72</ele>
      </trkpt>
      <trkpt lat="47.46339" lon="-121.34396">
        <ele>1708.83</ele>
      </trkpt>
      <trkpt lat="47.46331" lon="-121.34396">
        <ele>1701.61</ele>
      </trkpt>
      <trkpt lat="47.46327" lon="-121.34399">
        <ele>1698.4</ele>
      </trkpt>
      <trkpt lat="47.46325" lon="-121.34401">
        <ele>1696.68</ele>
      </trkpt>
      <trkpt lat="47.4632" lon="-121.34416">
        <ele>1695.46</ele>
      </trkpt>
      <trkpt lat="47.46316" lon="-121.34425">
        <ele>1695.04</ele>
      </trkpt>
      <trkpt lat="47.46313" lon="-121.34435">
        <ele>1695.57</ele>
      </trkpt>
      <trkpt lat="47.46314" lon="-121.34439">
        <ele>1698.11</ele>
      </trkpt>
      <trkpt lat="47.46316" lon="-121.34452">
        <ele>1703.35</ele>
      </trkpt>
      <trkpt lat="47.46316" lon="-121.34475">
        <ele>1704.67</ele>
      </trkpt>
      <trkpt lat="47.46315" lon="-121.3448">
        <ele>1704.04</ele>
      </trkpt>
      <trkpt lat="47.46305" lon="-121.3449">
        <ele>1698.02</ele>
      </trkpt>
      <trkpt lat="47.46301" lon="-121.34498">
        <ele>1695.94</ele>
      </trkpt>
      <trkpt lat="47.46296" lon="-121.34513">
        <ele>1691.71</ele>
      </trkpt>
      <trkpt lat="47.46291" lon="-121.34529">
        <ele>1687.35</ele>
      </trkpt>
      <trkpt lat="47.46287" lon="-121.34557">
        <ele>1680.12</ele>
      </trkpt>
      <trkpt lat="47.46281" lon="-121.34582">
        <ele>1681.15</ele>
      </trkpt>
      <trkpt lat="47.46273" lon="-121.34601">
        <ele>1676.31</ele>
      </trkpt>
      <trkpt lat="47.46267" lon="-121.34609">
        <ele>1671.17</ele>
      </trkpt>
      <trkpt lat="47.4626" lon="-121.34629">
        <ele>1666.51</ele>
      </trkpt>
      <trkpt lat="47.46256" lon="-121.34648">
        <ele>1666.86</ele>
      </trkpt>
      <trkpt lat="47.46254" lon="-121.34669">
        <ele>1667.6</ele>
      </trkpt>
      <trkpt lat="47.46251" lon="-121.34686">
        <ele>1666.54</ele>
      </trkpt>
      <trkpt lat="47.46245" lon="-121.34712">
        <ele>1662.36</ele>
      </trkpt>
      <trkpt lat="47.46245" lon="-121.34718">
        <ele>1661.76</ele>
      </trkpt>
      <trkpt lat="47.46243" lon="-121.34737">
        <ele>1659.38</ele>
      </trkpt>
      <trkpt lat="47.46245" lon="-121.34742">
        <ele>1659.64</ele>
      </trkpt>
      <trkpt lat="47.46246" lon="-121.34749">
        <ele>1658.87</ele>
      </trkpt>
      <trkpt lat="47.46245" lon="-121.34751">
        <ele>1658.17</ele>
      </trkpt>
      <trkpt lat="47.46241" lon="-121.34749">
        <ele>1657.2</ele>
      </trkpt>
      <trkpt lat="47.46231" lon="-121.34736">
        <ele>1651.12</ele>
      </trkpt>
      <trkpt lat="47.46229" lon="-121.34731">
        <ele>1648.86</ele>
      </trkpt>
      <trkpt lat="47.46225" lon="-121.34714">
        <ele>1647.18</ele>
      </trkpt>
      <trkpt lat="47.46224" lon="-121.34714">
        <ele>1646.31</ele>
      </trkpt>
      <trkpt lat="47.46223" lon="-121.34726">
        <ele>1643.67</ele>
      </trkpt>
      <trkpt lat="47.46223" lon="-121.34748">
        <ele>1648.01</ele>
      </trkpt>
      <trkpt lat="47.46225" lon="-121.34758">
        <ele>1650.1</ele>
      </trkpt>
      <trkpt lat="47.46232" lon="-121.34773">
        <ele>1651.52</ele>
      </trkpt>
      <trkpt lat="47.46236" lon="-121.34777">
        <ele>1649.8</ele>
      </trkpt>
      <trkpt lat="47.46244" lon="-121.3478">
        <ele>1645.32</ele>
      </trkpt>
      <trkpt lat="47.4626" lon="-121.34783">
        <ele>1639.24</ele>
      </trkpt>
      <trkpt lat="47.46278" lon="-121.34792">
        <ele>1637.78</ele>
      </trkpt>
      <trkpt lat="47.46286" lon="-121.34798">
        <ele>1635.17</ele>
      </trkpt>
      <trkpt lat="47.46298" lon="-121.34818">
        <ele>1634.6</ele>
      </trkpt>
      <trkpt lat="47.46301" lon="-121.34825">
        <ele>1632.58</ele>
      </trkpt>
      <trkpt lat="47.46306" lon="-121.34832">
        <ele>1630.83</ele>
      </trkpt>
      <trkpt lat="47.46317" lon="-121.34845">
        <ele>1624.61</ele>
      </trkpt>
      <trkpt lat="47.46321" lon="-121.34846">
        <ele>1624.21</ele>
      </trkpt>
      <trkpt lat="47.46327" lon="-121.34843">
        <ele>1626.39</ele>
      </trkpt>
      <trkpt lat="47.46333" lon="-121.34842">
        <ele>1626.55</ele>
      </trkpt>
      <trkpt lat="47.46339" lon="-121.34843">
        <ele>1625.12</ele>
      </trkpt>
      <trkpt lat="47.46346" lon="-121.34851">
        <ele>1619.89</ele>
      </trkpt>
      <trkpt lat="47.46367" lon="-121.34891">
        <ele>1613.5</ele>
      </trkpt>
      <trkpt lat="47.46368" lon="-121.34898">
        <ele>1611.77</ele>
      </trkpt>
      <trkpt lat="47.46371" lon="-121.34908">
        <ele>1610.21</ele>
      </trkpt>
      <trkpt lat="47.46377" lon="-121.34915">
        <ele>1611.35</ele>
      </trkpt>
      <trkpt lat="47.46381" lon="-121.34917">
        <ele>1612.48</ele>
      </trkpt>
      <trkpt lat="47.46385" lon="-121.34924">
        <ele>1611.94</ele>
      </trkpt>
      <trkpt lat="47.46387" lon="-121.34932">
        <ele>1610.35</ele>
      </trkpt>
      <trkpt lat="47.46392" lon="-121.34969">
        <ele>1602.7</ele>
      </trkpt>
      <trkpt lat="47.46395" lon="-121.34982">
        <ele>1599.83</ele>
      </trkpt>
      <trkpt lat="47.46414" lon="-121.3501">
        <ele>1596.18</ele>
      </trkpt>
      <trkpt lat="47.4642" lon="-121.35016">
        <ele>1595.63</ele>
      </trkpt>
      <trkpt lat="47.46427" lon="-121.35018">
        <ele>1596.57</ele>
      </trkpt>
      <trkpt lat="47.4644" lon="-121.35018">
        <ele>1601.25</ele>
      </trkpt>
      <trkpt lat="47.46453" lon="-121.3502">
        <ele>1607.3</ele>
      </trkpt>
      <trkpt lat="47.4646" lon="-121.35025">
        <ele>1610.68</ele>
      </trkpt>
      <trkpt lat="47.46464" lon="-121.35031">
        <ele>1612.09</ele>
      </trkpt>
      <trkpt lat="47.46467" lon="-121.35048">
        <ele>1611.3</ele>
      </trkpt>
      <trkpt lat="47.46477" lon="-121.35062">
        <ele>1618.28</ele>
      </trkpt>
      <trkpt lat="47.46477" lon="-121.35086">
        <ele>1616.8</ele>
      </trkpt>
      <trkpt lat="47.46477" lon="-121.35101">
        <ele>1615.13</ele>
      </trkpt>
      <trkpt lat="47.46475" lon="-121.35113">
        <ele>1612.47</ele>
      </trkpt>
      <trkpt lat="47.46471" lon="-121.35115">
        <ele>1611.69</ele>
      </trkpt>
      <trkpt lat="47.46463" lon="-121.3512">
        <ele>1608.05</ele>
      </trkpt>
      <trkpt lat="47.46455" lon="-121.3513">
        <ele>1601.47</ele>
      </trkpt>
      <trkpt lat="47.46449" lon="-121.35141">
        <ele>1596.86</ele>
      </trkpt>
      <trkpt lat="47.46443" lon="-121.35156">
        <ele>1594.38</ele>
      </trkpt>
      <trkpt lat="47.46437" lon="-121.35202">
        <ele>1595.6</ele>
      </trkpt>
      <trkpt lat="47.4643" lon="-121.35237">
        <ele>1594.2</ele>
      </trkpt>
      <trkpt lat="47.46422" lon="-121.3526">
        <ele>1590.38</ele>
      </trkpt>
      <trkpt lat="47.4642" lon="-121.35305">
        <ele>1584.0</ele>
      </trkpt>
      <trkpt lat="47.46422" lon="-121.35319">
        <ele>1583.7</ele>
      </trkpt>
      <trkpt lat="47.46434" lon="-121.35343">
        <ele>1589.85</ele>
      </trkpt>
      <trkpt lat="47.46435" lon="-121.35353">
        <ele>1587.49</ele>
      </trkpt>
      <trkpt lat="47.46437" lon="-121.35365">
        <ele>1586.04</ele>
      </trkpt>
      <trkpt lat="47.46437" lon="-121.35377">
        <ele>1583.19</ele>
      </trkpt>
      <trkpt lat="47.46439" lon="-121.35408">
        <ele>1577.34</ele>
      </trkpt>
      <trkpt lat="47.46437" lon="-121.35421">
        <ele>1573.24</ele>
      </trkpt>
      <trkpt lat="47.46433" lon="-121.35468">
        <ele>1571.13</ele>
      </trkpt>
      <trkpt lat="47.46428" lon="-121.3548">
        <ele>1569.18</ele>
      </trkpt>
      <trkpt lat="47.46423" lon="-121.35505">
        <ele>1568.33</ele>
      </trkpt>
      <trkpt lat="47.46412" lon="-121.3559">
        <ele>1562.74</ele>
      </trkpt>
      <trkpt lat="47.46414" lon="-121.35607">
        <ele>1563.17</ele>
      </trkpt>
      <trkpt lat="47.46419" lon="-121.35617">
        <ele>1566.63</ele>
      </trkpt>
      <trkpt lat="47.46423" lon="-121.35629">
        <ele>1568.29</ele>
      </trkpt>
      <trkpt lat="47.46424" lon="-121.3565">
        <ele>1564.19</ele>
      </trkpt>
      <trkpt lat="47.46422" lon="-121.35671">
        <ele>1562.43</ele>
      </trkpt>
      <trkpt lat="47.46426" lon="-121.35684">
        <ele>1567.94</ele>
      </trkpt>
      <trkpt lat="47.4643" lon="-121.35692">
        <ele>1573.11</ele>
      </trkpt>
      <trkpt lat="47.46432" lon="-121.35705">
        <ele>1577.14</ele>
      </trkpt>
      <trkpt lat="47.4643" lon="-121.35719">
        <ele>1577.7</ele>
      </trkpt>
      <trkpt lat="47.4643" lon="-121.35736">
        <ele>1579.33</ele>
      </trkpt>
      <trkpt lat="47.46445" lon="-121.35841">
        <ele>1596.63</ele>
      </trkpt>
      <trkpt lat="47.46444" lon="-121.35848">
        <ele>1595.38</ele>
      </trkpt>
      <trkpt lat="47.46441" lon="-121.35853">
        <ele>1591.13</ele>
      </trkpt>
      <trkpt lat="47.4644" lon="-121.35859">
        <ele>1589.73</ele>
      </trkpt>
      <trkpt lat="47.46439" lon="-121.35867">
        <ele>1588.27</ele>
      </trkpt>
      <trkpt lat="47.46442" lon="-121.35875">
        <ele>1590.49</ele>
      </trkpt>
      <trkpt lat="47.4645" lon="-121.35885">
        <ele>1595.87</ele>
      </trkpt>
      <trkpt lat="47.46454" lon="-121.35898">
        <ele>1596.19</ele>
      </trkpt>
      <trkpt lat="47.46456" lon="-121.35914">
        <ele>1593.28</ele>
      </trkpt>
      <trkpt lat="47.46467" lon="-121.35928">
        <ele>1594.61</ele>
      </trkpt>
      <trkpt lat="47.46474" lon="-121.35933">
        <ele>1597.43</ele>
      </trkpt>
      <trkpt lat="47.46476" lon="-121.35936">
        <ele>1598.02</ele>
      </trkpt>
      <trkpt lat="47.46476" lon="-121.35943">
        <ele>1597.88</ele>
      </trkpt>
      <trkpt lat="47.46474" lon="-121.35949">
        <ele>1597.42</ele>
      </trkpt>
      <trkpt lat="47.46469" lon="-121.35953">
        <ele>1593.77</ele>
      </trkpt>
      <trkpt lat="47.4646" lon="-121.35969">
        <ele>1590.6</ele>
      </trkpt>
      <trkpt lat="47.46457" lon="-121.35979">
        <ele>1591.95</ele>
      </trkpt>
      <trkpt lat="47.46454" lon="-121.35981">
        <ele>1590.1</ele>
      </trkpt>
      <trkpt lat="47.46449" lon="-121.35989">
        <ele>1588.78</ele>
      </trkpt>
      <trkpt lat="47.46441" lon="-121.36023">
        <ele>1594.89</ele>
      </trkpt>
      <trkpt lat="47.46436" lon="-121.36035">
        <ele>1595.71</ele>
      </trkpt>
      <trkpt lat="47.46434" lon="-121.36053">
        <ele>1601.98</ele>
      </trkpt>
      <trkpt lat="47.46429" lon="-121.36068">
        <ele>1601.45</ele>
      </trkpt>
      <trkpt lat="47.46423" lon="-121.36095">
        <ele>1602.43</ele>
      </trkpt>
      <trkpt lat="47.46424" lon="-121.36104">
        <ele>1608.32</ele>
      </trkpt>
      <trkpt lat="47.46425" lon="-121.36109">
        <ele>1611.94</ele>
      </trkpt>
      <trkpt lat="47.46425" lon="-121.36113">
        <ele>1613.72</ele>
      </trkpt>
      <trkpt lat="47.46416" lon="-121.3613">
        <ele>1610.15</ele>
      </trkpt>
      <trkpt lat="47.46407" lon="-121.36159">
        <ele>1610.12</ele>
      </trkpt>
      <trkpt lat="47.46403" lon="-121.36182">
        <ele>1616.7</ele>
      </trkpt>
      <trkpt lat="47.46401" lon="-121.36191">
        <ele>1619.46</ele>
      </trkpt>
      <trkpt lat="47.46394" lon="-121.36203">
        <ele>1618.63</ele>
      </trkpt>
      <trkpt lat="47.46388" lon="-121.36205">
        <ele>1613.7</ele>
      </trkpt>
      <trkpt lat="47.46384" lon="-121.36208">
        <ele>1611.1</ele>
      </trkpt>
      <trkpt lat="47.46382" lon="-121.36214">
        <ele>1611.75</ele>
      </trkpt>
      <trkpt lat="47.46381" lon="-121.3622">
        <ele>1613.37</ele>
      </trkpt>
      <trkpt lat="47.46382" lon="-121.36225">
        <ele>1616.43</ele>
      </trkpt>
      <trkpt lat="47.4638" lon="-121.3623">
        <ele>1616.69</ele>
      </trkpt>
      <trkpt lat="47.46359" lon="-121.36261">
        <ele>1614.16</ele>
      </trkpt>
      <trkpt lat="47.46348" lon="-121.36283">
        <ele>1614.51</ele>
      </trkpt>
      <trkpt lat="47.46345" lon="-121.36293">
        <ele>1616.08</ele>
      </trkpt>
      <trkpt lat="47.46341" lon="-121.36301">
        <ele>1615.06</ele>
      </trkpt>
      <trkpt lat="47.46334" lon="-121.3631">
        <ele>1610.71</ele>
      </trkpt>
      <trkpt lat="47.4633" lon="-121.36312">
        <ele>1607.69</ele>
      </trkpt>
      <trkpt lat="47.46325" lon="-121.36313">
        <ele>1603.66</ele>
      </trkpt>
      <trkpt lat="47.46322" lon="-121.36317">
        <ele>1603.44</ele>
      </trkpt>
      <trkpt lat="47.46321" lon="-121.36325">
        <ele>1607.18</ele>
      </trkpt>
      <trkpt lat="47.4631" lon="-121.36346">
        <ele>1610.01</ele>
      </trkpt>
      <trkpt lat="47.46305" lon="-121.36351">
        <ele>1608.21</ele>
      </trkpt>
      <trkpt lat="47.46305" lon="-121.36366">
        <ele>1616.72</ele>
      </trkpt>
      <trkpt lat="47.46304" lon="-121.36371">
        <ele>1619.04</ele>
      </trkpt>
      <trkpt lat="47.46301" lon="-121.36375">
        <ele>1618.57</ele>
      </trkpt>
      <trkpt lat="47.46297" lon="-121.36377">
        <ele>1615.58</ele>
      </trkpt>
      <trkpt lat="47.46294" lon="-121.36381">
        <ele>1614.61</ele>
      </trkpt>
      <trkpt lat="47.46284" lon="-121.36406">
        <ele>1616.15</ele>
      </trkpt>
      <trkpt lat="47.46283" lon="-121.36415">
        <ele>1619.8</ele>
      </trkpt>
      <trkpt lat="47.46277" lon="-121.36424">
        <ele>1617.6</ele>
      </trkpt>
      <trkpt lat="47.4627" lon="-121.36445">
        <ele>1620.05</ele>
      </trkpt>
      <trkpt lat="47.46269" lon="-121.36451">
        <ele>1622.08</ele>
      </trkpt>
      <trkpt lat="47.46266" lon="-121.36459">
        <ele>1623.26</ele>
      </trkpt>
      <trkpt lat="47.4626" lon="-121.36465">
        <ele>1619.68</ele>
      </trkpt>
      <trkpt lat="47.46254" lon="-121.36478">
        <ele>1619.65</ele>
      </trkpt>
      <trkpt lat="47.4625" lon="-121.36494">
        <ele>1622.41</ele>
      </trkpt>
      <trkpt lat="47.46238" lon="-121.36517">
        <ele>1619.19</ele>
      </trkpt>
      <trkpt lat="47.46226" lon="-121.36529">
        <ele>1613.77</ele>
      </trkpt>
      <trkpt lat="47.46221" lon="-121.36539">
        <ele>1613.08</ele>
      </trkpt>
      <trkpt lat="47.46216" lon="-121.36553">
        <ele>1614.09</ele>
      </trkpt>
      <trkpt lat="47.4621" lon="-121.36563">
        <ele>1613.33</ele>
      </trkpt>
      <trkpt lat="47.46204" lon="-121.36585">
        <ele>1616.7</ele>
      </trkpt>
      <trkpt lat="47.46198" lon="-121.36611">
        <ele>1620.51</ele>
      </trkpt>
      <trkpt lat="47.462" lon="-121.36632">
        <ele>1622.39</ele>
      </trkpt>
      <trkpt lat="47.46205" lon="-121.36649">
        <ele>1621.24</ele>
      </trkpt>
      <trkpt lat="47.46209" lon="-121.36665">
        <ele>1619.08</ele>
      </trkpt>
      <trkpt lat="47.4621" lon="-121.36676">
        <ele>1617.02</ele>
      </trkpt>
      <trkpt lat="47.46212" lon="-121.36685">
        <ele>1615.63</ele>
      </trkpt>
      <trkpt lat="47.46218" lon="-121.367">
        <ele>1613.98</ele>
      </trkpt>
      <trkpt lat="47.46221" lon="-121.36709">
        <ele>1613.4</ele>
      </trkpt>
      <trkpt lat="47.46228" lon="-121.36719">
        <ele>1613.57</ele>
      </trkpt>
      <trkpt lat="47.46231" lon="-121.36742">
        <ele>1610.68</ele>
      </trkpt>
      <trkpt lat="47.4623" lon="-121.36751">
        <ele>1609.02</ele>
      </trkpt>
      <trkpt lat="47.46226" lon="-121.36766">
        <ele>1609.29</ele>
      </trkpt>
      <trkpt lat="47.4621" lon="-121.36777">
        <ele>1612.24</ele>
      </trkpt>
      <trkpt lat="47.46204" lon="-121.36786">
        <ele>1613.83</ele>
      </trkpt>
      <trkpt lat="47.46198" lon="-121.36788">
        <ele>1614.13</ele>
      </trkpt>
      <trkpt lat="47.46194" lon="-121.36795">
        <ele>1615.76</ele>
      </trkpt>
      <trkpt lat="47.46179" lon="-121.36814">
        <ele>1622.16</ele>
      </trkpt>
      <trkpt lat="47.46171" lon="-121.36821">
        <ele>1624.2</ele>
      </trkpt>
      <trkpt lat="47.46164" lon="-121.36823">
        <ele>1625.14</ele>
      </trkpt>
      <trkpt lat="47.4616" lon="-121.36832">
        <ele>1626.58</ele>
      </trkpt>
      <trkpt lat="47.46155" lon="-121.36834">
        <ele>1627.02</ele>
      </trkpt>
      <trkpt lat="47.4614" lon="-121.36849">
        <ele>1629.3</ele>
      </trkpt>
      <trkpt lat="47.46134" lon="-121.36853">
        <ele>1630.19</ele>
      </trkpt>
      <trkpt lat="47.46128" lon="-121.36862">
        <ele>1632.19</ele>
      </trkpt>
      <trkpt lat="47.46124" lon="-121.36863">
        <ele>1632.41</ele>
      </trkpt>
      <trkpt lat="47.46114" lon="-121.36871">
        <ele>1634.14</ele>
      </trkpt>
      <trkpt lat="47.46107" lon="-121.36882">
        <ele>1636.77</ele>
      </trkpt>
      <trkpt lat="47.46099" lon="-121.36886">
        <ele>1637.97</ele>
      </trkpt>
      <trkpt lat="47.46094" lon="-121.36894">
        <ele>1640.66</ele>
      </trkpt>
      <trkpt lat="47.46086" lon="-121.36898">
        <ele>1641.94</ele>
      </trkpt>
      <trkpt lat="47.46071" lon="-121.36918">
        <ele>1648.76</ele>
      </trkpt>
      <trkpt lat="47.46061" lon="-121.36922">
        <ele>1651.55</ele>
      </trkpt>
      <trkpt lat="47.46051" lon="-121.36921">
        <ele>1653.39</ele>
      </trkpt>
      <trkpt lat="47.46044" lon="-121.36917">
        <ele>1653.6</ele>
      </trkpt>
      <trkpt lat="47.46033" lon="-121.36905">
        <ele>1651.83</ele>
      </trkpt>
      <trkpt lat="47.46027" lon="-121.3689">
        <ele>1647.53</ele>
      </trkpt>
      <trkpt lat="47.46015" lon="-121.36889">
        <ele>1649.8</ele>
      </trkpt>
      <trkpt lat="47.46001" lon="-121.3689">
        <ele>1653.16</ele>
      </trkpt>
      <trkpt lat="47.45989" lon="-121.36903">
        <ele>1659.19</ele>
      </trkpt>
      <trkpt lat="47.45981" lon="-121.36906">
        <ele>1660.59</ele>
      </trkpt>
      <trkpt lat="47.45969" lon="-121.36908">
        <ele>1662.21</ele>
      </trkpt>
      <trkpt lat="47.45962" lon="-121.36915">
        <ele>1665.38</ele>
      </trkpt>
      <trkpt lat="47.4595" lon="-121.36912">
        <ele>1665.78</ele>
      </trkpt>
      <trkpt lat="47.4594" lon="-121.36905">
        <ele>1665.4</ele>
      </trkpt>
      <trkpt lat="47.45937" lon="-121.36898">
        <ele>1663.37</ele>
      </trkpt>
      <trkpt lat="47.45933" lon="-121.36895">
        <ele>1663.69</ele>
      </trkpt>
      <trkpt lat="47.45924" lon="-121.36894">
        <ele>1665.86</ele>
      </trkpt>
      <trkpt lat="47.45916" lon="-121.36886">
        <ele>1664.5</ele>
      </trkpt>
      <trkpt lat="47.45875" lon="-121.36888">
        <ele>1668.66</ele>
      </trkpt>
      <trkpt lat="47.45858" lon="-121.36883">
        <ele>1667.97</ele>
      </trkpt>
      <trkpt lat="47.45847" lon="-121.36873">
        <ele>1665.57</ele>
      </trkpt>
      <trkpt lat="47.4583" lon="-121.36873">
        <ele>1665.11</ele>
      </trkpt>
      <trkpt lat="47.45828" lon="-121.36866">
        <ele>1663.75</ele>
      </trkpt>
      <trkpt lat="47.45822" lon="-121.36863">
        <ele>1663.16</ele>
      </trkpt>
      <trkpt lat="47.45821" lon="-121.36865">
        <ele>1663.28</ele>
      </trkpt>
      <trkpt lat="47.45817" lon="-121.36876">
        <ele>1663.38</ele>
      </trkpt>
      <trkpt lat="47.45812" lon="-121.36887">
        <ele>1661.05</ele>
      </trkpt>
      <trkpt lat="47.45811" lon="-121.36892">
        <ele>1660.35</ele>
      </trkpt>
      <trkpt lat="47.45816" lon="-121.36909">
        <ele>1664.13</ele>
      </trkpt>
      <trkpt lat="47.45807" lon="-121.36917">
        <ele>1661.88</ele>
      </trkpt>
      <trkpt lat="47.45793" lon="-121.36925">
        <ele>1658.02</ele>
      </trkpt>
      <trkpt lat="47.45788" lon="-121.36934">
        <ele>1657.26</ele>
      </trkpt>
      <trkpt lat="47.4579" lon="-121.36946">
        <ele>1658.77</ele>
      </trkpt>
      <trkpt lat="47.45791" lon="-121.36958">
        <ele>1659.94</ele>
      </trkpt>
      <trkpt lat="47.45789" lon="-121.36973">
        <ele>1660.08</ele>
      </trkpt>
      <trkpt lat="47.45777" lon="-121.36981">
        <ele>1660.68</ele>
      </trkpt>
      <trkpt lat="47.45761" lon="-121.36983">
        <ele>1656.89</ele>
      </trkpt>
      <trkpt lat="47.45745" lon="-121.36984">
        <ele>1651.78</ele>
      </trkpt>
      <trkpt lat="47.45724" lon="-121.36999">
        <ele>1645.47</ele>
      </trkpt>
      <trkpt lat="47.4572" lon="-121.37006">
        <ele>1644.28</ele>
      </trkpt>
      <trkpt lat="47.45719" lon="-121.37012">
        <ele>1644.15</ele>
      </trkpt>
      <trkpt lat="47.45713" lon="-121.37021">
        <ele>1642.02</ele>
      </trkpt>
      <trkpt lat="47.4571" lon="-121.37028">
        <ele>1640.69</ele>
      </trkpt>
      <trkpt lat="47.4571" lon="-121.37034">
        <ele>1639.83</ele>
      </trkpt>
      <trkpt lat="47.45713" lon="-121.37038">
        <ele>1640.92</ele>
      </trkpt>
      <trkpt lat="47.45712" lon="-121.37049">
        <ele>1639.48</ele>
      </trkpt>
      <trkpt lat="47.45713" lon="-121.37055">
        <ele>1640.02</ele>
      </trkpt>
      <trkpt lat="47.45719" lon="-121.37066">
        <ele>1644.86</ele>
      </trkpt>
      <trkpt lat="47.45722" lon="-121.37074">
        <ele>1647.89</ele>
      </trkpt>
      <trkpt lat="47.45707" lon="-121.37078">
        <ele>1642.55</ele>
      </trkpt>
      <trkpt lat="47.45694" lon="-121.37102">
        <ele>1643.89</ele>
      </trkpt>
      <trkpt lat="47.45687" lon="-121.37111">
        <ele>1643.56</ele>
      </trkpt>
      <trkpt lat="47.45662" lon="-121.37135">
        <ele>1640.65</ele>
      </trkpt>
      <trkpt lat="47.45658" lon="-121.37146">
        <ele>1641.01</ele>
      </trkpt>
      <trkpt lat="47.45658" lon="-121.37163">
        <ele>1644.4</ele>
      </trkpt>
      <trkpt lat="47.45656" lon="-121.37174">
        <ele>1645.3</ele>
      </trkpt>
      <trkpt lat="47.45652" lon="-121.37183">
        <ele>1645.33</ele>
      </trkpt>
      <trkpt lat="47.45651" lon="-121.37197">
        <ele>1647.29</ele>
      </trkpt>
      <trkpt lat="47.45653" lon="-121.37214">
        <ele>1650.74</ele>
      </trkpt>
      <trkpt lat="47.45651" lon="-121.37225">
        <ele>1651.53</ele>
      </trkpt>
      <trkpt lat="47.45648" lon="-121.37231">
        <ele>1650.88</ele>
      </trkpt>
      <trkpt lat="47.45646" lon="-121.37239">
        <ele>1651.07</ele>
      </trkpt>
      <trkpt lat="47.45642" lon="-121.37242">
        <ele>1650.19</ele>
      </trkpt>
      <trkpt lat="47.45639" lon="-121.37243">
        <ele>1649.28</ele>
      </trkpt>
      <trkpt lat="47.45633" lon="-121.37242">
        <ele>1645.96</ele>
      </trkpt>
      <trkpt lat="47.45627" lon="-121.37245">
        <ele>1642.89</ele>
      </trkpt>
      <trkpt lat="47.45629" lon="-121.37255">
        <ele>1645.78</ele>
      </trkpt>
      <trkpt lat="47.45622" lon="-121.37259">
        <ele>1643.62</ele>
      </trkpt>
      <trkpt lat="47.4562" lon="-121.37264">
        <ele>1643.86</ele>
      </trkpt>
      <trkpt lat="47.45618" lon="-121.37272">
        <ele>1644.82</ele>
      </trkpt>
      <trkpt lat="47.45615" lon="-121.37278">
        <ele>1645.31</ele>
      </trkpt>
      <trkpt lat="47.45617" lon="-121.37285">
        <ele>1647.47</ele>
      </trkpt>
      <trkpt lat="47.45616" lon="-121.3729">
        <ele>1648.22</ele>
      </trkpt>
      <trkpt lat="47.4561" lon="-121.37299">
        <ele>1648.22</ele>
      </trkpt>
      <trkpt lat="47.45606" lon="-121.37306">
        <ele>1648.44</ele>
      </trkpt>
      <trkpt lat="47.45604" lon="-121.37309">
        <ele>1648.44</ele>
      </trkpt>
      <trkpt lat="47.45571" lon="-121.37354">
        <ele>1646.14</ele>
      </trkpt>
      <trkpt lat="47.45565" lon="-121.3736">
        <ele>1644.84</ele>
      </trkpt>
      <trkpt lat="47.45558" lon="-121.37379">
        <ele>1645.92</ele>
      </trkpt>
      <trkpt lat="47.45558" lon="-121.37384">
        <ele>1647.0</ele>
      </trkpt>
      <trkpt lat="47.45556" lon="-121.37389">
        <ele>1647.22</ele>
      </trkpt>
      <trkpt lat="47.45552" lon="-121.37396">
        <ele>1647.0</ele>
      </trkpt>
      <trkpt lat="47.45547" lon="-121.374">
        <ele>1645.89</ele>
      </trkpt>
      <trkpt lat="47.45545" lon="-121.37406">
        <ele>1646.84</ele>
      </trkpt>
      <trkpt lat="47.45542" lon="-121.37407">
        <ele>1645.55</ele>
      </trkpt>
      <trkpt lat="47.45539" lon="-121.37411">
        <ele>1644.75</ele>
      </trkpt>
      <trkpt lat="47.45533" lon="-121.37426">
        <ele>1645.28</ele>
      </trkpt>
      <trkpt lat="47.45526" lon="-121.37431">
        <ele>1643.68</ele>
      </trkpt>
      <trkpt lat="47.4552" lon="-121.37437">
        <ele>1642.36</ele>
      </trkpt>
      <trkpt lat="47.4552" lon="-121.3746">
        <ele>1648.46</ele>
      </trkpt>
      <trkpt lat="47.45517" lon="-121.37468">
        <ele>1649.52</ele>
      </trkpt>
      <trkpt lat="47.45494" lon="-121.37494">
        <ele>1648.34</ele>
      </trkpt>
      <trkpt lat="47.4549" lon="-121.37502">
        <ele>1649.11</ele>
      </trkpt>
      <trkpt lat="47.45482" lon="-121.37507">
        <ele>1646.74</ele>
      </trkpt>
      <trkpt lat="47.45476" lon="-121.37521">
        <ele>1647.28</ele>
      </trkpt>
      <trkpt lat="47.45469" lon="-121.37524">
        <ele>1644.79</ele>
      </trkpt>
      <trkpt lat="47.45465" lon="-121.37535">
        <ele>1644.66</ele>
      </trkpt>
      <trkpt lat="47.45464" lon="-121.37556">
        <ele>1646.61</ele>
      </trkpt>
      <trkpt lat="47.45462" lon="-121.37564">
        <ele>1646.5</ele>
      </trkpt>
      <trkpt lat="47.45465" lon="-121.3757">
        <ele>1648.66</ele>
      </trkpt>
      <trkpt lat="47.4547" lon="-121.3758">
        <ele>1652.44</ele>
      </trkpt>
      <trkpt lat="47.45472" lon="-121.37591">
        <ele>1653.88</ele>
      </trkpt>
      <trkpt lat="47.4548" lon="-121.37607">
        <ele>1658.29</ele>
      </trkpt>
      <trkpt lat="47.45481" lon="-121.37628">
        <ele>1660.44</ele>
      </trkpt>
      <trkpt lat="47.45483" lon="-121.37632">
        <ele>1662.21</ele>
      </trkpt>
      <trkpt lat="47.45483" lon="-121.37637">
        <ele>1663.38</ele>
      </trkpt>
      <trkpt lat="47.45476" lon="-121.37643">
        <ele>1661.96</ele>
      </trkpt>
      <trkpt lat="47.45468" lon="-121.37657">
        <ele>1662.09</ele>
      </trkpt>
      <trkpt lat="47.45467" lon="-121.37663">
        <ele>1663.56</ele>
      </trkpt>
      <trkpt lat="47.45457" lon="-121.37684">
        <ele>1665.35</ele>
      </trkpt>
      <trkpt lat="47.4545" lon="-121.37693">
        <ele>1665.38</ele>
      </trkpt>
      <trkpt lat="47.45443" lon="-121.37705">
        <ele>1665.78</ele>
      </trkpt>
      <trkpt lat="47.45419" lon="-121.37726">
        <ele>1660.14</ele>
      </trkpt>
      <trkpt lat="47.4541" lon="-121.37732">
        <ele>1656.85</ele>
      </trkpt>
      <trkpt lat="47.45395" lon="-121.37747">
        <ele>1654.57</ele>
      </trkpt>
      <trkpt lat="47.45387" lon="-121.3775">
        <ele>1653.59</ele>
      </trkpt>
      <trkpt lat="47.45377" lon="-121.37763">
        <ele>1659.86</ele>
      </trkpt>
      <trkpt lat="47.45363" lon="-121.3777">
        <ele>1661.88</ele>
      </trkpt>
      <trkpt lat="47.45354" lon="-121.37778">
        <ele>1663.58</ele>
      </trkpt>
      <trkpt lat="47.45346" lon="-121.37783">
        <ele>1664.56</ele>
      </trkpt>
      <trkpt lat="47.45342" lon="-121.37789">
        <ele>1666.92</ele>
      </trkpt>
      <trkpt lat="47.45331" lon="-121.37794">
        <ele>1666.5</ele>
      </trkpt>
      <trkpt lat="47.45312" lon="-121.37804">
        <ele>1666.42</ele>
      </trkpt>
      <trkpt lat="47.45299" lon="-121.37807">
        <ele>1663.55</ele>
      </trkpt>
      <trkpt lat="47.45284" lon="-121.37816">
        <ele>1662.61</ele>
      </trkpt>
      <trkpt lat="47.45277" lon="-121.37819">
        <ele>1661.51</ele>
      </trkpt>
      <trkpt lat="47.45272" lon="-121.37815">
        <ele>1657.6</ele>
      </trkpt>
      <trkpt lat="47.45266" lon="-121.37817">
        <ele>1656.09</ele>
      </trkpt>
      <trkpt lat="47.45265" lon="-121.37823">
        <ele>1658.9</ele>
      </trkpt>
      <trkpt lat="47.45262" lon="-121.37827">
        <ele>1659.76</ele>
      </trkpt>
      <trkpt lat="47.4525" lon="-121.37834">
        <ele>1658.43</ele>
      </trkpt>
      <trkpt lat="47.45224" lon="-121.37838">
        <ele>1659.03</ele>
      </trkpt>
      <trkpt lat="47.45152" lon="-121.37879">
        <ele>1661.92</ele>
      </trkpt>
      <trkpt lat="47.4514" lon="-121.37897">
        <ele>1659.92</ele>
      </trkpt>
      <trkpt lat="47.45133" lon="-121.37904">
        <ele>1658.29</ele>
      </trkpt>
      <trkpt lat="47.45131" lon="-121.3791">
        <ele>1655.06</ele>
      </trkpt>
      <trkpt lat="47.45124" lon="-121.37912">
        <ele>1656.16</ele>
      </trkpt>
      <trkpt lat="47.45115" lon="-121.37925">
        <ele>1649.44</ele>
      </trkpt>
      <trkpt lat="47.45091" lon="-121.37929">
        <ele>1648.4</ele>
      </trkpt>
      <trkpt lat="47.45083" lon="-121.37932">
        <ele>1646.44</ele>
      </trkpt>
      <trkpt lat="47.45071" lon="-121.37932">
        <ele>1647.41</ele>
      </trkpt>
      <trkpt lat="47.45036" lon="-121.37938">
        <ele>1644.83</ele>
      </trkpt>
      <trkpt lat="47.45031" lon="-121.37946">
        <ele>1646.62</ele>
      </trkpt>
      <trkpt lat="47.45025" lon="-121.3795">
        <ele>1647.1</ele>
      </trkpt>
      <trkpt lat="47.45012" lon="-121.37966">
        <ele>1646.64</ele>
      </trkpt>
      <trkpt lat="47.45007" lon="-121.37975">
        <ele>1645.92</ele>
      </trkpt>
      <trkpt lat="47.45003" lon="-121.37986">
        <ele>1643.95</ele>
      </trkpt>
      <trkpt lat="47.45002" lon="-121.37994">
        <ele>1641.08</ele>
      </trkpt>
      <trkpt lat="47.45001" lon="-121.37999">
        <ele>1639.68</ele>
      </trkpt>
      <trkpt lat="47.4499" lon="-121.3801">
        <ele>1642.08</ele>
      </trkpt>
      <trkpt lat="47.44986" lon="-121.38021">
        <ele>1639.36</ele>
      </trkpt>
      <trkpt lat="47.44979" lon="-121.38023">
        <ele>1642.4</ele>
      </trkpt>
      <trkpt lat="47.44972" lon="-121.38031">
        <ele>1642.7</ele>
      </trkpt>
      <trkpt lat="47.44968" lon="-121.38026">
        <ele>1646.5</ele>
      </trkpt>
      <trkpt lat="47.4496" lon="-121.38032">
        <ele>1646.96</ele>
      </trkpt>
      <trkpt lat="47.44953" lon="-121.38049">
        <ele>1641.94</ele>
      </trkpt>
      <trkpt lat="47.44947" lon="-121.38055">
        <ele>1642.6</ele>
      </trkpt>
      <trkpt lat="47.44941" lon="-121.38068">
        <ele>1640.05</ele>
      </trkpt>
      <trkpt lat="47.44928" lon="-121.38082">
        <ele>1641.26</ele>
      </trkpt>
      <trkpt lat="47.44928" lon="-121.3809">
        <ele>1636.89</ele>
      </trkpt>
      <trkpt lat="47.44914" lon="-121.38101">
        <ele>1639.64</ele>
      </trkpt>
      <trkpt lat="47.44904" lon="-121.38102">
        <ele>1642.6</ele>
      </trkpt>
      <trkpt lat="47.44884" lon="-121.38112">
        <ele>1636.86</ele>
      </trkpt>
      <trkpt lat="47.44854" lon="-121.38111">
        <ele>1641.61</ele>
      </trkpt>
      <trkpt lat="47.44846" lon="-121.38104">
        <ele>1647.53</ele>
      </trkpt>
      <trkpt lat="47.44842" lon="-121.38104">
        <ele>1648.34</ele>
      </trkpt>
      <trkpt lat="47.44832" lon="-121.38112">
        <ele>1650.25</ele>
      </trkpt>
      <trkpt lat="47.44824" lon="-121.38117">
        <ele>1652.38</ele>
      </trkpt>
      <trkpt lat="47.44816" lon="-121.38129">
        <ele>1652.69</ele>
      </trkpt>
      <trkpt lat="47.44803" lon="-121.38177">
        <ele>1648.51</ele>
      </trkpt>
      <trkpt lat="47.44801" lon="-121.3819">
        <ele>1647.68</ele>
      </trkpt>
      <trkpt lat="47.44792" lon="-121.38206">
        <ele>1649.96</ele>
      </trkpt>
      <trkpt lat="47.44787" lon="-121.38223">
        <ele>1649.93</ele>
      </trkpt>
      <trkpt lat="47.44785" lon="-121.38244">
        <ele>1647.76</ele>
      </trkpt>
      <trkpt lat="47.44783" lon="-121.38252">
        <ele>1646.41</ele>
      </trkpt>
      <trkpt lat="47.44776" lon="-121.38254">
        <ele>1649.36</ele>
      </trkpt>
      <trkpt lat="47.44767" lon="-121.3826">
        <ele>1651.27</ele>
      </trkpt>
      <trkpt lat="47.44747" lon="-121.38276">
        <ele>1654.87</ele>
      </trkpt>
      <trkpt lat="47.44739" lon="-121.38277">
        <ele>1657.96</ele>
      </trkpt>
      <trkpt lat="47.44729" lon="-121.38287">
        <ele>1659.08</ele>
      </trkpt>
      <trkpt lat="47.44728" lon="-121.38299">
        <ele>1654.82</ele>
      </trkpt>
      <trkpt lat="47.44724" lon="-121.38306">
        <ele>1654.61</ele>
      </trkpt>
      <trkpt lat="47.44717" lon="-121.38308">
        <ele>1657.65</ele>
      </trkpt>
      <trkpt lat="47.44709" lon="-121.38315">
        <ele>1659.06</ele>
      </trkpt>
      <trkpt lat="47.4471" lon="-121.38328">
        <ele>1651.98</ele>
      </trkpt>
      <trkpt lat="47.44705" lon="-121.38345">
        <ele>1646.12</ele>
      </trkpt>
      <trkpt lat="47.44698" lon="-121.3835">
        <ele>1649.24</ele>
      </trkpt>
      <trkpt lat="47.44685" lon="-121.38371">
        <ele>1652.12</ele>
      </trkpt>
      <trkpt lat="47.44683" lon="-121.38387">
        <ele>1650.86</ele>
      </trkpt>
      <trkpt lat="47.44679" lon="-121.38403">
        <ele>1652.68</ele>
      </trkpt>
      <trkpt lat="47.4468" lon="-121.38423">
        <ele>1652.72</ele>
      </trkpt>
      <trkpt lat="47.44682" lon="-121.38432">
        <ele>1651.1</ele>
      </trkpt>
      <trkpt lat="47.44677" lon="-121.3844">
        <ele>1655.96</ele>
      </trkpt>
      <trkpt lat="47.44677" lon="-121.3845">
        <ele>1654.76</ele>
      </trkpt>
      <trkpt lat="47.44676" lon="-121.38457">
        <ele>1654.22</ele>
      </trkpt>
      <trkpt lat="47.44675" lon="-121.38471">
        <ele>1652.95</ele>
      </trkpt>
      <trkpt lat="47.4467" lon="-121.38495">
        <ele>1656.29</ele>
      </trkpt>
      <trkpt lat="47.44669" lon="-121.38506">
        <ele>1657.4</ele>
      </trkpt>
      <trkpt lat="47.44665" lon="-121.38517">
        <ele>1659.75</ele>
      </trkpt>
      <trkpt lat="47.44662" lon="-121.3855">
        <ele>1650.2</ele>
      </trkpt>
      <trkpt lat="47.44653" lon="-121.3855">
        <ele>1650.41</ele>
      </trkpt>
      <trkpt lat="47.44651" lon="-121.38552">
        <ele>1648.88</ele>
      </trkpt>
      <trkpt lat="47.44646" lon="-121.38557">
        <ele>1644.95</ele>
      </trkpt>
      <trkpt lat="47.44633" lon="-121.38558">
        <ele>1642.14</ele>
      </trkpt>
      <trkpt lat="47.44623" lon="-121.38561">
        <ele>1638.04</ele>
      </trkpt>
      <trkpt lat="47.4462" lon="-121.38565">
        <ele>1634.82</ele>
      </trkpt>
      <trkpt lat="47.44617" lon="-121.38567">
        <ele>1633.09</ele>
      </trkpt>
      <trkpt lat="47.44612" lon="-121.38572">
        <ele>1629.31</ele>
      </trkpt>
      <trkpt lat="47.44598" lon="-121.38577">
        <ele>1629.08</ele>
      </trkpt>
      <trkpt lat="47.44588" lon="-121.38588">
        <ele>1627.71</ele>
      </trkpt>
      <trkpt lat="47.44585" lon="-121.38594">
        <ele>1625.67</ele>
      </trkpt>
      <trkpt lat="47.44576" lon="-121.38604">
        <ele>1625.01</ele>
      </trkpt>
      <trkpt lat="47.44572" lon="-121.38611">
        <ele>1622.96</ele>
      </trkpt>
      <trkpt lat="47.44566" lon="-121.38615">
        <ele>1623.81</ele>
      </trkpt>
      <trkpt lat="47.44546" lon="-121.38647">
        <ele>1620.69</ele>
      </trkpt>
      <trkpt lat="47.44525" lon="-121.3867">
        <ele>1623.74</ele>
      </trkpt>
      <trkpt lat="47.44511" lon="-121.38691">
        <ele>1620.41</ele>
      </trkpt>
      <trkpt lat="47.44503" lon="-121.38696">
        <ele>1620.13</ele>
      </trkpt>
      <trkpt lat="47.4449" lon="-121.38701">
        <ele>1624.15</ele>
      </trkpt>
      <trkpt lat="47.4447" lon="-121.38705">
        <ele>1628.05</ele>
      </trkpt>
      <trkpt lat="47.44449" lon="-121.38697">
        <ele>1630.24</ele>
      </trkpt>
      <trkpt lat="47.44436" lon="-121.38697">
        <ele>1625.25</ele>
      </trkpt>
      <trkpt lat="47.44417" lon="-121.38693">
        <ele>1619.73</ele>
      </trkpt>
      <trkpt lat="47.44412" lon="-121.3869">
        <ele>1620.15</ele>
      </trkpt>
      <trkpt lat="47.4439" lon="-121.38693">
        <ele>1616.06</ele>
      </trkpt>
      <trkpt lat="47.44372" lon="-121.38702">
        <ele>1604.61</ele>
      </trkpt>
      <trkpt lat="47.44358" lon="-121.38701">
        <ele>1605.14</ele>
      </trkpt>
      <trkpt lat="47.44358" lon="-121.38704">
        <ele>1602.73</ele>
      </trkpt>
      <trkpt lat="47.44363" lon="-121.38708">
        <ele>1599.38</ele>
      </trkpt>
      <trkpt lat="47.44375" lon="-121.38712">
        <ele>1597.73</ele>
      </trkpt>
      <trkpt lat="47.44388" lon="-121.38714">
        <ele>1599.83</ele>
      </trkpt>
      <trkpt lat="47.44406" lon="-121.38723">
        <ele>1597.1</ele>
      </trkpt>
      <trkpt lat="47.44412" lon="-121.38727">
        <ele>1598.4</ele>
      </trkpt>
      <trkpt lat="47.44416" lon="-121.38733">
        <ele>1597.75</ele>
      </trkpt>
      <trkpt lat="47.44424" lon="-121.38736">
        <ele>1601.31</ele>
      </trkpt>
      <trkpt lat="47.44427" lon="-121.38742">
        <ele>1599.88</ele>
      </trkpt>
      <trkpt lat="47.44434" lon="-121.38745">
        <ele>1601.66</ele>
      </trkpt>
      <trkpt lat="47.44441" lon="-121.38746">
        <ele>1602.22</ele>
      </trkpt>
      <trkpt lat="47.44461" lon="-121.38758">
        <ele>1595.36</ele>
      </trkpt>
      <trkpt lat="47.44466" lon="-121.38762">
        <ele>1593.98</ele>
      </trkpt>
      <trkpt lat="47.44471" lon="-121.38764">
        <ele>1594.11</ele>
      </trkpt>
      <trkpt lat="47.44482" lon="-121.38773">
        <ele>1591.04</ele>
      </trkpt>
      <trkpt lat="47.44485" lon="-121.38777">
        <ele>1589.3</ele>
      </trkpt>
      <trkpt lat="47.44481" lon="-121.38777">
        <ele>1589.24</ele>
      </trkpt>
      <trkpt lat="47.44465" lon="-121.38768">
        <ele>1589.98</ele>
      </trkpt>
      <trkpt lat="47.44449" lon="-121.38769">
        <ele>1588.17</ele>
      </trkpt>
      <trkpt lat="47.44439" lon="-121.38772">
        <ele>1586.0</ele>
      </trkpt>
      <trkpt lat="47.44429" lon="-121.38772">
        <ele>1583.74</ele>
      </trkpt>
      <trkpt lat="47.4441" lon="-121.38769">
        <ele>1575.18</ele>
      </trkpt>
      <trkpt lat="47.44381" lon="-121.38769">
        <ele>1561.29</ele>
      </trkpt>
      <trkpt lat="47.44373" lon="-121.3877">
        <ele>1559.44</ele>
      </trkpt>
      <trkpt lat="47.4437" lon="-121.38773">
        <ele>1557.62</ele>
      </trkpt>
      <trkpt lat="47.44341" lon="-121.38777">
        <ele>1559.6</ele>
      </trkpt>
      <trkpt lat="47.44313" lon="-121.38775">
        <ele>1566.15</ele>
      </trkpt>
      <trkpt lat="47.44289" lon="-121.3877">
        <ele>1570.9</ele>
      </trkpt>
      <trkpt lat="47.44281" lon="-121.3877">
        <ele>1569.63</ele>
      </trkpt>
      <trkpt lat="47.4427" lon="-121.38765">
        <ele>1568.92</ele>
      </trkpt>
      <trkpt lat="47.4426" lon="-121.38763">
        <ele>1565.35</ele>
      </trkpt>
      <trkpt lat="47.44249" lon="-121.38766">
        <ele>1561.98</ele>
      </trkpt>
      <trkpt lat="47.44227" lon="-121.38764">
        <ele>1559.47</ele>
      </trkpt>
      <trkpt lat="47.44225" lon="-121.38762">
        <ele>1560.12</ele>
      </trkpt>
      <trkpt lat="47.44221" lon="-121.38754">
        <ele>1562.88</ele>
      </trkpt>
      <trkpt lat="47.44218" lon="-121.38751">
        <ele>1563.2</ele>
      </trkpt>
      <trkpt lat="47.44212" lon="-121.38752">
        <ele>1560.91</ele>
      </trkpt>
      <trkpt lat="47.44207" lon="-121.38749">
        <ele>1561.14</ele>
      </trkpt>
      <trkpt lat="47.44184" lon="-121.38743">
        <ele>1552.51</ele>
      </trkpt>
      <trkpt lat="47.44169" lon="-121.38734">
        <ele>1549.17</ele>
      </trkpt>
      <trkpt lat="47.4416" lon="-121.38727">
        <ele>1547.34</ele>
      </trkpt>
      <trkpt lat="47.44152" lon="-121.38716">
        <ele>1548.35</ele>
      </trkpt>
      <trkpt lat="47.4412" lon="-121.38695">
        <ele>1542.74</ele>
      </trkpt>
      <trkpt lat="47.44105" lon="-121.38687">
        <ele>1541.43</ele>
      </trkpt>
      <trkpt lat="47.44087" lon="-121.38681">
        <ele>1538.82</ele>
      </trkpt>
      <trkpt lat="47.44076" lon="-121.38674">
        <ele>1538.25</ele>
      </trkpt>
      <trkpt lat="47.44056" lon="-121.38655">
        <ele>1537.92</ele>
      </trkpt>
      <trkpt lat="47.44052" lon="-121.38653">
        <ele>1537.28</ele>
      </trkpt>
      <trkpt lat="47.44038" lon="-121.38656">
        <ele>1532.53</ele>
      </trkpt>
      <trkpt lat="47.44021" lon="-121.38655">
        <ele>1528.32</ele>
      </trkpt>
      <trkpt lat="47.4397" lon="-121.38644">
        <ele>1518.76</ele>
      </trkpt>
      <trkpt lat="47.43957" lon="-121.38638">
        <ele>1516.36</ele>
      </trkpt>
      <trkpt lat="47.43946" lon="-121.38629">
        <ele>1515.71</ele>
      </trkpt>
      <trkpt lat="47.43932" lon="-121.38604">
        <ele>1518.27</ele>
      </trkpt>
      <trkpt lat="47.43924" lon="-121.38598">
        <ele>1517.83</ele>
      </trkpt>
      <trkpt lat="47.43915" lon="-121.38595">
        <ele>1516.91</ele>
      </trkpt>
      <trkpt lat="47.439" lon="-121.38595">
        <ele>1514.68</ele>
      </trkpt>
      <trkpt lat="47.43887" lon="-121.38593">
        <ele>1513.46</ele>
      </trkpt>
      <trkpt lat="47.43878" lon="-121.38587">
        <ele>1512.79</ele>
      </trkpt>
      <trkpt lat="47.43871" lon="-121.38577">
        <ele>1513.5</ele>
      </trkpt>
      <trkpt lat="47.4386" lon="-121.38568">
        <ele>1513.07</ele>
      </trkpt>
      <trkpt lat="47.43854" lon="-121.38565">
        <ele>1512.42</ele>
      </trkpt>
      <trkpt lat="47.43845" lon="-121.38566">
        <ele>1510.91</ele>
      </trkpt>
      <trkpt lat="47.43839" lon="-121.38562">
        <ele>1510.95</ele>
      </trkpt>
      <trkpt lat="47.43829" lon="-121.3856">
        <ele>1509.87</ele>
      </trkpt>
      <trkpt lat="47.43807" lon="-121.3855">
        <ele>1507.93</ele>
      </trkpt>
      <trkpt lat="47.43795" lon="-121.3854">
        <ele>1506.74</ele>
      </trkpt>
      <trkpt lat="47.43775" lon="-121.38526">
        <ele>1502.97</ele>
      </trkpt>
      <trkpt lat="47.4377" lon="-121.38525">
        <ele>1500.16</ele>
      </trkpt>
      <trkpt lat="47.43763" lon="-121.3852">
        <ele>1497.19</ele>
      </trkpt>
      <trkpt lat="47.43748" lon="-121.38515">
        <ele>1487.66</ele>
      </trkpt>
      <trkpt lat="47.43722" lon="-121.38508">
        <ele>1473.68</ele>
      </trkpt>
      <trkpt lat="47.4371" lon="-121.38497">
        <ele>1479.84</ele>
      </trkpt>
      <trkpt lat="47.43692" lon="-121.38493">
        <ele>1481.54</ele>
      </trkpt>
      <trkpt lat="47.43684" lon="-121.38486">
        <ele>1485.5</ele>
      </trkpt>
      <trkpt lat="47.43661" lon="-121.38486">
        <ele>1485.68</ele>
      </trkpt>
      <trkpt lat="47.43637" lon="-121.38491">
        <ele>1483.04</ele>
      </trkpt>
      <trkpt lat="47.43622" lon="-121.38501">
        <ele>1477.33</ele>
      </trkpt>
      <trkpt lat="47.436" lon="-121.38511">
        <ele>1472.46</ele>
      </trkpt>
      <trkpt lat="47.43528" lon="-121.38527">
        <ele>1487.24</ele>
      </trkpt>
      <trkpt lat="47.43522" lon="-121.38536">
        <ele>1484.99</ele>
      </trkpt>
      <trkpt lat="47.43518" lon="-121.38564">
        <ele>1477.49</ele>
      </trkpt>
      <trkpt lat="47.43514" lon="-121.38575">
        <ele>1475.09</ele>
      </trkpt>
      <trkpt lat="47.43509" lon="-121.38579">
        <ele>1476.01</ele>
      </trkpt>
      <trkpt lat="47.43491" lon="-121.38585">
        <ele>1483.32</ele>
      </trkpt>
      <trkpt lat="47.43482" lon="-121.38592">
        <ele>1485.91</ele>
      </trkpt>
      <trkpt lat="47.43461" lon="-121.38621">
        <ele>1486.86</ele>
      </trkpt>
      <trkpt lat="47.43428" lon="-121.38702">
        <ele>1480.03</ele>
      </trkpt>
      <trkpt lat="47.43423" lon="-121.38712">
        <ele>1480.52</ele>
      </trkpt>
      <trkpt lat="47.43413" lon="-121.38726">
        <ele>1484.96</ele>
      </trkpt>
      <trkpt lat="47.43406" lon="-121.38743">
        <ele>1486.67</ele>
      </trkpt>
      <trkpt lat="47.43399" lon="-121.38762">
        <ele>1490.15</ele>
      </trkpt>
      <trkpt lat="47.43394" lon="-121.38787">
        <ele>1490.35</ele>
      </trkpt>
      <trkpt lat="47.43393" lon="-121.38801">
        <ele>1489.94</ele>
      </trkpt>
      <trkpt lat="47.434" lon="-121.38844">
        <ele>1485.05</ele>
      </trkpt>
      <trkpt lat="47.43403" lon="-121.38854">
        <ele>1482.79</ele>
      </trkpt>
      <trkpt lat="47.43413" lon="-121.38881">
        <ele>1478.79</ele>
      </trkpt>
      <trkpt lat="47.43414" lon="-121.38888">
        <ele>1478.58</ele>
      </trkpt>
      <trkpt lat="47.43414" lon="-121.38904">
        <ele>1478.58</ele>
      </trkpt>
      <trkpt lat="47.43422" lon="-121.38935">
        <ele>1473.72</ele>
      </trkpt>
      <trkpt lat="47.43429" lon="-121.38946">
        <ele>1469.95</ele>
      </trkpt>
      <trkpt lat="47.43433" lon="-121.38951">
        <ele>1468.17</ele>
      </trkpt>
      <trkpt lat="47.43433" lon="-121.38955">
        <ele>1467.91</ele>
      </trkpt>
      <trkpt lat="47.43432" lon="-121.3896">
        <ele>1468.14</ele>
      </trkpt>
      <trkpt lat="47.43415" lon="-121.38975">
        <ele>1468.73</ele>
      </trkpt>
      <trkpt lat="47.43411" lon="-121.38984">
        <ele>1465.73</ele>
      </trkpt>
      <trkpt lat="47.43408" lon="-121.38994">
        <ele>1462.57</ele>
      </trkpt>
      <trkpt lat="47.43409" lon="-121.39011">
        <ele>1459.48</ele>
      </trkpt>
      <trkpt lat="47.43414" lon="-121.39025">
        <ele>1459.16</ele>
      </trkpt>
      <trkpt lat="47.43419" lon="-121.39033">
        <ele>1459.49</ele>
      </trkpt>
      <trkpt lat="47.43428" lon="-121.39039">
        <ele>1459.13</ele>
      </trkpt>
      <trkpt lat="47.4343" lon="-121.39042">
        <ele>1458.05</ele>
      </trkpt>
      <trkpt lat="47.4343" lon="-121.39046">
        <ele>1457.18</ele>
      </trkpt>
      <trkpt lat="47.43426" lon="-121.39051">
        <ele>1456.97</ele>
      </trkpt>
      <trkpt lat="47.43409" lon="-121.39045">
        <ele>1453.68</ele>
      </trkpt>
      <trkpt lat="47.43404" lon="-121.39037">
        <ele>1452.53</ele>
      </trkpt>
      <trkpt lat="47.43402" lon="-121.39038">
        <ele>1451.56</ele>
      </trkpt>
      <trkpt lat="47.43403" lon="-121.39046">
        <ele>1451.13</ele>
      </trkpt>
      <trkpt lat="47.43406" lon="-121.39055">
        <ele>1451.45</ele>
      </trkpt>
      <trkpt lat="47.43423" lon="-121.39088">
        <ele>1451.47</ele>
      </trkpt>
      <trkpt lat="47.43424" lon="-121.39094">
        <ele>1449.96</ele>
      </trkpt>
      <trkpt lat="47.43421" lon="-121.39099">
        <ele>1448.99</ele>
      </trkpt>
      <trkpt lat="47.43416" lon="-121.39102">
        <ele>1448.9</ele>
      </trkpt>
      <trkpt lat="47.43413" lon="-121.39105">
        <ele>1447.92</ele>
      </trkpt>
      <trkpt lat="47.43413" lon="-121.39123">
        <ele>1444.72</ele>
      </trkpt>
      <trkpt lat="47.43405" lon="-121.39161">
        <ele>1443.48</ele>
      </trkpt>
      <trkpt lat="47.43368" lon="-121.39225">
        <ele>1438.28</ele>
      </trkpt>
      <trkpt lat="47.43366" lon="-121.39233">
        <ele>1438.28</ele>
      </trkpt>
      <trkpt lat="47.43369" lon="-121.39243">
        <ele>1440.44</ele>
      </trkpt>
      <trkpt lat="47.4337" lon="-121.3927">
        <ele>1443.04</ele>
      </trkpt>
      <trkpt lat="47.43381" lon="-121.39292">
        <ele>1444.55</ele>
      </trkpt>
      <trkpt lat="47.43381" lon="-121.39299">
        <ele>1444.07</ele>
      </trkpt>
      <trkpt lat="47.43379" lon="-121.39305">
        <ele>1444.12</ele>
      </trkpt>
      <trkpt lat="47.43373" lon="-121.39311">
        <ele>1444.38</ele>
      </trkpt>
      <trkpt lat="47.43354" lon="-121.39323">
        <ele>1441.67</ele>
      </trkpt>
      <trkpt lat="47.43344" lon="-121.3934">
        <ele>1440.18</ele>
      </trkpt>
      <trkpt lat="47.43342" lon="-121.39353">
        <ele>1441.93</ele>
      </trkpt>
      <trkpt lat="47.43345" lon="-121.39362">
        <ele>1443.62</ele>
      </trkpt>
      <trkpt lat="47.43346" lon="-121.39378">
        <ele>1444.95</ele>
      </trkpt>
      <trkpt lat="47.43341" lon="-121.39388">
        <ele>1445.72</ele>
      </trkpt>
      <trkpt lat="47.43343" lon="-121.394">
        <ele>1445.46</ele>
      </trkpt>
      <trkpt lat="47.43348" lon="-121.39422">
        <ele>1437.02</ele>
      </trkpt>
      <trkpt lat="47.43354" lon="-121.39435">
        <ele>1427.46</ele>
      </trkpt>
      <trkpt lat="47.43355" lon="-121.39448">
        <ele>1420.96</ele>
      </trkpt>
      <trkpt lat="47.4335" lon="-121.39464">
        <ele>1417.84</ele>
      </trkpt>
      <trkpt lat="47.43339" lon="-121.39473">
        <ele>1421.08</ele>
      </trkpt>
      <trkpt lat="47.43336" lon="-121.39478">
        <ele>1421.4</ele>
      </trkpt>
      <trkpt lat="47.43329" lon="-121.39481">
        <ele>1424.5</ele>
      </trkpt>
      <trkpt lat="47.43325" lon="-121.39489">
        <ele>1424.06</ele>
      </trkpt>
      <trkpt lat="47.43327" lon="-121.39496">
        <ele>1421.28</ele>
      </trkpt>
      <trkpt lat="47.43324" lon="-121.39499">
        <ele>1422.26</ele>
      </trkpt>
      <trkpt lat="47.43318" lon="-121.39498">
        <ele>1425.85</ele>
      </trkpt>
      <trkpt lat="47.43312" lon="-121.39508">
        <ele>1427.14</ele>
      </trkpt>
      <trkpt lat="47.43304" lon="-121.3953">
        <ele>1425.49</ele>
      </trkpt>
      <trkpt lat="47.43304" lon="-121.39557">
        <ele>1418.4</ele>
      </trkpt>
      <trkpt lat="47.43302" lon="-121.39572">
        <ele>1415.45</ele>
      </trkpt>
      <trkpt lat="47.43302" lon="-121.39607">
        <ele>1407.42</ele>
      </trkpt>
      <trkpt lat="47.43298" lon="-121.39622">
        <ele>1405.91</ele>
      </trkpt>
      <trkpt lat="47.43291" lon="-121.39632">
        <ele>1406.78</ele>
      </trkpt>
      <trkpt lat="47.43289" lon="-121.39641">
        <ele>1405.7</ele>
      </trkpt>
      <trkpt lat="47.43287" lon="-121.39643">
        <ele>1406.13</ele>
      </trkpt>
      <trkpt lat="47.43286" lon="-121.39655">
        <ele>1403.97</ele>
      </trkpt>
      <trkpt lat="47.43279" lon="-121.39662">
        <ele>1405.91</ele>
      </trkpt>
      <trkpt lat="47.43281" lon="-121.39675">
        <ele>1402.77</ele>
      </trkpt>
      <trkpt lat="47.43277" lon="-121.39688">
        <ele>1401.73</ele>
      </trkpt>
      <trkpt lat="47.43274" lon="-121.39693">
        <ele>1401.94</ele>
      </trkpt>
      <trkpt lat="47.43273" lon="-121.39705">
        <ele>1400.34</ele>
      </trkpt>
      <trkpt lat="47.43264" lon="-121.39711">
        <ele>1403.16</ele>
      </trkpt>
      <trkpt lat="47.43256" lon="-121.39727">
        <ele>1403.89</ele>
      </trkpt>
      <trkpt lat="47.43245" lon="-121.3974">
        <ele>1406.86</ele>
      </trkpt>
      <trkpt lat="47.43242" lon="-121.39752">
        <ele>1406.92</ele>
      </trkpt>
      <trkpt lat="47.43243" lon="-121.39767">
        <ele>1404.39</ele>
      </trkpt>
      <trkpt lat="47.43246" lon="-121.39783">
        <ele>1402.3</ele>
      </trkpt>
      <trkpt lat="47.43252" lon="-121.39795">
        <ele>1400.17</ele>
      </trkpt>
      <trkpt lat="47.4326" lon="-121.39799">
        <ele>1396.76</ele>
      </trkpt>
      <trkpt lat="47.43264" lon="-121.39804">
        <ele>1395.46</ele>
      </trkpt>
      <trkpt lat="47.43271" lon="-121.39804">
        <ele>1392.93</ele>
      </trkpt>
      <trkpt lat="47.43277" lon="-121.39815">
        <ele>1389.42</ele>
      </trkpt>
      <trkpt lat="47.43279" lon="-121.39824">
        <ele>1388.34</ele>
      </trkpt>
      <trkpt lat="47.4328" lon="-121.39831">
        <ele>1387.05</ele>
      </trkpt>
      <trkpt lat="47.43284" lon="-121.39843">
        <ele>1384.6</ele>
      </trkpt>
      <trkpt lat="47.43284" lon="-121.39852">
        <ele>1383.62</ele>
      </trkpt>
      <trkpt lat="47.43282" lon="-121.39861">
        <ele>1383.73</ele>
      </trkpt>
      <trkpt lat="47.43283" lon="-121.39873">
        <ele>1381.9</ele>
      </trkpt>
      <trkpt lat="47.43288" lon="-121.39874">
        <ele>1379.09</ele>
      </trkpt>
      <trkpt lat="47.4329" lon="-121.39868">
        <ele>1378.74</ele>
      </trkpt>
      <trkpt lat="47.4329" lon="-121.39859">
        <ele>1379.88</ele>
      </trkpt>
      <trkpt lat="47.43295" lon="-121.3985">
        <ele>1377.9</ele>
      </trkpt>
      <trkpt lat="47.4331" lon="-121.39832">
        <ele>1372.22</ele>
      </trkpt>
      <trkpt lat="47.43314" lon="-121.39822">
        <ele>1371.58</ele>
      </trkpt>
      <trkpt lat="47.43316" lon="-121.39809">
        <ele>1371.99</ele>
      </trkpt>
      <trkpt lat="47.43312" lon="-121.39798">
        <ele>1374.46</ele>
      </trkpt>
      <trkpt lat="47.4331" lon="-121.39783">
        <ele>1377.52</ele>
      </trkpt>
      <trkpt lat="47.43303" lon="-121.39775">
        <ele>1380.91</ele>
      </trkpt>
      <trkpt lat="47.43302" lon="-121.39768">
        <ele>1381.59</ele>
      </trkpt>
      <trkpt lat="47.43304" lon="-121.39763">
        <ele>1381.27</ele>
      </trkpt>
      <trkpt lat="47.43308" lon="-121.39758">
        <ele>1380.44</ele>
      </trkpt>
      <trkpt lat="47.43341" lon="-121.39738">
        <ele>1371.86</ele>
      </trkpt>
      <trkpt lat="47.4336" lon="-121.39733">
        <ele>1365.3</ele>
      </trkpt>
      <trkpt lat="47.4337" lon="-121.39727">
        <ele>1362.62</ele>
      </trkpt>
      <trkpt lat="47.43381" lon="-121.39724">
        <ele>1358.22</ele>
      </trkpt>
      <trkpt lat="47.43392" lon="-121.39722">
        <ele>1354.04</ele>
      </trkpt>
      <trkpt lat="47.43401" lon="-121.39722">
        <ele>1351.43</ele>
      </trkpt>
      <trkpt lat="47.4341" lon="-121.39718">
        <ele>1350.35</ele>
      </trkpt>
      <trkpt lat="47.43414" lon="-121.39714">
        <ele>1350.35</ele>
      </trkpt>
      <trkpt lat="47.43414" lon="-121.39705">
        <ele>1351.44</ele>
      </trkpt>
      <trkpt lat="47.43417" lon="-121.397">
        <ele>1351.73</ele>
      </trkpt>
      <trkpt lat="47.43426" lon="-121.39692">
        <ele>1351.25</ele>
      </trkpt>
      <trkpt lat="47.43437" lon="-121.39691">
        <ele>1348.86</ele>
      </trkpt>
      <trkpt lat="47.43442" lon="-121.39688">
        <ele>1348.0</ele>
      </trkpt>
      <trkpt lat="47.43448" lon="-121.39678">
        <ele>1347.62</ele>
      </trkpt>
      <trkpt lat="47.43454" lon="-121.39675">
        <ele>1346.04</ele>
      </trkpt>
      <trkpt lat="47.43457" lon="-121.39668">
        <ele>1346.14</ele>
      </trkpt>
      <trkpt lat="47.43452" lon="-121.3966">
        <ele>1348.27</ele>
      </trkpt>
      <trkpt lat="47.43452" lon="-121.39653">
        <ele>1349.03</ele>
      </trkpt>
      <trkpt lat="47.43463" lon="-121.39628">
        <ele>1348.17</ele>
      </trkpt>
      <trkpt lat="47.43469" lon="-121.39621">
        <ele>1347.63</ele>
      </trkpt>
      <trkpt lat="47.43472" lon="-121.39608">
        <ele>1347.4</ele>
      </trkpt>
      <trkpt lat="47.43468" lon="-121.39596">
        <ele>1349.2</ele>
      </trkpt>
      <trkpt lat="47.43469" lon="-121.39583">
        <ele>1349.7</ele>
      </trkpt>
      <trkpt lat="47.43474" lon="-121.39562">
        <ele>1348.42</ele>
      </trkpt>
      <trkpt lat="47.43478" lon="-121.39554">
        <ele>1347.02</ele>
      </trkpt>
      <trkpt lat="47.43484" lon="-121.39548">
        <ele>1343.82</ele>
      </trkpt>
      <trkpt lat="47.43494" lon="-121.39522">
        <ele>1337.54</ele>
      </trkpt>
      <trkpt lat="47.43517" lon="-121.39496">
        <ele>1325.68</ele>
      </trkpt>
      <trkpt lat="47.4354" lon="-121.39453">
        <ele>1324.55</ele>
      </trkpt>
      <trkpt lat="47.43557" lon="-121.39433">
        <ele>1318.34</ele>
      </trkpt>
      <trkpt lat="47.43571" lon="-121.39414">
        <ele>1312.95</ele>
      </trkpt>
      <trkpt lat="47.43584" lon="-121.39402">
        <ele>1306.3</ele>
      </trkpt>
      <trkpt lat="47.43598" lon="-121.39396">
        <ele>1301.03</ele>
      </trkpt>
      <trkpt lat="47.43608" lon="-121.39389">
        <ele>1298.98</ele>
      </trkpt>
      <trkpt lat="47.43616" lon="-121.39388">
        <ele>1296.56</ele>
      </trkpt>
      <trkpt lat="47.43622" lon="-121.39386">
        <ele>1295.45</ele>
      </trkpt>
      <trkpt lat="47.4363" lon="-121.3938">
        <ele>1295.88</ele>
      </trkpt>
      <trkpt lat="47.43637" lon="-121.39381">
        <ele>1295.03</ele>
      </trkpt>
      <trkpt lat="47.4364" lon="-121.3938">
        <ele>1294.96</ele>
      </trkpt>
      <trkpt lat="47.43641" lon="-121.39375">
        <ele>1295.5</ele>
      </trkpt>
      <trkpt lat="47.43648" lon="-121.39375">
        <ele>1295.5</ele>
      </trkpt>
      <trkpt lat="47.43655" lon="-121.39372">
        <ele>1295.08</ele>
      </trkpt>
      <trkpt lat="47.43658" lon="-121.39372">
        <ele>1294.82</ele>
      </trkpt>
      <trkpt lat="47.43664" lon="-121.39369">
        <ele>1295.15</ele>
      </trkpt>
      <trkpt lat="47.43666" lon="-121.39365">
        <ele>1295.58</ele>
      </trkpt>
      <trkpt lat="47.43668" lon="-121.39364">
        <ele>1295.54</ele>
      </trkpt>
      <trkpt lat="47.43671" lon="-121.39364">
        <ele>1295.22</ele>
      </trkpt>
      <trkpt lat="47.43672" lon="-121.39367">
        <ele>1294.79</ele>
      </trkpt>
      <trkpt lat="47.43673" lon="-121.39372">
        <ele>1294.14</ele>
      </trkpt>
      <trkpt lat="47.43673" lon="-121.39383">
        <ele>1292.95</ele>
      </trkpt>
      <trkpt lat="47.43682" lon="-121.39395">
        <ele>1290.68</ele>
      </trkpt>
      <trkpt lat="47.43697" lon="-121.39395">
        <ele>1290.06</ele>
      </trkpt>
      <trkpt lat="47.43705" lon="-121.3939">
        <ele>1289.86</ele>
      </trkpt>
      <trkpt lat="47.43709" lon="-121.39379">
        <ele>1291.07</ele>
      </trkpt>
      <trkpt lat="47.43715" lon="-121.39377">
        <ele>1291.06</ele>
      </trkpt>
      <trkpt lat="47.43727" lon="-121.39379">
        <ele>1290.07</ele>
      </trkpt>
      <trkpt lat="47.43745" lon="-121.39379">
        <ele>1292.56</ele>
      </trkpt>
      <trkpt lat="47.4376" lon="-121.39388">
        <ele>1293.18</ele>
      </trkpt>
      <trkpt lat="47.43781" lon="-121.39394">
        <ele>1295.8</ele>
      </trkpt>
      <trkpt lat="47.43802" lon="-121.39394">
        <ele>1297.45</ele>
      </trkpt>
      <trkpt lat="47.4381" lon="-121.39399">
        <ele>1296.96</ele>
      </trkpt>
      <trkpt lat="47.43822" lon="-121.39416">
        <ele>1294.3</ele>
      </trkpt>
      <trkpt lat="47.43833" lon="-121.39427">
        <ele>1290.96</ele>
      </trkpt>
      <trkpt lat="47.43845" lon="-121.39431">
        <ele>1288.64</ele>
      </trkpt>
      <trkpt lat="47.43855" lon="-121.39433">
        <ele>1287.13</ele>
      </trkpt>
      <trkpt lat="47.43875" lon="-121.39427">
        <ele>1287.65</ele>
      </trkpt>
      <trkpt lat="47.43897" lon="-121.3943">
        <ele>1286.29</ele>
      </trkpt>
      <trkpt lat="47.43917" lon="-121.39436">
        <ele>1283.86</ele>
      </trkpt>
      <trkpt lat="47.43936" lon="-121.39437">
        <ele>1284.34</ele>
      </trkpt>
      <trkpt lat="47.43952" lon="-121.39446">
        <ele>1280.68</ele>
      </trkpt>
      <trkpt lat="47.4396" lon="-121.39453">
        <ele>1276.92</ele>
      </trkpt>
      <trkpt lat="47.43972" lon="-121.3946">
        <ele>1272.32</ele>
      </trkpt>
      <trkpt lat="47.43983" lon="-121.39458">
        <ele>1270.89</ele>
      </trkpt>
      <trkpt lat="47.4408" lon="-121.39426">
        <ele>1260.41</ele>
      </trkpt>
      <trkpt lat="47.44115" lon="-121.39409">
        <ele>1254.15</ele>
      </trkpt>
      <trkpt lat="47.44149" lon="-121.39405">
        <ele>1243.41</ele>
      </trkpt>
      <trkpt lat="47.44161" lon="-121.39394">
        <ele>1242.01</ele>
      </trkpt>
      <trkpt lat="47.44193" lon="-121.39381">
        <ele>1233.3</ele>
      </trkpt>
      <trkpt lat="47.4421" lon="-121.39376">
        <ele>1229.55</ele>
      </trkpt>
      <trkpt lat="47.44234" lon="-121.39365">
        <ele>1223.76</ele>
      </trkpt>
      <trkpt lat="47.44273" lon="-121.39358">
        <ele>1218.83</ele>
      </trkpt>
      <trkpt lat="47.44293" lon="-121.39357">
        <ele>1219.98</ele>
      </trkpt>
      <trkpt lat="47.44305" lon="-121.39352">
        <ele>1221.95</ele>
      </trkpt>
      <trkpt lat="47.44317" lon="-121.39355">
        <ele>1220.98</ele>
      </trkpt>
      <trkpt lat="47.44328" lon="-121.39346">
        <ele>1223.05</ele>
      </trkpt>
      <trkpt lat="47.44339" lon="-121.39341">
        <ele>1222.8</ele>
      </trkpt>
      <trkpt lat="47.44358" lon="-121.39328">
        <ele>1223.02</ele>
      </trkpt>
      <trkpt lat="47.4437" lon="-121.39323">
        <ele>1220.36</ele>
      </trkpt>
      <trkpt lat="47.4438" lon="-121.39317">
        <ele>1218.45</ele>
      </trkpt>
      <trkpt lat="47.44384" lon="-121.39318">
        <ele>1217.37</ele>
      </trkpt>
      <trkpt lat="47.44387" lon="-121.3932">
        <ele>1216.29</ele>
      </trkpt>
      <trkpt lat="47.4439" lon="-121.39322">
        <ele>1215.09</ele>
      </trkpt>
      <trkpt lat="47.44402" lon="-121.3932">
        <ele>1211.86</ele>
      </trkpt>
      <trkpt lat="47.44405" lon="-121.39321">
        <ele>1210.94</ele>
      </trkpt>
      <trkpt lat="47.44404" lon="-121.39325">
        <ele>1210.57</ele>
      </trkpt>
      <trkpt lat="47.44393" lon="-121.3933">
        <ele>1212.67</ele>
      </trkpt>
      <trkpt lat="47.4438" lon="-121.3933">
        <ele>1215.64</ele>
      </trkpt>
      <trkpt lat="47.44374" lon="-121.39334">
        <ele>1216.68</ele>
      </trkpt>
      <trkpt lat="47.44354" lon="-121.39369">
        <ele>1212.18</ele>
      </trkpt>
      <trkpt lat="47.44346" lon="-121.39374">
        <ele>1212.23</ele>
      </trkpt>
      <trkpt lat="47.44338" lon="-121.39391">
        <ele>1208.43</ele>
      </trkpt>
      <trkpt lat="47.44332" lon="-121.39408">
        <ele>1205.02</ele>
      </trkpt>
      <trkpt lat="47.44311" lon="-121.3943">
        <ele>1201.53</ele>
      </trkpt>
      <trkpt lat="47.44264" lon="-121.39462">
        <ele>1200.13</ele>
      </trkpt>
      <trkpt lat="47.44231" lon="-121.39487">
        <ele>1201.89</ele>
      </trkpt>
      <trkpt lat="47.44214" lon="-121.39493">
        <ele>1203.4</ele>
      </trkpt>
      <trkpt lat="47.44188" lon="-121.39512">
        <ele>1203.89</ele>
      </trkpt>
      <trkpt lat="47.44173" lon="-121.39527">
        <ele>1202.51</ele>
      </trkpt>
      <trkpt lat="47.44162" lon="-121.39545">
        <ele>1199.35</ele>
      </trkpt>
      <trkpt lat="47.44131" lon="-121.39572">
        <ele>1193.52</ele>
      </trkpt>
      <trkpt lat="47.44077" lon="-121.39629">
        <ele>1183.25</ele>
      </trkpt>
      <trkpt lat="47.44052" lon="-121.39645">
        <ele>1179.4</ele>
      </trkpt>
      <trkpt lat="47.44027" lon="-121.39667">
        <ele>1173.98</ele>
      </trkpt>
      <trkpt lat="47.44011" lon="-121.39683">
        <ele>1170.52</ele>
      </trkpt>
      <trkpt lat="47.4399" lon="-121.39702">
        <ele>1165.63</ele>
      </trkpt>
      <trkpt lat="47.4396" lon="-121.39724">
        <ele>1160.42</ele>
      </trkpt>
      <trkpt lat="47.44011" lon="-121.39727">
        <ele>1158.36</ele>
      </trkpt>
      <trkpt lat="47.44021" lon="-121.39729">
        <ele>1157.34</ele>
      </trkpt>
      <trkpt lat="47.44026" lon="-121.39733">
        <ele>1155.83</ele>
      </trkpt>
      <trkpt lat="47.4401" lon="-121.39739">
        <ele>1154.56</ele>
      </trkpt>
      <trkpt lat="47.43999" lon="-121.39741">
        <ele>1153.94</ele>
      </trkpt>
      <trkpt lat="47.43978" lon="-121.39756">
        <ele>1149.68</ele>
      </trkpt>
      <trkpt lat="47.43965" lon="-121.39771">
        <ele>1144.63</ele>
      </trkpt>
      <trkpt lat="47.43967" lon="-121.39774">
        <ele>1143.99</ele>
      </trkpt>
      <trkpt lat="47.43976" lon="-121.39774">
        <ele>1144.47</ele>
      </trkpt>
      <trkpt lat="47.4398" lon="-121.39775">
        <ele>1144.49</ele>
      </trkpt>
      <trkpt lat="47.43979" lon="-121.39779">
        <ele>1143.47</ele>
      </trkpt>
      <trkpt lat="47.43962" lon="-121.39798">
        <ele>1136.63</ele>
      </trkpt>
      <trkpt lat="47.43963" lon="-121.39805">
        <ele>1135.12</ele>
      </trkpt>
      <trkpt lat="47.43969" lon="-121.39812">
        <ele>1134.26</ele>
      </trkpt>
      <trkpt lat="47.43985" lon="-121.39812">
        <ele>1135.99</ele>
      </trkpt>
      <trkpt lat="47.4399" lon="-121.39816">
        <ele>1135.79</ele>
      </trkpt>
      <trkpt lat="47.43994" lon="-121.3983">
        <ele>1133.72</ele>
      </trkpt>
      <trkpt lat="47.43992" lon="-121.39843">
        <ele>1131.09</ele>
      </trkpt>
      <trkpt lat="47.43985" lon="-121.39862">
        <ele>1128.19</ele>
      </trkpt>
      <trkpt lat="47.43981" lon="-121.39865">
        <ele>1127.11</ele>
      </trkpt>
      <trkpt lat="47.43977" lon="-121.39863">
        <ele>1127.11</ele>
      </trkpt>
      <trkpt lat="47.43972" lon="-121.39857">
        <ele>1127.43</ele>
      </trkpt>
      <trkpt lat="47.43966" lon="-121.39854">
        <ele>1127.61</ele>
      </trkpt>
      <trkpt lat="47.43959" lon="-121.39858">
        <ele>1126.67</ele>
      </trkpt>
      <trkpt lat="47.43955" lon="-121.39864">
        <ele>1125.38</ele>
      </trkpt>
      <trkpt lat="47.43958" lon="-121.39874">
        <ele>1123.22</ele>
      </trkpt>
      <trkpt lat="47.43956" lon="-121.39882">
        <ele>1121.49</ele>
      </trkpt>
      <trkpt lat="47.4394" lon="-121.39907">
        <ele>1115.63</ele>
      </trkpt>
      <trkpt lat="47.43931" lon="-121.39917">
        <ele>1112.02</ele>
      </trkpt>
      <trkpt lat="47.43917" lon="-121.39945">
        <ele>1104.98</ele>
      </trkpt>
      <trkpt lat="47.43911" lon="-121.39951">
        <ele>1103.25</ele>
      </trkpt>
      <trkpt lat="47.43888" lon="-121.39962">
        <ele>1099.2</ele>
      </trkpt>
      <trkpt lat="47.43884" lon="-121.39975">
        <ele>1097.84</ele>
      </trkpt>
      <trkpt lat="47.43883" lon="-121.39978">
        <ele>1097.6</ele>
      </trkpt>
      <trkpt lat="47.43872" lon="-121.3998">
        <ele>1097.03</ele>
      </trkpt>
      <trkpt lat="47.43862" lon="-121.39989">
        <ele>1096.83</ele>
      </trkpt>
      <trkpt lat="47.43854" lon="-121.40004">
        <ele>1096.56</ele>
      </trkpt>
      <trkpt lat="47.43848" lon="-121.40026">
        <ele>1097.47</ele>
      </trkpt>
      <trkpt lat="47.43837" lon="-121.40043">
        <ele>1098.04</ele>
      </trkpt>
      <trkpt lat="47.4383" lon="-121.40048">
        <ele>1097.76</ele>
      </trkpt>
      <trkpt lat="47.43814" lon="-121.40055">
        <ele>1095.91</ele>
      </trkpt>
      <trkpt lat="47.43794" lon="-121.40067">
        <ele>1093.93</ele>
      </trkpt>
      <trkpt lat="47.43787" lon="-121.40081">
        <ele>1093.74</ele>
      </trkpt>
      <trkpt lat="47.43787" lon="-121.40097">
        <ele>1093.99</ele>
      </trkpt>
      <trkpt lat="47.4379" lon="-121.40108">
        <ele>1094.53</ele>
      </trkpt>
      <trkpt lat="47.43787" lon="-121.40121">
        <ele>1094.0</ele>
      </trkpt>
      <trkpt lat="47.43782" lon="-121.40126">
        <ele>1093.46</ele>
      </trkpt>
      <trkpt lat="47.43759" lon="-121.40138">
        <ele>1089.97</ele>
      </trkpt>
      <trkpt lat="47.43749" lon="-121.40148">
        <ele>1088.89</ele>
      </trkpt>
      <trkpt lat="47.43737" lon="-121.40166">
        <ele>1087.6</ele>
      </trkpt>
      <trkpt lat="47.43711" lon="-121.40193">
        <ele>1085.79</ele>
      </trkpt>
      <trkpt lat="47.43697" lon="-121.4021">
        <ele>1084.28</ele>
      </trkpt>
      <trkpt lat="47.43686" lon="-121.40236">
        <ele>1083.0</ele>
      </trkpt>
      <trkpt lat="47.4367" lon="-121.40297">
        <ele>1080.64</ele>
      </trkpt>
      <trkpt lat="47.43672" lon="-121.40318">
        <ele>1079.8</ele>
      </trkpt>
      <trkpt lat="47.43668" lon="-121.40361">
        <ele>1078.0</ele>
      </trkpt>
      <trkpt lat="47.43677" lon="-121.4037">
        <ele>1078.12</ele>
      </trkpt>
      <trkpt lat="47.43677" lon="-121.40385">
        <ele>1077.49</ele>
      </trkpt>
      <trkpt lat="47.43667" lon="-121.40395">
        <ele>1077.0</ele>
      </trkpt>
      <trkpt lat="47.43662" lon="-121.40414">
        <ele>1076.14</ele>
      </trkpt>
      <trkpt lat="47.43657" lon="-121.40429">
        <ele>1075.96</ele>
      </trkpt>
      <trkpt lat="47.43654" lon="-121.40448">
        <ele>1075.0</ele>
      </trkpt>
      <trkpt lat="47.43647" lon="-121.40465">
        <ele>1074.88</ele>
      </trkpt>
      <trkpt lat="47.43643" lon="-121.40481">
        <ele>1073.5</ele>
      </trkpt>
      <trkpt lat="47.43635" lon="-121.40493">
        <ele>1070.92</ele>
      </trkpt>
      <trkpt lat="47.43629" lon="-121.40505">
        <ele>1068.39</ele>
      </trkpt>
      <trkpt lat="47.43626" lon="-121.40518">
        <ele>1066.66</ele>
      </trkpt>
      <trkpt lat="47.43624" lon="-121.40534">
        <ele>1064.72</ele>
      </trkpt>
      <trkpt lat="47.43624" lon="-121.40552">
        <ele>1063.78</ele>
      </trkpt>
      <trkpt lat="47.43626" lon="-121.4058">
        <ele>1061.97</ele>
      </trkpt>
      <trkpt lat="47.43626" lon="-121.40596">
        <ele>1060.02</ele>
      </trkpt>
      <trkpt lat="47.43612" lon="-121.40627">
        <ele>1054.38</ele>
      </trkpt>
      <trkpt lat="47.43605" lon="-121.40645">
        <ele>1052.68</ele>
      </trkpt>
      <trkpt lat="47.43603" lon="-121.40663">
        <ele>1051.4</ele>
      </trkpt>
      <trkpt lat="47.43602" lon="-121.40681">
        <ele>1050.45</ele>
      </trkpt>
      <trkpt lat="47.43599" lon="-121.40697">
        <ele>1048.33</ele>
      </trkpt>
      <trkpt lat="47.43599" lon="-121.40708">
        <ele>1046.46</ele>
      </trkpt>
      <trkpt lat="47.43596" lon="-121.40714">
        <ele>1044.58</ele>
      </trkpt>
      <trkpt lat="47.436" lon="-121.40722">
        <ele>1043.84</ele>
      </trkpt>
      <trkpt lat="47.43604" lon="-121.40741">
        <ele>1041.97</ele>
      </trkpt>
      <trkpt lat="47.43604" lon="-121.40763">
        <ele>1039.69</ele>
      </trkpt>
      <trkpt lat="47.43603" lon="-121.40791">
        <ele>1037.63</ele>
      </trkpt>
      <trkpt lat="47.4359" lon="-121.4081">
        <ele>1034.24</ele>
      </trkpt>
      <trkpt lat="47.43584" lon="-121.40822">
        <ele>1031.52</ele>
      </trkpt>
      <trkpt lat="47.43579" lon="-121.40847">
        <ele>1028.53</ele>
      </trkpt>
      <trkpt lat="47.43577" lon="-121.40866">
        <ele>1027.15</ele>
      </trkpt>
      <trkpt lat="47.4357" lon="-121.4088">
        <ele>1026.96</ele>
      </trkpt>
      <trkpt lat="47.43562" lon="-121.40898">
        <ele>1025.02</ele>
      </trkpt>
      <trkpt lat="47.43556" lon="-121.40914">
        <ele>1020.62</ele>
      </trkpt>
      <trkpt lat="47.43553" lon="-121.40936">
        <ele>1017.42</ele>
      </trkpt>
      <trkpt lat="47.43546" lon="-121.40943">
        <ele>1015.12</ele>
      </trkpt>
      <trkpt lat="47.43542" lon="-121.40954">
        <ele>1014.06</ele>
      </trkpt>
      <trkpt lat="47.43534" lon="-121.40966">
        <ele>1011.46</ele>
      </trkpt>
      <trkpt lat="47.43529" lon="-121.40978">
        <ele>1009.53</ele>
      </trkpt>
      <trkpt lat="47.43531" lon="-121.41006">
        <ele>1012.47</ele>
      </trkpt>
      <trkpt lat="47.43527" lon="-121.4102">
        <ele>1011.74</ele>
      </trkpt>
      <trkpt lat="47.43518" lon="-121.41031">
        <ele>1008.07</ele>
      </trkpt>
      <trkpt lat="47.43513" lon="-121.4104">
        <ele>1006.34</ele>
      </trkpt>
      <trkpt lat="47.43504" lon="-121.4105">
        <ele>1003.13</ele>
      </trkpt>
      <trkpt lat="47.43497" lon="-121.41065">
        <ele>1001.72</ele>
      </trkpt>
      <trkpt lat="47.43494" lon="-121.41081">
        <ele>1002.16</ele>
      </trkpt>
      <trkpt lat="47.43493" lon="-121.41094">
        <ele>1002.98</ele>
      </trkpt>
      <trkpt lat="47.43487" lon="-121.41109">
        <ele>1001.25</ele>
      </trkpt>
      <trkpt lat="47.43482" lon="-121.41115">
        <ele>999.22</ele>
      </trkpt>
      <trkpt lat="47.43471" lon="-121.41133">
        <ele>995.97</ele>
      </trkpt>
      <trkpt lat="47.43455" lon="-121.41167">
        <ele>993.63</ele>
      </trkpt>
      <trkpt lat="47.43447" lon="-121.4118">
        <ele>991.1</ele>
      </trkpt>
      <trkpt lat="47.4344" lon="-121.4121">
        <ele>993.31</ele>
      </trkpt>
      <trkpt lat="47.43442" lon="-121.41229">
        <ele>998.14</ele>
      </trkpt>
      <trkpt lat="47.43419" lon="-121.41239">
        <ele>988.49</ele>
      </trkpt>
      <trkpt lat="47.43398" lon="-121.41254">
        <ele>982.24</ele>
      </trkpt>
      <trkpt lat="47.43387" lon="-121.41269">
        <ele>980.64</ele>
      </trkpt>
      <trkpt lat="47.43375" lon="-121.41287">
        <ele>979.0</ele>
      </trkpt>
      <trkpt lat="47.43335" lon="-121.41335">
        <ele>963.0</ele>
      </trkpt>
      <trkpt lat="47.43328" lon="-121.41339">
        <ele>961.81</ele>
      </trkpt>
      <trkpt lat="47.43316" lon="-121.41336">
        <ele>959.97</ele>
      </trkpt>
      <trkpt lat="47.43308" lon="-121.41344">
        <ele>957.53</ele>
      </trkpt>
      <trkpt lat="47.43296" lon="-121.41366">
        <ele>955.46</ele>
      </trkpt>
      <trkpt lat="47.43229" lon="-121.41431">
        <ele>935.06</ele>
      </trkpt>
      <trkpt lat="47.43114" lon="-121.4156">
        <ele>917.0</ele>
      </trkpt>
      <trkpt lat="47.43104" lon="-121.41586">
        <ele>914.36</ele>
      </trkpt>
      <trkpt lat="47.4311" lon="-121.41646">
        <ele>901.23</ele>
      </trkpt>
      <trkpt lat="47.43107" lon="-121.41672">
        <ele>899.0</ele>
      </trkpt>
      <trkpt lat="47.43107" lon="-121.41693">
        <ele>897.16</ele>
      </trkpt>
      <trkpt lat="47.43111" lon="-121.41705">
        <ele>896.0</ele>
      </trkpt>
      <trkpt lat="47.43122" lon="-121.41728">
        <ele>895.07</ele>
      </trkpt>
      <trkpt lat="47.43127" lon="-121.41744">
        <ele>894.46</ele>
      </trkpt>
      <trkpt lat="47.43128" lon="-121.41752">
        <ele>893.96</ele>
      </trkpt>
      <trkpt lat="47.43141" lon="-121.41758">
        <ele>894.0</ele>
      </trkpt>
      <trkpt lat="47.43169" lon="-121.41762">
        <ele>893.78</ele>
      </trkpt>
      <trkpt lat="47.43288" lon="-121.41753">
        <ele>896.68</ele>
      </trkpt>
      <trkpt lat="47.43376" lon="-121.41741">
        <ele>898.97</ele>
      </trkpt>
      <trkpt lat="47.43393" lon="-121.41741">
        <ele>899.97</ele>
      </trkpt>
      <trkpt lat="47.43408" lon="-121.41744">
        <ele>899.65</ele>
      </trkpt>
      <trkpt lat="47.43409" lon="-121.41758">
        <ele>898.14</ele>
      </trkpt>
      <trkpt lat="47.43411" lon="-121.41763">
        <ele>897.6</ele>
      </trkpt>
      <trkpt lat="47.43425" lon="-121.41769">
        <ele>896.05</ele>
      </trkpt>
      <trkpt lat="47.43431" lon="-121.41773">
        <ele>895.52</ele>
      </trkpt>
      <trkpt lat="47.43438" lon="-121.41783">
        <ele>894.44</ele>
      </trkpt>
      <trkpt lat="47.43441" lon="-121.41784">
        <ele>894.33</ele>
      </trkpt>
      <trkpt lat="47.43452" lon="-121.41779">
        <ele>894.16</ele>
      </trkpt>
      <trkpt lat="47.4346" lon="-121.4179">
        <ele>893.22</ele>
      </trkpt>
      <trkpt lat="47.43488" lon="-121.41832">
        <ele>893.96</ele>
      </trkpt>
      <trkpt lat="47.43496" lon="-121.41837">
        <ele>894.74</ele>
      </trkpt>
      <trkpt lat="47.43514" lon="-121.41846">
        <ele>896.69</ele>
      </trkpt>
      <trkpt lat="47.43522" lon="-121.41848">
        <ele>897.0</ele>
      </trkpt>
      <trkpt lat="47.43605" lon="-121.41863">
        <ele>899.0</ele>
      </trkpt>
      <trkpt lat="47.43705" lon="-121.41878">
        <ele>902.12</ele>
      </trkpt>
      <trkpt lat="47.43766" lon="-121.41882">
        <ele>903.07</ele>
      </trkpt>
      <trkpt lat="47.43784" lon="-121.41886">
        <ele>903.0</ele>
      </trkpt>
      <trkpt lat="47.43798" lon="-121.41893">
        <ele>903.0</ele>
      </trkpt>
      <trkpt lat="47.43842" lon="-121.41929">
        <ele>905.6</ele>
      </trkpt>
      <trkpt lat="47.4388" lon="-121.41951">
        <ele>910.67</ele>
      </trkpt>
      <trkpt lat="47.43894" lon="-121.41961">
        <ele>910.79</ele>
      </trkpt>
      <trkpt lat="47.43913" lon="-121.41978">
        <ele>911.62</ele>
      </trkpt>
      <trkpt lat="47.43944" lon="-121.42009">
        <ele>913.05</ele>
      </trkpt>
      <trkpt lat="47.43976" lon="-121.42039">
        <ele>913.68</ele>
      </trkpt>
      <trkpt lat="47.4402" lon="-121.42069">
        <ele>914.38</ele>
      </trkpt>
      <trkpt lat="47.44036" lon="-121.42081">
        <ele>914.75</ele>
      </trkpt>
      <trkpt lat="47.44049" lon="-121.42096">
        <ele>915.0</ele>
      </trkpt>
      <trkpt lat="47.44072" lon="-121.42125">
        <ele>917.28</ele>
      </trkpt>
      <trkpt lat="47.44128" lon="-121.42193">
        <ele>925.02</ele>
      </trkpt>
      <trkpt lat="47.44174" lon="-121.42245">
        <ele>931.46</ele>
      </trkpt>
      <trkpt lat="47.442" lon="-121.42274">
        <ele>933.59</ele>
      </trkpt>
      <trkpt lat="47.44221" lon="-121.42295">
        <ele>935.86</ele>
      </trkpt>
      <trkpt lat="47.44236" lon="-121.42306">
        <ele>937.05</ele>
      </trkpt>
      <trkpt lat="47.4425" lon="-121.42313">
        <ele>936.8</ele>
      </trkpt>
      <trkpt lat="47.44263" lon="-121.42319">
        <ele>937.45</ele>
      </trkpt>
      <trkpt lat="47.44276" lon="-121.42321">
        <ele>937.67</ele>
      </trkpt>
      <trkpt lat="47.44291" lon="-121.42319">
        <ele>936.77</ele>
      </trkpt>
      <trkpt lat="47.44358" lon="-121.42299">
        <ele>937.9</ele>
      </trkpt>
      <trkpt lat="47.44386" lon="-121.42284">
        <ele>942.38</ele>
      </trkpt>
      <trkpt lat="47.44402" lon="-121.42281">
        <ele>944.69</ele>
      </trkpt>
      <trkpt lat="47.44413" lon="-121.42281">
        <ele>946.26</ele>
      </trkpt>
      <trkpt lat="47.4443" lon="-121.42285">
        <ele>948.1</ele>
      </trkpt>
      <trkpt lat="47.44453" lon="-121.42297">
        <ele>949.85</ele>
      </trkpt>
      <trkpt lat="47.44476" lon="-121.42314">
        <ele>951.41</ele>
      </trkpt>
      <trkpt lat="47.44501" lon="-121.42333">
        <ele>954.11</ele>
      </trkpt>
      <trkpt lat="47.44517" lon="-121.42341">
        <ele>955.14</ele>
      </trkpt>
    </trkseg>
  </trk>
</gpx>
